UNITID,INSTNM,pp_no_irs,ls_no_irs,st_no_irs,dv_no_irs
100654,Alabama A & M University,13,4,10,17
100663,University of Alabama at Birmingham,3,10,1,23
100706,University of Alabama in Huntsville,10,3,6,20
100724,Alabama State University,4,19,10,18
100751,The University of Alabama,10,8,4,21
100760,Central Alabama Community College,13,9,14,4
100812,Athens State University,13,28,20,16
100830,Auburn University at Montgomery,10,9,0,14
100858,Auburn University,0,7,2,22
100937,Birmingham-Southern College,0,16,12,2
101028,Chattahoochee Valley Community College,11,10,20,5
101143,Enterprise State Community College,11,8,16,3
101161,Coastal Alabama Community College,14,10,13,6
101189,Faulkner University,13,15,12,15
101240,Gadsden State Community College,12,9,20,5
101295,George C Wallace State Community College-Hanceville,14,10,17,0
101301,George C Wallace State Community College-Selma,15,10,20,5
101365,Herzing University-Birmingham,15,10,20,1
101435,Huntingdon College,4,18,13,7
101462,J. F. Drake State Community and Technical College,4,2,20,7
101480,Jacksonville State University,17,18,11,17
101505,Jefferson State Community College,13,10,14,5
101514,John C Calhoun State Community College,13,10,7,6
101569,Lawson State Community College,15,9,15,4
101587,University of West Alabama,17,18,15,13
101602,Lurleen B Wallace Community College,15,10,20,5
101648,Marion Military Institute,3,9,11,5
101675,Miles College,9,6,11,5
101693,University of Mobile,4,20,20,10
101709,University of Montevallo,2,23,15,17
101736,Northwest Shoals Community College,23,8,20,5
101879,University of North Alabama,2,12,11,20
101897,Northeast Alabama Community College,10,9,20,0
101912,Oakwood University,22,18,15,21
101994,Reid State Technical College,15,10,20,4
102030,Bishop State Community College,15,10,20,4
102049,Samford University,1,20,20,16
102067,Shelton State Community College,6,9,14,6
102076,Snead State Community College,14,7,20,1
102094,University of South Alabama,9,9,10,11
102234,Spring Hill College,14,10,10,6
102270,Stillman College,0,16,10,8
102298,Talladega College,9,1,14,8
102313,H Councill Trenholm State Community College,15,6,20,6
102368,Troy University,0,10,16,6
102377,Tuskegee University,14,7,13,23
102429,Bevill State Community College,15,9,20,4
102553,University of Alaska Anchorage,7,17,10,13
102614,University of Alaska Fairbanks,5,15,0,13
102632,University of Alaska Southeast,12,20,12,1
102669,Alaska Pacific University,15,16,20,9
104151,Arizona State University Campus Immersion,10,12,7,24
104179,University of Arizona,0,8,3,22
104346,Central Arizona College,19,9,15,14
104577,Eastern Arizona College,6,8,7,10
104586,Embry-Riddle Aeronautical University-Prescott,0,3,16,13
104708,Glendale Community College,23,9,20,10
105145,GateWay Community College,16,10,17,10
105154,Mesa Community College,18,9,18,9
105297,Dine College,21,3,10,6
105330,Northern Arizona University,11,18,1,20
105428,Phoenix College,4,9,20,10
105589,Prescott College,14,10,14,5
105668,Rio Salado College,15,10,20,8
105747,Scottsdale Community College,6,8,17,7
105792,South Mountain Community College,14,10,20,10
105899,Arizona Christian University,0,4,10,4
106245,University of Arkansas at Little Rock,0,8,15,19
106263,University of Arkansas for Medical Sciences,0,14,0,16
106342,Lyon College,5,7,12,4
106397,University of Arkansas,10,6,14,21
106412,University of Arkansas at Pine Bluff,15,5,1,19
106449,Arkansas State University-Beebe,2,10,20,0
106458,Arkansas State University,12,18,12,20
106467,Arkansas Tech University,2,11,12,13
106485,University of Arkansas at Monticello,1,10,11,5
106704,University of Central Arkansas,1,14,10,17
106713,Central Baptist College,15,19,20,9
106980,National Park College,14,11,15,2
107044,Harding University,3,4,6,3
107071,Henderson State University,12,14,0,18
107080,Hendrix College,10,24,0,12
107141,John Brown University,5,6,11,3
107327,Arkansas Northeastern College,25,11,20,4
107460,North Arkansas College,15,20,20,0
107512,Ouachita Baptist University,4,13,10,6
107521,Arkansas State University Three Rivers,15,10,20,3
107558,University of the Ozarks,10,14,1,12
107600,Philander Smith University,14,3,13,7
107637,Southeast Arkansas College,6,7,14,8
107877,Williams Baptist University,14,23,20,0
107974,South Arkansas College,9,28,20,8
107983,Southern Arkansas University Main Campus,1,17,3,12
108092,University of Arkansas-Fort Smith,22,14,4,16
108667,College of Alameda,12,5,20,10
108807,Allan Hancock College,17,10,20,8
108870,American Film Institute Conservatory,15,2,20,5
109208,American River College,14,10,18,10
109350,Antelope Valley Community College District,19,6,17,10
109651,Art Center College of Design,15,7,20,17
109785,Azusa Pacific University,9,14,3,20
109819,Bakersfield College,11,7,9,9
109907,Barstow Community College,12,22,20,19
110060,Bethesda University,14,1,20,5
110097,Biola University,3,7,16,23
110246,Butte College,25,9,9,7
110316,California Institute of Integral Studies,14,20,20,14
110334,Cabrillo College,11,9,7,6
110361,California Baptist University,5,16,6,24
110370,California College of the Arts,15,27,20,23
110398,University of California College of the Law-San Francisco,2,23,20,18
110404,California Institute of Technology,1,2,10,10
110413,California Lutheran University,4,20,15,24
110422,California Polytechnic State University-San Luis Obispo,13,7,11,19
110486,California State University-Bakersfield,15,14,20,24
110495,California State University-Stanislaus,15,14,2,24
110510,California State University-San Bernardino,14,21,9,25
110529,California State Polytechnic University-Pomona,16,12,15,25
110538,California State University-Chico,14,19,8,22
110547,California State University-Dominguez Hills,14,25,17,25
110556,California State University-Fresno,13,17,16,25
110565,California State University-Fullerton,13,21,15,25
110574,California State University-East Bay,3,22,16,25
110583,California State University-Long Beach,17,23,9,25
110592,California State University-Los Angeles,19,24,7,25
110608,California State University-Northridge,17,22,8,25
110617,California State University-Sacramento,15,23,13,25
110635,University of California-Berkeley,11,10,2,25
110644,University of California-Davis,11,15,3,24
110653,University of California-Irvine,11,14,2,24
110662,University of California-Los Angeles,10,13,4,25
110671,University of California-Riverside,11,9,5,25
110680,University of California-San Diego,10,10,3,24
110699,University of California-San Francisco,11,20,10,23
110705,University of California-Santa Barbara,11,13,1,23
110714,University of California-Santa Cruz,11,17,2,24
111188,California State University Maritime Academy,10,4,1,19
111391,California Western School of Law,15,28,20,22
111434,Canada College,10,10,20,10
111461,College of the Canyons,22,10,20,9
111638,Casa Loma College-Los Angeles,0,1,20,12
111887,Cerritos College,22,27,20,25
111896,Cerro Coso Community College,21,6,20,7
111920,Chabot College,18,7,18,10
111939,Chaffey College,22,10,10,10
111948,Chapman University,0,12,5,19
111966,Charles R Drew University of Medicine and Science,15,10,3,13
112075,Concordia University-Irvine,11,10,13,11
112172,Citrus College,7,10,20,10
112190,City College of San Francisco,20,10,8,10
112251,Claremont Graduate University,0,17,16,22
112260,Claremont McKenna College,0,5,11,20
112385,Coastline Community College,14,10,15,9
112525,Western University of Health Sciences,12,17,20,17
112561,Columbia College,12,10,1,5
112686,Compton College,25,10,17,10
112826,Contra Costa College,25,10,17,10
113096,Cosumnes River College,19,8,20,10
113111,Crafton Hills College,19,8,20,10
113193,Cuesta College,23,7,18,5
113218,Cuyamaca College,17,10,20,8
113236,Cypress College,14,9,17,10
113333,De Anza College,24,10,9,9
113573,College of the Desert,18,26,20,19
113634,Diablo Valley College,25,9,20,10
113698,Dominican University of California,4,27,14,17
113856,East Los Angeles College,18,10,18,10
113980,El Camino Community College District,14,9,15,10
114266,Evergreen Valley College,0,10,8,10
114433,Feather River Community College District,11,2,20,2
114716,Foothill College,14,10,17,10
114789,Fresno City College,16,7,17,10
114813,Fresno Pacific University,14,11,20,16
114840,Fuller Theological Seminary,6,4,14,21
114859,Fullerton College,21,8,18,10
114938,Gavilan College,13,9,20,7
115083,Golden Gate University,15,22,20,24
115126,Golden West College,23,10,20,9
115296,Grossmont College,22,10,18,10
115393,Hartnell College,25,9,20,8
115409,Harvey Mudd College,11,14,20,20
115755,California State Polytechnic University-Humboldt,16,23,15,23
115773,Humphreys University-Stockton and Modesto Campuses,12,18,20,5
115861,Imperial Valley College,25,6,11,7
116439,Irvine Valley College,11,7,18,9
116846,American Jewish University,11,2,10,2
117052,Reedley College,23,6,17,7
117104,Life Pacific University,6,0,12,5
117140,University of La Verne,4,17,17,23
117168,Laguna College of Art and Design,14,2,20,5
117195,Lake Tahoe Community College,16,10,20,6
117247,Laney College,22,7,18,10
117274,Lassen Community College,25,9,20,2
117520,Life Chiropractic College West,6,8,20,13
117627,La Sierra University,2,3,12,18
117636,Loma Linda University,1,22,11,23
117645,Long Beach City College,25,9,9,10
117672,Southern California University of Health Sciences,14,16,20,10
117690,Los Angeles Harbor College,24,9,11,10
117706,Los Angeles Pierce College,25,10,9,10
117715,Los Angeles Southwest College,13,10,20,10
117724,Los Angeles Trade Technical College,19,6,11,10
117733,Los Angeles Valley College,16,8,20,10
117751,The Master's University and Seminary,0,2,16,4
117788,Los Angeles City College,17,9,8,10
117867,Los Angeles Mission College,10,9,20,10
117894,Los Medanos College,17,8,20,10
117946,Loyola Marymount University,13,22,5,25
118347,College of Marin,24,10,17,9
118684,Mendocino College,18,8,20,4
118693,Menlo College,8,11,3,15
118718,Merced College,23,9,18,9
118772,Merritt College,14,9,17,10
118912,MiraCosta College,16,8,17,10
118930,Mission College,25,10,20,8
118976,Modesto Junior College,4,10,18,9
119058,Middlebury Institute of International Studies at Monterey,2,15,20,14
119067,Monterey Peninsula College,13,8,20,10
119137,Moorpark College,23,9,20,7
119164,Mt San Antonio College,23,9,9,10
119173,Mount Saint Mary's University,14,30,15,24
119216,Mt San Jacinto Community College District,23,9,18,10
119331,Napa Valley College,2,10,17,10
119605,National University,3,18,20,20
120184,Notre Dame de Namur University,13,16,20,15
120254,Occidental College,17,22,0,24
120290,Ohlone College,0,9,17,10
120342,Orange Coast College,19,8,1,8
120403,Otis College of Art and Design,9,17,20,15
120421,Oxnard College,19,8,17,9
120537,Hope International University,4,17,20,9
120698,Palo Alto University,15,29,20,22
120865,Pacific Union College,22,16,4,6
120883,University of the Pacific,5,13,12,23
120953,Palo Verde College,4,5,20,6
120971,Palomar College,24,8,20,9
121044,Pasadena City College,23,10,7,10
121150,Pepperdine University,0,12,16,25
121257,Pitzer College,8,27,11,22
121309,Point Loma Nazarene University,6,16,20,23
121345,Pomona College,1,16,11,25
121363,Porterville College,23,9,16,8
121619,Santa Ana College,23,10,17,9
121691,University of Redlands,5,18,1,25
121707,College of the Redwoods,10,9,16,5
121886,Rio Hondo College,18,8,20,9
121901,Riverside City College,24,9,9,10
122180,Sacramento City College,19,9,17,10
122205,Saddleback College,21,10,18,9
122296,Samuel Merritt University,0,19,20,16
122339,San Diego City College,25,10,17,10
122375,San Diego Mesa College,25,2,9,7
122384,San Diego Miramar College,25,4,9,5
122409,San Diego State University,13,15,7,25
122436,University of San Diego,12,17,12,24
122597,San Francisco State University,21,27,3,25
122612,University of San Francisco,5,26,14,25
122658,San Joaquin Delta College,23,10,20,10
122728,William Jessup University,15,8,13,4
122746,San Jose City College,7,10,20,10
122755,San Jose State University,19,26,4,24
122791,College of San Mateo,20,10,17,9
122889,Santa Barbara City College,21,9,6,9
122931,Santa Clara University,13,14,15,21
122977,Santa Monica College,13,9,12,10
123013,Santa Rosa Junior College,22,10,16,9
123165,Scripps College,14,26,11,24
123217,College of the Sequoias,11,9,17,6
123299,Shasta College,10,3,15,6
123341,Sierra College,25,10,11,7
123448,Trinity Law School,15,20,20,0
123457,Simpson University,13,1,12,3
123484,College of the Siskiyous,25,7,20,4
123509,Skyline College,25,10,17,9
123527,San Bernardino Valley College,24,8,17,10
123554,Saint Mary's College of California,8,29,14,24
123563,Solano Community College,22,10,20,10
123572,Sonoma State University,16,22,3,21
123651,Vanguard University of Southern California,15,22,14,11
123800,Southwestern College,22,19,6,20
123943,Marshall B Ketchum University,3,22,13,10
123961,University of Southern California,10,9,3,24
123970,Southwestern Law School,5,20,20,22
124113,Taft College,20,21,17,17
125028,Ventura College,19,9,18,7
125091,Victor Valley College,9,3,17,10
125170,Berkeley City College,1,4,20,10
125462,Coalinga College,11,2,20,3
125471,West Los Angeles College,23,10,17,10
125499,West Valley College,22,9,16,10
125727,Westmont College,10,18,15,18
125763,Whittier College,7,21,15,20
125897,Woodbury University,8,11,20,16
126012,The Wright Institute,14,30,20,18
126049,Thomas Jefferson School of Law,0,12,20,5
126119,Yuba College,25,7,20,4
126182,Adams State University,4,28,0,10
126207,Aims Community College,13,22,20,11
126289,Arapahoe Community College,25,20,16,16
126562,University of Colorado Denver/Anschutz Medical Campus,18,15,12,22
126580,University of Colorado Colorado Springs,10,12,4,20
126614,University of Colorado Boulder,11,8,4,20
126669,Colorado Christian University,6,6,17,8
126678,Colorado College,21,27,2,24
126711,Colorado Mountain College,15,16,20,7
126775,Colorado School of Mines,0,3,2,9
126818,Colorado State University-Fort Collins,10,11,2,19
126942,Community College of Denver,10,15,11,20
126979,Denver Seminary,0,26,20,14
127060,University of Denver,1,16,2,22
127185,Fort Lewis College,18,24,0,11
127200,Front Range Community College,10,18,17,17
127556,Colorado Mesa University,14,6,4,3
127565,Metropolitan State University of Denver,13,24,13,24
127653,Naropa University,3,10,14,3
127732,Northeastern Junior College,10,13,20,1
127741,University of Northern Colorado,1,20,11,10
127918,Regis University,9,27,1,16
128106,Colorado State University Pueblo,13,10,14,17
128258,Trinidad State College,11,7,3,6
128391,Western Colorado University,13,9,1,11
128498,Albertus Magnus College,8,12,10,6
128744,University of Bridgeport,4,3,2,16
128771,Central Connecticut State University,15,11,5,24
128902,Connecticut College,10,22,1,23
129020,University of Connecticut,1,10,4,23
129154,Goodwin University,15,20,20,13
129215,Eastern Connecticut State University,10,14,13,24
129242,Fairfield University,21,25,11,18
129367,Connecticut State Community College,20,27,20,25
129525,University of Hartford,7,15,2,21
129534,Holy Apostles College and Seminary,0,10,20,0
129774,Mitchell College,17,14,0,2
129941,University of New Haven,3,9,8,19
130226,Quinnipiac University,2,27,1,24
130253,Sacred Heart University,1,24,11,13
130314,University of Saint Joseph,4,27,14,14
130493,Southern Connecticut State University,5,22,14,25
130590,Trinity College,1,14,0,21
130697,Wesleyan University,2,16,11,23
130776,Western Connecticut State University,23,20,4,24
130794,Yale University,10,7,1,24
130934,Delaware State University,5,12,10,20
130943,University of Delaware,1,13,3,24
130989,Goldey-Beacom College,12,9,10,3
131113,Wilmington University,4,14,18,5
131159,American University,11,16,2,25
131283,The Catholic University of America,8,4,4,20
131399,University of the District of Columbia,18,21,2,21
131450,Gallaudet University,13,29,0,19
131469,George Washington University,1,13,3,25
131496,Georgetown University,1,11,2,25
131520,Howard University,3,13,15,25
131876,Trinity Washington University,15,30,20,12
131973,Wesley Theological Seminary,15,18,20,18
132408,Baptist University of Florida,15,11,20,3
132471,Barry University,10,27,17,20
132602,Bethune-Cookman University,12,16,10,19
132657,Lynn University,11,11,1,12
132693,Eastern Florida State College,12,25,9,21
132709,Broward College,13,27,17,25
132842,Albizu University-Miami,15,19,20,16
132851,College of Central Florida,24,28,17,18
132903,University of Central Florida,10,6,13,24
133021,Chipola College,15,26,20,1
133386,Daytona State College,8,23,15,20
133492,Eckerd College,6,22,0,18
133508,Florida SouthWestern State College,10,9,20,8
133526,Edward Waters University,14,11,20,20
133650,Florida Agricultural and Mechanical University,11,12,14,23
133669,Florida Atlantic University,0,10,15,25
133702,Florida State College at Jacksonville,22,9,17,10
133711,Flagler College,7,15,1,8
133809,Florida College,1,3,20,0
133872,AdventHealth University,15,16,10,15
133881,Florida Institute of Technology,0,3,3,10
133951,Florida International University,11,6,5,25
133960,The College of the Florida Keys,15,30,1,4
133979,Florida Memorial University,15,15,14,20
134079,Florida Southern College,1,16,13,15
134097,Florida State University,10,9,7,25
134130,University of Florida,10,5,2,23
134343,Gulf Coast State College,10,28,20,15
134495,Hillsborough Community College,21,29,16,23
134608,Indian River State College,18,23,20,22
134945,Jacksonville University,13,21,2,20
135160,Florida Gateway College,11,10,20,5
135188,Lake-Sumter State College,15,27,20,10
135364,Luther Rice College & Seminary,14,1,20,2
135391,State College of Florida-Manatee-Sarasota,12,25,17,12
135717,Miami Dade College,22,25,17,25
135726,University of Miami,10,5,15,25
136145,North Florida College,1,3,20,4
136172,University of North Florida,12,15,13,23
136215,Nova Southeastern University,2,18,11,25
136233,Northwest Florida State College,16,3,20,5
136330,Palm Beach Atlantic University,4,5,16,10
136358,Palm Beach State College,14,25,20,25
136400,Pasco-Hernando State College,22,27,20,23
136473,Pensacola State College,14,25,8,21
136516,Polk State College,9,9,20,10
136950,Rollins College,0,21,0,23
137032,Saint Leo University,1,20,15,21
137078,St Petersburg College,8,9,18,10
137096,Santa Fe College,20,9,17,10
137209,Seminole State College of Florida,12,10,20,10
137281,Saint Johns River State College,14,15,20,14
137315,South Florida State College,14,10,20,9
137351,University of South Florida,10,10,16,25
137476,St. Thomas University,2,16,14,17
137546,Stetson University,10,17,3,24
137564,Southeastern University,5,11,17,16
137759,Tallahassee Community College,11,29,8,24
137847,The University of Tampa,5,10,4,20
137953,Trinity Baptist College,15,11,20,9
138187,Valencia College,15,10,17,10
138275,Warner University,5,9,10,8
138293,Webber International University,10,3,12,4
138354,University of West Florida,11,6,13,19
138558,Abraham Baldwin Agricultural College,13,19,17,17
138600,Agnes Scott College,8,29,12,23
138716,Albany State University,4,17,10,23
138761,Andrew College,15,30,10,1
138868,Point University,2,11,14,11
138901,Atlanta Metropolitan State College,2,3,20,9
138947,Clark Atlanta University,1,11,12,21
139144,Berry College,4,9,0,8
139199,Brenau University,15,20,14,7
139205,Brewton-Parker College,15,4,20,2
139250,College of Coastal Georgia,11,24,11,12
139311,Clayton  State University,2,22,10,23
139366,Columbus State University,6,14,1,23
139393,Covenant College,1,5,10,8
139463,Dalton State College,7,26,3,9
139621,East Georgia State College,11,15,10,14
139630,Emmanuel University,12,2,11,5
139658,Emory University,10,11,0,25
139700,Georgia Highlands College,15,23,16,11
139719,Fort Valley State University,12,6,10,19
139755,Georgia Institute of Technology-Main Campus,10,3,14,23
139764,Georgia Southwestern State University,14,14,12,11
139861,Georgia College & State University,7,25,6,21
139931,Georgia Southern University,1,12,13,22
139940,Georgia State University,10,15,5,25
139959,University of Georgia,11,9,5,22
139968,Gordon State College,12,17,20,16
140234,LaGrange College,13,19,10,9
140252,Life University,14,15,15,18
140340,Herzing University-Atlanta,15,20,13,10
140447,Mercer University,9,13,0,24
140553,Morehouse College,8,5,13,22
140696,Oglethorpe University,4,22,2,19
140818,Piedmont University,5,22,1,9
140872,Reinhardt University,14,19,11,3
140951,Savannah College of Art and Design,3,7,15,14
140960,Savannah State University,14,13,10,19
140988,Shorter University,9,3,20,4
141060,Spelman College,12,30,11,22
141167,Thomas University,15,20,20,4
141185,Toccoa Falls College,14,3,16,8
141237,Truett McConnell University,14,3,20,5
141264,Valdosta State University,0,18,16,22
141325,Wesleyan College,14,30,10,8
141334,University of West Georgia,2,20,11,24
141361,Young Harris College,14,13,5,9
141486,Chaminade University of Honolulu,11,14,20,13
141565,University of Hawaii at Hilo,5,12,10,11
141574,University of Hawaii at Manoa,10,17,14,19
141644,Hawaii Pacific University,14,9,17,16
141680,Honolulu Community College,21,10,13,13
141796,Kapiolani Community College,18,17,20,18
141802,Kauai Community College,25,12,13,13
141811,Leeward Community College,13,25,20,17
141839,University of Hawaii Maui College,15,19,16,10
141981,University of Hawaii-West Oahu,12,18,17,17
141990,Windward Community College,21,16,15,7
142115,Boise State University,11,15,5,13
142276,Idaho State University,13,13,3,11
142285,University of Idaho,10,5,3,9
142294,The College of Idaho,14,11,0,1
142328,Lewis-Clark State College,18,26,2,3
142443,North Idaho College,21,19,20,5
142461,Northwest Nazarene University,12,17,16,6
142559,College of Southern Idaho,23,17,17,6
142832,Adler University,14,19,20,18
143048,School of the Art Institute of Chicago,7,14,20,25
143084,Augustana College,6,22,11,15
143118,Aurora University,12,23,17,14
143215,Southwestern Illinois College,3,25,12,22
143279,Black Hawk College,9,23,20,8
143288,Blackburn College,0,13,20,7
143358,Bradley University,1,5,10,14
143613,Carl Sandburg College,3,9,13,5
143853,Midwestern University-Downers Grove,7,29,20,24
143978,The Chicago School at Chicago,14,19,20,20
144005,Chicago State University,24,23,16,20
144050,University of Chicago,0,7,12,23
144157,City Colleges of Chicago-Kennedy-King College,25,30,20,20
144166,City Colleges of Chicago-Malcolm X College,25,29,16,24
144175,City Colleges of Chicago-Olive-Harvey College,25,30,16,20
144184,City Colleges of Chicago-Harry S Truman College,14,20,5,14
144193,City Colleges of Chicago-Richard J Daley College,24,24,15,24
144209,City Colleges of Chicago-Harold Washington College,2,29,17,23
144218,City Colleges of Chicago-Wilbur Wright College,15,29,17,17
144281,Columbia College Chicago,7,12,2,21
144351,Concordia University-Chicago,25,26,7,13
144564,Danville Area Community College,20,19,14,7
144740,DePaul University,0,15,15,25
144865,College of DuPage,7,21,9,23
144892,Eastern Illinois University,1,18,14,18
144944,Elgin Community College,23,19,18,24
144962,Elmhurst University,12,29,11,21
144971,Eureka College,6,21,10,7
145275,Garrett-Evangelical Theological Seminary,15,20,20,24
145336,Governors State University,12,24,15,24
145372,Greenville University,0,4,4,2
145521,Highland Community College,15,7,11,4
145558,Rosalind Franklin University of Medicine and Science,6,7,12,11
145600,University of Illinois Chicago,12,14,3,25
145619,Benedictine University,8,17,2,18
145628,Illinois College of Optometry,0,30,20,19
145637,University of Illinois Urbana-Champaign,10,8,2,23
145646,Illinois Wesleyan University,3,14,12,16
145682,Illinois Central College,20,19,6,17
145691,Illinois College,8,12,10,11
145707,Olney Central College,23,28,20,0
145725,Illinois Institute of Technology,1,3,14,23
145813,Illinois State University,11,18,13,21
145831,Illinois Valley Community College,12,9,20,0
146205,John A Logan College,15,25,20,13
146278,John Wood Community College,4,7,20,0
146296,Joliet Junior College,22,27,20,22
146339,Judson University,15,10,10,16
146348,Kankakee Community College,6,20,20,15
146366,Kaskaskia College,12,17,20,0
146418,Kishwaukee College,21,9,16,4
146427,Knox College,10,15,10,15
146472,College of Lake County,23,9,8,10
146481,Lake Forest College,6,15,2,13
146506,Lake Land College,12,9,20,1
146603,Lewis and Clark Community College,10,28,16,12
146612,Lewis University,4,25,3,23
146685,Lincoln Land Community College,16,27,16,14
146719,Loyola University Chicago,4,14,14,23
147004,McHenry County College,15,10,20,4
147013,McKendree University,3,23,4,9
147129,Methodist College,0,20,20,4
147244,Millikin University,8,16,10,7
147341,Monmouth College,14,12,10,0
147369,Moody Bible Institute,5,3,10,12
147378,Moraine Valley Community College,17,25,8,21
147411,Morton College,15,8,12,7
147536,National Louis University,10,30,16,24
147590,National University of Health Sciences,4,7,12,6
147660,North Central College,3,22,10,12
147679,North Park University,6,18,12,20
147703,Northern Illinois University,12,17,1,23
147767,Northwestern University,0,11,4,25
147776,Northeastern Illinois University,12,24,15,25
147800,Oakton College,18,29,20,25
147828,Olivet Nazarene University,4,7,11,7
147916,Parkland College,25,28,8,19
148007,Prairie State College,2,29,20,23
148131,Quincy University,14,4,13,7
148256,Rend Lake College,25,19,20,0
148292,Richland Community College,12,21,13,9
148380,Rock Valley College,13,22,20,18
148405,Rockford University,4,12,11,9
148487,Roosevelt University,1,11,16,24
148496,Dominican University,12,26,11,22
148511,Rush University,0,18,0,25
148575,Saint Francis Medical Center College of Nursing,15,20,20,1
148584,University of St Francis,1,21,13,22
148627,Saint Xavier University,13,21,11,9
148654,University of Illinois Springfield,11,16,0,18
148672,Sauk Valley Community College,5,27,20,5
148821,Shawnee Community College,6,8,20,1
148876,St. Augustine College,0,3,20,14
148885,University of Saint Mary of the Lake,5,3,20,4
148937,Southeastern Illinois College,12,4,15,1
148991,Spoon River College,0,9,20,0
149028,Saint Anthony College of Nursing,1,10,20,4
149222,Southern Illinois University-Carbondale,11,7,1,20
149231,Southern Illinois University-Edwardsville,10,13,15,22
149365,South Suburban College,0,9,20,8
149505,Trinity Christian College,8,17,20,8
149514,Trinity International University-Illinois,5,4,11,8
149532,Triton College,21,7,17,10
149639,VanderCook College of Music,0,16,20,11
149727,Waubonsee Community College,14,26,17,16
149763,Oak Point University,5,16,20,8
149772,Western Illinois University,11,13,12,16
149781,Wheaton College,3,4,10,13
149842,William Rainey Harper College,16,29,18,21
150066,Anderson University,4,7,11,14
150136,Ball State University,3,14,3,17
150145,Bethel University,3,18,10,8
150163,Butler University,6,23,0,20
150172,Calumet College of Saint Joseph,1,6,20,8
150288,Concordia Theological Seminary,2,0,20,1
150400,DePauw University,8,21,0,20
150455,Earlham College,2,15,11,9
150534,University of Evansville,3,16,12,10
150604,Franklin College,14,11,10,4
150668,Goshen College,17,22,10,16
150677,Grace College and Theological Seminary,1,3,13,1
150756,Hanover College,14,20,4,14
150774,Holy Cross College,12,14,20,3
150941,Huntington University,15,8,20,0
150987,Ivy Tech Community College,14,19,18,17
151102,Purdue University Fort Wayne,8,8,3,17
151111,Indiana University-Indianapolis,10,7,0,22
151263,University of Indianapolis,8,26,10,15
151306,University of Southern Indiana,4,16,11,15
151324,Indiana State University,14,20,10,20
151333,Indiana University-Kokomo,6,21,15,6
151342,Indiana University-South Bend,12,16,5,17
151351,Indiana University-Bloomington,10,8,3,19
151360,Indiana University-Northwest,0,13,13,23
151379,Indiana University-Southeast,2,23,10,18
151388,Indiana University-East,10,23,20,8
151777,Manchester University,15,24,0,5
151786,Marian University,11,9,1,20
151801,Indiana Wesleyan University-Marion,7,13,13,12
152080,University of Notre Dame,0,3,3,21
152099,Oakland City University,10,8,20,0
152318,Rose-Hulman Institute of Technology,6,4,16,10
152336,University of Saint Francis-Fort Wayne,9,17,20,1
152381,Saint Mary-of-the-Woods College,14,25,20,4
152390,Saint Mary's College,5,29,20,17
152530,Taylor University,7,5,20,12
152567,Trine University,3,4,15,2
152600,Valparaiso University,11,11,10,6
152637,Vincennes University,7,28,7,1
152673,Wabash College,6,7,11,3
152798,Allen College,0,20,20,7
152992,Briar Cliff University,15,10,14,2
153001,Buena Vista University,12,20,14,1
153108,Central College,7,15,11,7
153126,Clarke University,12,27,20,1
153144,Coe College,6,16,0,6
153162,Cornell College,11,27,20,9
153214,Des Moines Area Community College,19,17,20,12
153250,Dordt University,3,3,13,2
153269,Drake University,4,18,12,19
153278,University of Dubuque,24,6,10,8
153296,Ellsworth Community College,12,12,13,0
153311,Eastern Iowa Community College District,9,20,20,2
153320,Faith Baptist Bible College and Theological Seminary,1,1,20,0
153366,Graceland University-Lamoni,15,24,13,7
153375,Grand View University,7,14,16,0
153384,Grinnell College,5,12,10,21
153472,Indian Hills Community College,23,10,12,1
153524,Iowa Central Community College,14,11,14,0
153533,Iowa Lakes Community College,14,16,16,0
153603,Iowa State University,10,8,2,19
153630,Iowa Western Community College,20,20,3,1
153658,University of Iowa,10,8,1,19
153737,Kirkwood Community College,14,12,6,5
153825,Loras College,1,17,10,2
153834,Luther College,4,16,10,7
153861,Maharishi International University,10,2,1,10
153922,Marshalltown Community College,5,6,20,1
153977,Mercy College of Health Sciences,1,20,20,1
154004,Morningside University,11,19,10,13
154013,Mount Mercy University,11,18,20,19
154095,University of Northern Iowa,12,15,0,13
154101,Northwestern College,12,12,20,9
154156,Des Moines University-Osteopathic Medical Center,9,19,13,18
154174,Palmer College of Chiropractic,10,11,20,6
154235,Saint Ambrose University,7,24,12,17
154350,Simpson College,12,18,10,1
154493,Upper Iowa University,3,18,14,0
154527,Wartburg College,6,20,10,7
154590,William Penn University,6,7,10,1
154642,Allen County Community College,6,10,20,3
154688,Baker University,12,18,16,3
154697,Barton County Community College,21,8,15,3
154712,Benedictine College,8,3,16,3
154721,Bethany College,0,16,0,1
154749,Bethel College-North Newton,14,22,20,8
154800,Butler Community College,13,13,17,4
154907,Cloud County Community College,25,2,6,0
154925,Coffeyville Community College,4,1,20,0
154952,Cowley County Community College,11,5,4,3
154998,Dodge City Community College,25,27,6,9
155007,Donnelly College,15,10,20,4
155025,Emporia State University,3,16,7,9
155061,Fort Hays State University,20,17,6,17
155089,Friends University,2,8,12,4
155098,Fort Scott Community College,2,6,15,3
155104,Garden City Community College,8,24,11,19
155177,Hesston College,0,5,20,0
155195,Hutchinson Community College,12,24,16,6
155201,Independence Community College,9,15,11,8
155210,Johnson County Community College,22,16,9,15
155292,Kansas City Kansas Community College,17,14,15,23
155317,University of Kansas,10,8,2,22
155335,Newman University,10,14,20,14
155399,Kansas State University,10,7,12,19
155414,Kansas Wesleyan University,13,22,20,4
155450,Labette Community College,4,30,15,7
155511,McPherson College,8,7,20,12
155520,MidAmerica Nazarene University,15,12,15,2
155566,Neosho County Community College,15,20,16,0
155593,North Central Kansas Technical College,15,6,20,0
155618,Northwest Kansas Technical College,8,1,10,4
155627,Ottawa University-Ottawa,1,11,10,6
155636,Ottawa University-Kansas City,0,30,20,4
155681,Pittsburg State University,12,10,16,5
155715,Pratt Community College,0,1,12,0
155812,University of Saint Mary,14,14,11,5
155830,Salina Area Technical College,8,2,20,2
155937,Sterling College,1,10,11,12
155973,Tabor College,6,4,20,8
156082,Washburn University,11,27,6,9
156107,Wichita State University-Campus of Applied Sciences and Technology,13,5,20,5
156125,Wichita State University,10,14,15,20
156189,Alice Lloyd College,22,13,12,0
156213,Asbury University,11,12,1,2
156222,Asbury Theological Seminary,7,3,20,7
156231,Ashland Community and Technical College,13,17,20,0
156286,Bellarmine University,7,20,11,6
156295,Berea College,20,22,10,14
156338,Southcentral Kentucky Community and Technical College,9,14,8,6
156356,Brescia University,15,19,13,4
156365,Campbellsville University,0,16,17,12
156392,Bluegrass Community and Technical College,22,22,16,15
156408,Centre College,9,20,13,5
156541,University of the Cumberlands,15,17,20,7
156620,Eastern Kentucky University,9,21,10,17
156648,Elizabethtown Community and Technical College,15,19,20,10
156727,Frontier Nursing University,15,20,20,4
156745,Georgetown College,3,10,5,7
156790,Hazard Community and Technical College,13,19,20,0
156851,Henderson Community College,21,26,20,8
156860,Hopkinsville Community College,10,28,20,3
156921,Jefferson Community and Technical College,14,25,17,13
157058,Kentucky State University,6,10,20,20
157076,Kentucky Wesleyan College,1,7,10,4
157085,University of Kentucky,10,10,11,21
157100,Kentucky Christian University,5,1,13,3
157216,Lindsey Wilson College,14,16,14,8
157289,University of Louisville,10,13,13,20
157304,Madisonville Community College,15,26,20,8
157331,Maysville Community and Technical College,15,29,20,2
157377,Midway University,7,13,20,1
157386,Morehead State University,3,16,15,17
157401,Murray State University,1,12,12,19
157438,Gateway Community and Technical College,9,10,16,1
157447,Northern Kentucky University,13,24,4,17
157483,West Kentucky Community and Technical College,8,21,20,13
157535,University of Pikeville,11,17,20,9
157553,Big Sandy Community and Technical College,13,27,20,2
157711,Somerset Community College,13,26,20,0
157739,Southeast Kentucky Community & Technical College,0,15,20,0
157757,Spalding University,15,29,1,13
157809,Thomas More University,7,17,14,9
157818,Transylvania University,2,17,10,11
157863,Union College,14,13,0,0
157951,Western Kentucky University,11,20,5,21
158431,Bossier Parish Community College,14,30,16,12
158477,Centenary College of Louisiana,7,16,0,8
158662,Delgado Community College,15,29,18,24
158802,Dillard University,3,9,10,15
158884,Nunez Community College,8,18,20,10
159009,Grambling State University,1,12,10,18
159373,Louisiana State University Health Sciences Center-New Orleans,0,11,16,25
159382,Louisiana State University-Alexandria,24,24,17,12
159391,Louisiana State University and Agricultural & Mechanical College,10,7,4,22
159407,Louisiana State University-Eunice,12,15,4,5
159416,Louisiana State University-Shreveport,1,9,13,16
159568,Louisiana Christian University,7,25,20,10
159647,Louisiana Tech University,0,8,12,16
159656,Loyola University New Orleans,8,8,11,23
159717,McNeese State University,3,11,16,11
159939,University of New Orleans,0,3,10,12
159966,Nicholls State University,2,15,13,14
159993,University of Louisiana at Monroe,13,24,11,21
160038,Northwestern State University of Louisiana,13,21,1,14
160065,University of Holy Cross,15,19,20,13
160074,Franciscan Missionaries of Our Lady University,15,16,15,5
160481,Fletcher Technical Community College,9,20,20,1
160579,SOWELA Technical Community College,14,28,17,4
160612,Southeastern Louisiana University,0,6,1,15
160630,Southern University at New Orleans,2,5,12,15
160649,Southern University at Shreveport,14,30,20,14
160658,University of Louisiana at Lafayette,10,5,14,18
160667,Northshore Technical Community College,13,20,20,2
160755,Tulane University of Louisiana,10,7,1,23
160904,Xavier University of Louisiana,13,12,13,21
160959,College of the Atlantic,6,9,10,9
160977,Bates College,13,24,12,19
161004,Bowdoin College,24,26,11,19
161022,Maine College of Health Professions,0,10,20,0
161086,Colby College,5,21,5,14
161217,University of Maine at Augusta,7,23,4,0
161226,University of Maine at Farmington,15,27,4,5
161235,University of Maine at Fort Kent,3,5,11,0
161253,University of Maine,0,10,13,11
161299,Maine Maritime Academy,0,2,14,0
161341,University of Maine at Presque Isle,9,24,0,0
161457,University of New England,13,18,13,7
161509,Maine College of Art & Design,15,11,20,6
161518,Saint Joseph's College of Maine,15,10,11,10
161545,Southern Maine Community College,14,7,6,0
161554,University of Southern Maine,5,19,13,9
161563,Thomas College,2,10,16,0
161572,Unity Environmental University,0,10,17,1
161688,Allegany College of Maryland,8,29,16,1
161767,Anne Arundel Community College,14,30,18,21
161864,Baltimore City Community College,12,16,20,12
161873,University of Baltimore,2,19,20,25
162007,Bowie State University,5,19,11,23
162061,Capitol Technology University,0,1,20,1
162104,Cecil College,15,20,20,11
162122,College of Southern Maryland,13,27,14,25
162168,Chesapeake College,2,11,20,3
162210,Washington Adventist University,14,17,20,18
162283,Coppin State University,18,19,12,21
162557,Frederick Community College,14,19,20,17
162584,Frostburg State University,3,15,11,15
162609,Garrett College,8,7,10,0
162654,Goucher College,13,30,6,23
162690,Hagerstown Community College,9,28,15,4
162706,Harford Community College,22,29,7,13
162760,Hood College,21,28,1,16
162779,Howard Community College,13,20,14,19
162928,Johns Hopkins University,0,8,1,24
163046,Loyola University Maryland,1,23,1,23
163204,University of Maryland Global Campus,15,12,18,17
163259,"University of Maryland, Baltimore",0,11,7,24
163268,University of Maryland-Baltimore County,10,17,4,24
163286,University of Maryland-College Park,0,7,5,25
163338,University of Maryland Eastern Shore,13,8,10,20
163426,Montgomery College,19,19,17,20
163453,Morgan State University,4,10,13,21
163462,Mount St. Mary's University,10,10,1,16
163532,Ner Israel Rabbinical College,0,0,20,3
163578,Notre Dame of Maryland University,13,30,20,8
163657,Prince George's Community College,13,29,16,23
163851,Salisbury University,0,12,2,22
163912,St. Mary's College of Maryland,1,14,0,13
163976,St. John's College,1,1,0,2
164076,Towson University,15,24,3,24
164085,Maryland University of Integrative Health,15,16,20,4
164173,Stevenson University,14,19,2,13
164216,Washington College,1,25,4,17
164270,McDaniel College,4,19,0,14
164313,Wor-Wic Community College,18,19,20,4
164368,Hult International Business School,2,1,11,11
164447,American International College,15,23,12,9
164465,Amherst College,2,16,0,24
164492,Anna Maria College,12,20,12,5
164562,Assumption University,11,18,0,7
164580,Babson College,8,11,0,14
164632,Bay Path University,4,20,20,5
164739,Bentley University,3,13,4,19
164748,Berklee College of Music,11,5,15,18
164775,Berkshire Community College,11,30,20,3
164924,Boston College,10,13,11,22
164988,Boston University,10,8,5,22
165015,Brandeis University,2,15,11,22
165024,Bridgewater State University,15,26,1,19
165033,Bristol Community College,24,29,20,11
165112,Bunker Hill Community College,14,26,20,24
165167,Cambridge College,15,20,20,10
165194,Cape Cod Community College,16,25,11,14
165264,Laboure College of Healthcare,15,18,20,5
165334,Clark University,7,14,17,22
165529,Curry College,14,20,1,13
165574,Dean College,13,10,1,8
165644,Eastern Nazarene College,0,10,10,4
165662,Emerson College,4,17,15,22
165699,Endicott College,4,19,16,11
165802,Fisher College,15,9,10,5
165820,Fitchburg State University,3,19,3,17
165866,Framingham State University,20,24,3,20
165884,Benjamin Franklin Cummings Institute of Technology,9,0,20,5
165936,Gordon College,6,18,0,12
165945,Gordon-Conwell Theological Seminary,0,13,15,3
165981,Greenfield Community College,0,29,15,13
166018,Hampshire College,21,15,0,13
166027,Harvard University,0,7,5,23
166124,College of the Holy Cross,2,17,1,19
166133,Holyoke Community College,24,29,20,22
166391,Lasell University,11,16,10,10
166452,Lesley University,14,19,11,16
166489,Longy School of Music of Bard College,14,7,20,10
166513,University of Massachusetts-Lowell,2,11,16,18
166629,University of Massachusetts-Amherst,10,13,7,22
166638,University of Massachusetts-Boston,3,19,7,24
166647,Massachusetts Bay Community College,10,27,20,17
166656,MCPHS University,10,19,7,17
166674,Massachusetts College of Art and Design,11,20,14,15
166683,Massachusetts Institute of Technology,11,3,2,19
166692,Massachusetts Maritime Academy,1,6,13,8
166708,University of Massachusetts Chan Medical School,25,6,10,20
166717,William James College,9,20,20,6
166823,Massasoit Community College,7,23,17,12
166850,Merrimack College,1,22,11,13
166869,MGH Institute of Health Professions,25,20,20,13
166911,Montserrat College of Art,0,17,20,9
166939,Mount Holyoke College,10,26,5,20
166957,Mount Wachusett Community College,25,29,20,10
167093,New England College of Optometry,14,30,20,12
167215,New England Law-Boston,0,4,20,9
167260,Nichols College,3,5,15,6
167288,Massachusetts College of Liberal Arts,1,26,1,9
167312,North Shore Community College,15,30,20,23
167358,Northeastern University,10,10,2,21
167376,Northern Essex Community College,24,30,20,21
167394,College of Our Lady of the Elms,15,21,11,2
167525,Quincy College,20,24,15,10
167534,Quinsigamond Community College,25,30,8,22
167598,Regis College,17,30,12,15
167631,Roxbury Community College,6,21,5,16
167729,Salem State University,10,22,7,23
167783,Simmons University,7,30,2,24
167835,Smith College,5,27,11,22
167905,Springfield Technical Community College,21,28,17,19
167987,University of Massachusetts-Dartmouth,0,13,13,17
167996,Stonehill College,1,14,1,10
168005,Suffolk University,5,20,17,21
168148,Tufts University,1,11,4,22
168218,Wellesley College,3,27,13,24
168227,Wentworth Institute of Technology,6,4,1,13
168254,Western New England University,10,16,3,19
168263,Westfield State University,10,24,1,19
168281,Wheaton College (Massachusetts),7,21,0,19
168342,Williams College,18,14,0,20
168421,Worcester Polytechnic Institute,6,4,3,15
168430,Worcester State University,14,22,14,24
168528,Adrian College,23,14,10,13
168546,Albion College,4,15,0,17
168591,Alma College,11,11,10,13
168740,Andrews University,21,10,7,25
168786,Aquinas College,13,12,11,1
168847,Baker College,12,20,3,14
168883,Bay de Noc Community College,15,9,4,0
169080,Calvin University,6,6,13,13
169248,Central Michigan University,3,15,12,17
169327,Cleary University,14,9,20,4
169363,Concordia University Ann Arbor,15,11,15,4
169442,College for Creative Studies,2,3,20,5
169479,Davenport University,11,19,15,7
169521,Delta College,8,20,4,16
169716,University of Detroit Mercy,2,21,16,20
169798,Eastern Michigan University,13,21,10,24
169910,Ferris State University,15,14,1,10
169974,Glen Oaks Community College,0,7,20,0
169983,Kettering University,5,3,16,14
170000,Grace Christian University,0,1,20,2
170037,Cornerstone University,12,11,20,0
170055,Grand Rapids Community College,12,26,15,20
170082,Grand Valley State University,12,17,3,22
170240,Henry Ford College,9,8,18,7
170301,Hope College,2,18,11,14
170444,Jackson College,11,26,6,13
170532,Kalamazoo College,3,22,15,21
170541,Kalamazoo Valley Community College,15,4,20,5
170550,Kellogg Community College,6,10,17,5
170639,Lake Superior State University,15,4,0,3
170657,Lansing Community College,13,9,20,14
170675,Lawrence Technological University,5,6,13,4
170790,Macomb Community College,7,16,18,14
170806,Madonna University,7,20,0,5
170967,Rochester University,1,12,15,2
170976,University of Michigan-Ann Arbor,11,10,2,23
171100,Michigan State University,0,9,4,23
171128,Michigan Technological University,11,3,2,15
171137,University of Michigan-Dearborn,11,11,20,23
171146,University of Michigan-Flint,17,17,6,18
171155,Mid Michigan College,14,18,17,4
171225,Monroe County Community College,15,19,16,10
171234,Montcalm Community College,14,10,16,2
171395,North Central Michigan College,3,8,16,4
171456,Northern Michigan University,13,12,12,12
171492,Northwood University,12,19,20,6
171571,Oakland University,11,14,3,23
171599,The University of Olivet,15,23,10,5
172033,Sacred Heart Major Seminary,15,2,20,1
172051,Saginaw Valley State University,3,20,13,17
172264,Siena Heights University,10,16,2,1
172291,St Clair County Community College,13,18,7,11
172307,Southwestern Michigan College,14,11,10,4
172334,Spring Arbor University,1,4,20,3
172477,Thomas M Cooley Law School,14,19,20,14
172608,Walsh College,15,9,15,1
172644,Wayne State University,11,10,13,22
172671,West Shore Community College,7,10,20,0
172699,Western Michigan University,0,13,5,22
172705,Western Theological Seminary,15,14,20,3
172918,Alexandria Technical & Community College,13,9,20,0
172954,Anoka Technical College,13,9,20,3
172963,Anoka-Ramsey Community College,9,10,20,4
173045,Augsburg University,14,22,11,13
173063,Riverland Community College,13,9,10,0
173115,Northwest Technical College,15,10,20,0
173124,Bemidji State University,6,20,14,4
173142,Bethany Lutheran College,13,3,20,0
173203,Central Lakes College-Brainerd,23,5,8,2
173258,Carleton College,8,19,10,23
173300,Concordia College at Moorhead,16,19,10,6
173328,Concordia University-Saint Paul,25,25,20,3
173416,Dakota County Technical College,14,6,20,2
173452,Martin Luther College,5,2,12,0
173461,Lake Superior College,14,9,17,1
173559,Minnesota State Community and Technical College,19,8,16,2
173638,Minnesota West Community and Technical College,16,2,20,0
173647,Gustavus Adolphus College,9,26,0,12
173665,Hamline University,14,28,12,18
173708,Hennepin Technical College,13,3,20,6
173735,Minnesota North College,10,5,15,0
173799,Inver Hills Community College,12,9,20,5
173896,Luther Seminary,7,13,10,0
173902,Macalester College,1,21,10,23
173911,South Central College,13,7,10,2
173920,Minnesota State University-Mankato,2,18,13,18
174020,Metropolitan State University,8,26,4,25
174066,University of Minnesota-Twin Cities,10,11,2,21
174075,University of Minnesota-Crookston,13,10,2,7
174127,Minneapolis College of Art and Design,3,11,20,6
174136,Minneapolis Community and Technical College,13,10,4,10
174154,Herzing University-Minneapolis,13,20,20,1
174233,University of Minnesota-Duluth,10,8,3,17
174251,University of Minnesota-Morris,2,13,0,6
174358,Minnesota State University Moorhead,13,21,16,14
174376,North Hennepin Community College,13,10,13,7
174428,Normandale Community College,8,9,17,6
174437,North Central University,0,11,14,5
174473,Northland Community and Technical College,12,8,20,1
174491,University of Northwestern-St Paul,3,5,17,5
174507,Northwestern Health Sciences University,3,7,20,12
174570,Pine Technical & Community College,25,8,20,0
174738,Rochester Community and Technical College,13,7,20,3
174747,College of Saint Benedict,8,23,11,11
174756,St Cloud Technical and Community College,18,6,20,4
174783,Saint Cloud State University,14,11,16,18
174792,Saint Johns University,3,24,13,11
174817,Saint Mary's University of Minnesota,12,16,17,5
174844,St Olaf College,8,17,10,15
174862,Crown College,2,16,20,5
174899,The College of Saint Scholastica,14,29,14,6
174914,University of St Thomas,0,12,12,19
175005,St Catherine University,24,30,5,16
175041,Saint Paul College,13,10,15,9
175078,Southwest Minnesota State University,17,20,5,11
175227,Dunwoody College of Technology,14,7,15,9
175236,Ridgewater College,13,8,20,0
175263,Minnesota State College Southeast,14,9,20,0
175272,Winona State University,13,19,4,11
175281,Mitchell Hamline School of Law,0,26,20,8
175315,Century College,12,9,11,5
175342,Alcorn State University,3,4,20,18
175421,Belhaven University,2,24,20,10
175430,Blue Mountain Christian University,15,16,20,0
175616,Delta State University,9,16,16,20
175856,Jackson State University,11,11,12,20
175980,Millsaps College,2,16,20,9
176017,University of Mississippi,1,9,11,22
176035,Mississippi University for Women,25,30,15,21
176044,Mississippi Valley State University,14,13,10,18
176053,Mississippi College,0,6,11,13
176080,Mississippi State University,10,5,13,19
176318,Rust College,12,8,10,6
176372,University of Southern Mississippi,2,10,16,16
176406,Tougaloo College,15,25,10,20
176479,William Carey University,4,8,20,8
176628,Avila University,11,23,15,8
176770,Cox College,12,20,10,0
176789,Calvary University,5,11,20,10
176965,University of Central Missouri,11,12,12,13
177038,Cleveland University-Kansas City,4,10,20,2
177092,Concordia Seminary,0,0,20,0
177117,Cottey College,10,30,10,18
177126,Covenant Theological Seminary,6,1,20,2
177144,Culver-Stockton College,9,23,20,0
177214,Drury University,11,11,13,5
177250,East Central College,11,27,20,9
177339,Evangel University,8,3,20,0
177418,Fontbonne University,8,30,10,7
177542,Hannibal-LaGrange University,0,15,20,0
177551,Harris-Stowe State University,20,20,0,20
177676,Jefferson College,21,26,14,7
177719,Barnes-Jewish College Goldfarb School of Nursing,14,10,20,8
177746,Kansas City Art Institute,13,20,13,2
177834,A T Still University of Health Sciences,0,13,12,17
177940,Lincoln University,1,5,10,16
177968,Lindenwood University,5,15,12,15
177986,Logan University,3,9,20,4
178059,Maryville University of Saint Louis,2,25,14,22
178208,Midwestern Baptist Theological Seminary,0,1,20,3
178217,Mineral Area College,20,18,20,2
178244,Missouri Baptist University,15,12,15,10
178341,Missouri Southern State University,12,24,11,4
178369,Missouri Valley College,15,16,13,3
178387,Missouri Western State University,14,13,11,6
178396,University of Missouri-Columbia,0,6,11,19
178402,University of Missouri-Kansas City,13,13,4,23
178411,Missouri University of Science and Technology,11,3,4,13
178420,University of Missouri-St Louis,10,20,13,23
178448,Moberly Area Community College,15,19,20,2
178615,Truman State University,5,10,1,8
178624,Northwest Missouri State University,2,7,2,11
178679,Ozark Christian College,6,1,11,0
178697,College of the Ozarks,22,9,20,0
178721,Park University,2,14,17,20
179043,Rockhurst University,0,23,3,13
179159,Saint Louis University,2,17,10,24
179265,University of Health Sciences and Pharmacy in St. Louis,14,19,10,8
179308,Saint Louis Community College,17,14,14,16
179326,Southwest Baptist University,13,5,5,0
179344,Missouri State University-West Plains,7,11,20,2
179548,Stephens College,15,30,10,2
179557,Southeast Missouri State University,1,22,12,13
179566,Missouri State University-Springfield,11,16,16,18
179645,Three Rivers College,15,9,4,0
179715,North Central Missouri College,13,10,16,0
179812,Kansas City University,6,3,20,14
179867,Washington University in St Louis,10,6,2,22
179894,Webster University,0,17,10,16
179946,Westminster College,11,21,0,0
179955,William Jewell College,10,13,3,3
179964,William Woods University,6,20,15,3
180106,Carroll College,11,17,12,9
180151,Dawson Community College,15,10,10,2
180179,Montana State University Billings,5,18,14,11
180197,Flathead Valley Community College,15,25,14,11
180249,Great Falls College Montana State University,20,10,20,0
180258,University of Providence,15,16,20,1
180276,Helena College University of Montana,6,1,20,1
180416,Montana Technological University,2,7,1,2
180461,Montana State University,11,11,2,8
180489,The University of Montana,14,11,0,13
180522,Montana State University-Northern,14,3,12,2
180595,Rocky Mountain College,14,23,0,0
180692,The University of Montana-Western,1,22,20,0
180814,Bellevue University,3,9,18,6
180832,Clarkson College,1,20,20,2
180878,Bryan College of Health Sciences,15,20,10,0
180948,Chadron State College,21,24,12,2
180984,Concordia University-Nebraska,15,6,17,0
181002,Creighton University,14,12,10,19
181020,Doane University,8,12,12,10
181127,Hastings College,9,11,12,0
181215,University of Nebraska at Kearney,16,20,4,18
181297,Nebraska Methodist College of Nursing & Allied Health,15,20,15,10
181330,Midland University,6,30,11,5
181394,University of Nebraska at Omaha,11,16,5,21
181428,University of Nebraska Medical Center,10,19,1,17
181446,Nebraska Wesleyan University,9,24,0,11
181464,University of Nebraska-Lincoln,10,5,2,20
181534,Peru State College,12,28,10,0
181604,College of Saint Mary,21,20,10,14
181765,Nebraska College of Technical Agriculture,1,10,20,0
181783,Wayne State College,8,21,12,4
181853,York University,13,2,20,4
182005,College of Southern Nevada,20,14,17,20
182281,University of Nevada-Las Vegas,11,9,4,24
182290,University of Nevada-Reno,11,6,13,17
182306,Great Basin College,11,13,17,9
182500,Truckee Meadows Community College,24,18,18,17
182564,Western Nevada College,25,18,16,8
182634,Colby-Sawyer College,9,26,10,0
182670,Dartmouth College,0,6,0,18
182795,Franklin Pierce University,15,15,10,4
182829,University of New Hampshire-Franklin Pierce School of Law,1,12,20,2
182980,New England College,10,7,10,3
183026,Southern New Hampshire University,1,11,18,7
183044,University of New Hampshire-Main Campus,10,20,1,18
183062,Keene State College,11,26,10,11
183071,University of New Hampshire at Manchester,13,17,20,4
183080,Plymouth State University,19,24,0,10
183099,NHTI-Concord's Community College,14,18,2,0
183105,White Mountains Community College,15,10,20,0
183114,River Valley Community College,7,20,20,5
183123,Lakes Region Community College,13,11,20,0
183141,Nashua Community College,12,10,10,1
183150,Great Bay Community College,14,20,20,0
183211,Rivier University,13,16,10,2
183239,Saint Anselm College,2,23,11,13
183655,Atlantic Cape Community College,7,26,20,8
183743,Bergen Community College,16,24,3,19
183804,Beth Medrash Govoha,0,0,20,0
183822,Bloomfield College,13,17,10,5
183859,Brookdale Community College,12,29,11,18
183877,Rowan College at Burlington County,8,30,17,7
183910,Caldwell University,6,27,11,20
183938,Camden County College,16,28,16,13
183974,Centenary University,9,22,2,4
184180,County College of Morris,6,24,16,22
184348,Drew University,9,18,10,20
184481,Essex County College,14,20,20,23
184603,Fairleigh Dickinson University-Metropolitan Campus,5,10,17,21
184612,Felician University,25,13,13,19
184694,Fairleigh Dickinson University-Florham Campus,12,17,4,20
184773,Georgian Court University,13,30,1,20
184782,Rowan University,13,17,10,23
184791,Rowan College of South Jersey-Gloucester Campus,0,30,17,8
184995,Hudson County Community College,12,18,20,20
185129,New Jersey City University,23,20,14,24
185262,Kean University,19,24,6,25
185509,Mercer County Community College,5,19,7,18
185536,Middlesex College,23,20,18,24
185572,Monmouth University,2,25,11,20
185590,Montclair State University,18,22,2,25
185828,New Jersey Institute of Technology,0,3,15,19
185873,Ocean County College,22,28,8,5
186034,Passaic County Community College,16,29,20,24
186122,Princeton Theological Seminary,2,9,20,17
186131,Princeton University,10,9,4,23
186201,Ramapo College of New Jersey,9,23,3,25
186283,Rider University,9,14,1,21
186371,Rutgers University-Camden,10,15,10,20
186380,Rutgers University-New Brunswick,10,13,2,24
186399,Rutgers University-Newark,12,13,1,23
186432,Saint Peter's University,11,25,17,19
186469,Salem Community College,12,18,20,6
186584,Seton Hall University,10,15,2,23
186618,Saint Elizabeth University,12,26,20,10
186645,Raritan Valley Community College,24,25,17,21
186867,Stevens Institute of Technology,1,3,16,15
186876,Stockton University,11,27,0,24
187134,The College of New Jersey,12,25,11,25
187198,"UCNJ Union College of Union County, NJ",4,29,20,24
187444,William Paterson University of New Jersey,15,23,1,25
187596,Navajo Technical University,24,11,20,2
187620,New Mexico State University-Dona Ana,15,27,2,18
187648,Eastern New Mexico University-Main Campus,12,9,20,11
187666,Eastern New Mexico University-Roswell Campus,17,9,11,7
187745,Institute of American Indian and Alaska Native Culture and Arts Development,6,11,12,2
187897,New Mexico Highlands University,15,16,12,22
187903,New Mexico Junior College,15,9,12,9
187912,New Mexico Military Institute,15,17,20,10
187958,University of New Mexico-Gallup Campus,22,18,20,16
187967,New Mexico Institute of Mining and Technology,10,3,11,6
187985,University of New Mexico-Main Campus,13,18,0,23
187994,New Mexico State University-Alamogordo,15,30,20,14
188021,New Mexico State University-Grants,25,19,20,3
188030,New Mexico State University-Main Campus,10,11,4,18
188049,University of New Mexico-Valencia County Campus,15,16,20,15
188058,Northern New Mexico College,13,20,20,8
188100,San Juan College,25,13,16,1
188137,Santa Fe Community College,19,6,20,4
188182,University of the Southwest,0,2,20,1
188225,University of New Mexico-Taos Campus,25,3,20,1
188304,Western New Mexico University,15,24,16,17
188340,Vaughn College of Aeronautics and Technology,15,10,15,15
188429,Adelphi University,5,24,4,25
188438,SUNY Adirondack,14,16,15,6
188526,Albany College of Pharmacy and Health Sciences,12,12,1,12
188535,Albany Law School,1,22,20,6
188641,Alfred University,1,15,16,0
189088,Bard College,4,11,11,14
189097,Barnard College,4,26,5,24
189282,Mount Sinai Phillips School of Nursing,1,20,20,12
189413,Boricua College,10,14,20,12
189501,Brooklyn Law School,0,26,10,14
189547,SUNY Broome Community College,13,28,15,9
189705,Canisius University,3,7,13,7
189839,Cayuga County Community College,18,26,20,6
190044,Clarkson University,1,4,2,7
190053,Clinton Community College,15,29,20,0
190099,Colgate University,6,17,13,21
190114,Metropolitan College of New York,15,11,20,17
190150,Columbia University in the City of New York,0,10,2,24
190169,Columbia-Greene Community College,24,30,20,8
190372,The Cooper Union for the Advancement of Science and Art,1,5,20,10
190415,Cornell University,0,7,2,20
190442,SUNY Corning Community College,11,14,20,7
190503,Culinary Institute of America,5,6,11,10
190512,CUNY Bernard M Baruch College,10,11,18,24
190521,CUNY Borough of Manhattan Community College,22,26,9,25
190530,CUNY Bronx Community College,20,19,20,25
190549,CUNY Brooklyn College,15,17,11,25
190558,College of Staten Island CUNY,16,14,7,24
190567,CUNY City College,16,9,11,25
190576,CUNY Graduate School and University Center,19,24,20,25
190585,CUNY Hostos Community College,20,25,8,25
190594,CUNY Hunter College,19,21,8,25
190600,CUNY John Jay College of Criminal Justice,18,16,5,25
190619,CUNY Kingsborough Community College,21,24,17,25
190628,CUNY LaGuardia Community College,22,26,8,25
190637,CUNY Lehman College,16,23,18,24
190646,CUNY Medgar Evers College,18,15,20,25
190655,CUNY New York City College of Technology,21,18,16,25
190664,CUNY Queens College,15,18,6,25
190673,CUNY Queensborough Community College,13,22,7,25
190682,CUNY School of Law,8,30,13,25
190691,CUNY York College,19,20,20,25
190716,D'Youville  University,7,29,2,6
190725,Daemen University,10,28,11,6
190761,Dominican University New York,13,29,10,13
190840,Dutchess Community College,21,27,16,19
190983,Elmira College,4,20,20,1
191083,Erie Community College,16,21,20,20
191126,Fashion Institute of Technology,6,26,16,12
191199,Finger Lakes Community College,17,22,14,0
191241,Fordham University,2,14,13,25
191302,Fulton-Montgomery Community College,13,9,20,2
191339,Genesee Community College,18,19,17,4
191515,Hamilton College,5,23,11,14
191533,Hartwick College,14,15,10,5
191597,Helene Fuld College of Nursing,15,19,20,19
191612,Herkimer County Community College,9,23,20,6
191621,Hilbert College,8,12,0,0
191630,Hobart William Smith Colleges,14,21,10,15
191649,Hofstra University,13,12,2,23
191676,Houghton University,3,11,11,2
191719,Hudson Valley Community College,20,28,16,18
191931,Iona University,9,16,14,15
191968,Ithaca College,14,23,0,20
191986,Jamestown Community College,12,25,12,0
192022,Jefferson Community College,12,15,16,0
192040,Jewish Theological Seminary of America,0,3,20,4
192192,Keuka College,15,30,0,4
192323,Le Moyne College,14,18,2,19
192448,Long Island University,5,18,5,24
192703,Manhattan College,6,15,16,19
192749,Manhattanville College,11,21,10,15
192785,Maria College of Albany,3,20,20,6
192819,Marist College,5,11,5,13
192864,Marymount Manhattan College,14,30,20,12
193016,Mercy University,14,26,20,24
193052,Mesivta Torah Vodaath Rabbinical Seminary,0,0,20,0
193283,Mohawk Valley Community College,11,13,12,8
193292,Molloy College,13,30,17,23
193326,Monroe Community College,24,25,16,23
193353,Mount Saint Mary College,7,19,3,12
193399,University of Mount Saint Vincent,15,23,10,18
193478,Nassau Community College,22,29,7,25
193584,Nazareth University,9,28,11,21
193654,The New School,4,20,17,23
193751,Northeast College of Health Sciences,1,9,12,5
193821,New York Law School,4,22,20,23
193830,New York Medical College,2,3,20,12
193900,New York University,0,10,6,25
193946,Niagara County Community College,21,24,13,1
193973,Niagara University,1,12,11,13
194028,North Country Community College,14,30,16,0
194073,New York College of Podiatric Medicine,13,10,20,13
194091,New York Institute of Technology,3,9,12,18
194222,Onondaga Community College,21,26,10,12
194240,Orange County Community College,19,29,20,12
194310,Pace University,10,27,6,23
194392,Paul Smiths College of Arts and Science,10,15,10,0
194578,Pratt Institute-Main,3,18,14,21
194763,Rabbinical Seminary of America,0,0,20,0
194824,Rensselaer Polytechnic Institute,1,3,13,19
194958,Roberts Wesleyan University,3,25,13,6
195003,Rochester Institute of Technology,12,5,2,22
195030,University of Rochester,0,7,10,22
195058,Rockland Community College,24,28,20,21
195128,Russell Sage College,12,30,11,14
195164,St Bonaventure University,14,5,10,11
195173,St. Francis College,13,24,10,17
195191,St. Joseph's College of Nursing,5,10,20,0
195216,St Lawrence University,13,23,0,12
195234,The College of Saint Rose,14,29,0,20
195243,St. Thomas Aquinas College,13,24,11,11
195304,Sarah Lawrence College,2,4,1,10
195322,Schenectady County Community College,24,21,20,3
195474,Siena College,5,16,10,17
195526,Skidmore College,1,23,1,16
195544,St. Joseph's University-New York,10,27,17,20
195720,St. John Fisher University,4,21,12,17
195809,St. John's University-New York,3,17,15,25
195988,Sullivan County Community College,25,29,3,6
196006,SUNY College of Technology at Alfred,15,7,0,0
196015,SUNY College of Technology at Canton,13,16,12,11
196024,SUNY College of Technology at Delhi,25,27,5,11
196033,SUNY College of Agriculture and Technology at Cobleskill,21,16,0,9
196042,Farmingdale State College,21,19,6,25
196051,SUNY Morrisville,20,14,10,1
196060,University at Albany,11,8,1,24
196079,Binghamton University,10,8,1,19
196088,University at Buffalo,10,7,7,21
196097,Stony Brook University,10,6,2,23
196103,SUNY College of Environmental Science and Forestry,0,4,14,14
196112,SUNY Polytechnic Institute,0,5,3,7
196121,SUNY Brockport,12,23,10,14
196130,SUNY Buffalo State University,11,21,10,20
196149,State University of New York at Cortland,17,26,10,15
196158,SUNY at Fredonia,19,14,14,14
196167,SUNY College at Geneseo,4,14,11,16
196176,State University of New York at New Paltz,12,19,17,16
196185,SUNY Oneonta,17,18,1,20
196194,State University of New York at Oswego,16,16,11,18
196200,SUNY College at Potsdam,16,20,0,16
196219,SUNY at Purchase College,19,20,10,15
196228,SUNY College of Optometry,1,13,20,10
196237,SUNY Old Westbury,14,20,2,20
196246,SUNY College at Plattsburgh,10,14,0,14
196255,SUNY Downstate Health Sciences University,19,10,2,25
196264,Empire State University,5,29,20,18
196291,SUNY Maritime College,6,8,1,5
196307,Upstate Medical University,11,4,0,19
196413,Syracuse University,12,14,2,23
196468,Teachers College at Columbia University,0,27,11,24
196565,Tompkins Cortland Community College,24,28,12,3
196592,Touro University,13,11,20,20
196653,Trocaire College,5,20,20,2
196699,Ulster County Community College,18,26,17,6
196884,Union Theological Seminary in the City of New York,9,14,20,5
197018,United Talmudical Seminary,0,0,20,0
197027,United States Merchant Marine Academy,4,3,14,14
197045,Utica University,1,15,20,4
197133,Vassar College,21,20,10,24
197142,Villa Maria College,12,12,20,3
197197,Wagner College,15,26,4,15
197230,Wells College,1,13,0,1
197294,SUNY Westchester Community College,21,23,9,19
197708,Yeshiva University,1,7,10,17
197869,Appalachian State University,13,19,6,15
197911,Barton College,2,9,10,3
197984,Belmont Abbey College,15,13,11,12
198066,Brevard College,15,23,13,2
198109,Cabarrus College of Health Sciences,22,10,20,7
198136,Campbell University,11,14,13,11
198215,Catawba College,6,18,15,6
198303,Chowan University,4,15,0,1
198385,Davidson College,2,18,12,23
198419,Duke University,0,8,2,24
198464,East Carolina University,2,14,3,25
198507,Elizabeth City State University,1,3,0,18
198516,Elon University,4,21,2,23
198543,Fayetteville State University,19,16,1,24
198552,Forsyth Technical Community College,24,20,15,17
198561,Gardner-Webb University,6,26,16,8
198598,Greensboro College,10,17,20,10
198613,Guilford College,14,22,10,22
198695,High Point University,5,7,1,9
198756,Johnson C Smith University,3,28,12,20
198808,Lees-McRae College,7,11,10,0
198835,Lenoir-Rhyne University,15,30,10,22
198862,Livingstone College,10,14,10,19
198871,Louisburg College,13,11,10,3
198899,Mars Hill University,4,28,10,6
198950,Meredith College,6,30,20,20
198969,Methodist University,13,10,10,9
199032,Montreat College,15,3,14,0
199069,University of Mount Olive,13,11,20,5
199102,North Carolina A & T State University,3,9,11,20
199111,University of North Carolina Asheville,8,22,0,17
199120,University of North Carolina at Chapel Hill,10,16,1,24
199139,University of North Carolina at Charlotte,0,15,11,25
199148,University of North Carolina at Greensboro,3,23,10,25
199157,North Carolina Central University,12,18,1,23
199184,University of North Carolina School of the Arts,8,4,10,7
199193,North Carolina State University at Raleigh,0,7,4,21
199209,North Carolina Wesleyan University,14,10,11,11
199218,University of North Carolina Wilmington,1,19,1,21
199272,William Peace University,14,25,1,5
199281,University of North Carolina at Pembroke,3,22,1,22
199306,Pfeiffer University,5,17,14,2
199412,Queens University of Charlotte,1,27,14,15
199582,Saint Augustine's University,15,27,10,20
199607,Salem College,0,29,10,11
199643,Shaw University,10,1,20,6
199698,St. Andrews University,15,26,11,5
199759,Southeastern Baptist Theological Seminary,0,1,15,1
199847,Wake Forest University,1,9,2,22
199865,Warren Wilson College,13,19,10,9
199962,Wingate University,14,25,2,8
199999,Winston-Salem State University,8,20,0,19
200004,Western Carolina University,12,21,2,8
200022,Bismarck State College,11,23,14,0
200059,Dickinson State University,1,12,20,0
200156,University of Jamestown,14,15,0,0
200192,Lake Region State College,12,27,20,0
200217,University of Mary,15,8,17,4
200226,Mayville State University,25,8,1,0
200253,Minot State University,24,19,20,2
200280,University of North Dakota,11,7,5,5
200305,North Dakota State College of Science,9,7,14,3
200314,Dakota College at Bottineau,15,26,12,0
200332,North Dakota State University-Main Campus,12,9,17,10
200341,Williston State College,15,20,20,1
200484,Trinity Bible College and Graduate School,0,1,20,0
200572,Valley City State University,7,26,20,0
200800,University of Akron Main Campus,12,7,3,21
201104,Ashland University,6,6,0,11
201177,Aultman College of Nursing and Health Sciences,6,6,10,0
201195,Baldwin Wallace University,13,26,14,15
201283,Belmont College,6,11,20,0
201371,Bluffton University,3,5,10,0
201432,Bowling Green State University-Firelands,5,16,20,0
201441,Bowling Green State University-Main Campus,1,20,16,21
201548,Capital University,2,17,10,18
201645,Case Western Reserve University,0,8,15,22
201654,Cedarville University,2,3,13,9
201672,Central Ohio Technical College,14,28,11,3
201690,Central State University,1,9,14,22
201821,The Christ College of Nursing and Health Sciences,14,10,14,0
201885,University of Cincinnati-Main Campus,10,12,4,24
201928,Cincinnati State Technical and Community College,10,10,17,6
201946,University of Cincinnati-Clermont College,10,29,17,12
201955,University of Cincinnati-Blue Ash College,14,27,17,20
201964,Ohio Christian University,0,11,20,3
201973,Clark State College,13,20,20,7
202046,Cleveland Institute of Art,9,12,20,4
202134,Cleveland State University,0,12,14,21
202170,Columbus College of Art & Design,13,14,20,3
202222,Columbus State Community College,8,26,18,20
202356,Cuyahoga Community College District,21,30,17,22
202480,University of Dayton,10,7,1,20
202514,Defiance College,1,2,10,1
202523,Denison University,5,16,10,18
202648,Edison State Community College,14,18,20,0
202763,The University of Findlay,14,18,11,8
202912,Good Samaritan College of Nursing and Health Science,5,20,20,3
203067,Hebrew Union College-Jewish Institute of Religion,15,13,20,9
203085,Heidelberg University,15,28,11,8
203128,Hiram College,12,23,20,12
203331,Eastern Gateway Community College,22,19,18,8
203368,John Carroll University,1,20,14,13
203447,Kent State University at Ashtabula,0,11,20,0
203456,Kent State University at East Liverpool,4,5,14,7
203465,Kent State University at Stark,2,15,17,6
203474,Kent State University at Trumbull,0,18,20,13
203483,Kent State University at Tuscarawas,12,21,20,8
203492,Kent State University at Salem,1,30,20,5
203517,Kent State University at Kent,11,22,4,18
203526,Kent State University at Geauga,2,30,20,17
203535,Kenyon College,3,17,0,17
203544,Kettering College,10,19,20,12
203580,Lake Erie College,15,25,10,3
203599,Lakeland Community College,11,23,17,4
203678,James A. Rhodes State College,12,20,16,0
203748,Lorain County Community College,17,21,15,15
203757,Lourdes University,14,20,0,10
203775,Malone University,14,21,20,0
203845,Marietta College,9,10,11,2
203881,Marion Technical College,11,16,15,0
203960,Mercy College of Ohio,13,20,11,8
204006,Miami University-Hamilton,21,22,16,11
204015,Miami University-Middletown,24,18,15,13
204024,Miami University-Oxford,10,9,2,19
204176,Mount Carmel College of Nursing,14,20,20,1
204185,University of Mount Union,14,26,3,14
204194,Mount Vernon Nazarene University,2,8,4,8
204200,Mount St. Joseph University,24,25,11,1
204255,Zane State College,2,19,20,0
204264,Muskingum University,18,14,10,4
204422,North Central State College,21,10,3,0
204468,Notre Dame College,15,14,20,6
204477,Northeast Ohio Medical University,1,7,20,12
204486,University of Northwestern Ohio,6,16,16,0
204501,Oberlin College,0,14,11,19
204617,Ohio Dominican University,9,19,10,14
204635,Ohio Northern University,17,9,5,7
204662,Ohio State University Agricultural Technical Institute,15,4,0,3
204671,Ohio State University-Lima Campus,14,15,1,10
204680,Ohio State University-Mansfield Campus,18,16,11,0
204699,Ohio State University-Marion Campus,7,19,12,7
204705,Ohio State University-Newark Campus,10,12,1,10
204796,Ohio State University-Main Campus,11,12,1,22
204820,Ohio University-Chillicothe Campus,1,10,16,2
204839,Ohio University-Southern Campus,15,30,20,12
204848,Ohio University-Lancaster Campus,11,18,20,9
204857,Ohio University-Main Campus,0,9,3,17
204866,Ohio University-Zanesville Campus,1,24,20,3
204909,Ohio Wesleyan University,2,16,11,8
204936,Otterbein University,14,27,10,8
204945,Owens Community College,10,17,10,11
205203,University of Rio Grande,21,25,20,3
205443,Shawnee State University,11,10,13,9
205470,Sinclair Community College,21,26,15,19
205841,Stark State College,5,18,9,2
205957,Franciscan University of Steubenville,15,3,11,2
205966,Southern State Community College,21,11,20,0
206011,Terra State Community College,15,15,10,3
206048,Tiffin University,11,11,0,9
206084,University of Toledo,1,8,12,19
206288,United Theological Seminary,4,9,20,13
206349,Ursuline College,2,26,0,5
206437,Walsh University,14,22,20,1
206446,Washington State Community College,15,18,20,2
206491,Wilberforce University,15,4,20,8
206507,Wilmington College,13,22,10,8
206525,Wittenberg University,10,23,10,11
206589,The College of Wooster,10,24,10,17
206604,Wright State University-Main Campus,10,11,4,18
206622,Xavier University,1,14,10,18
206695,Youngstown State University,12,11,11,19
206835,Oklahoma Wesleyan University,15,13,13,0
206862,Southern Nazarene University,13,11,11,3
206914,Cameron University,15,8,14,16
206941,University of Central Oklahoma,3,25,5,22
207041,East Central University,6,14,17,10
207050,Eastern Oklahoma State College,15,19,5,1
207069,Redlands Community College,15,19,20,7
207157,Randall University,0,3,20,0
207209,Langston University,2,13,10,17
207236,Murray State College,15,10,20,0
207263,Northeastern State University,14,15,4,12
207281,Northern Oklahoma College,14,10,10,5
207306,Northwestern Oklahoma State University,15,24,20,12
207324,Oklahoma Christian University,0,4,16,6
207342,University of Oklahoma-Health Sciences Center,10,15,1,16
207351,Oklahoma Panhandle State University,0,2,15,4
207388,Oklahoma State University-Main Campus,0,5,12,18
207397,Oklahoma State University-Oklahoma City,4,20,8,8
207403,Oklahoma Baptist University,12,11,12,6
207449,Oklahoma City Community College,13,9,14,14
207458,Oklahoma City University,5,12,16,15
207500,University of Oklahoma-Norman Campus,10,7,5,20
207582,Oral Roberts University,6,9,16,12
207661,Rogers State University,2,5,13,6
207670,Rose State College,15,20,16,18
207722,University of Science and Arts of Oklahoma,14,24,10,7
207740,Seminole State College,15,28,12,8
207847,Southeastern Oklahoma State University,1,19,7,2
207865,Southwestern Oklahoma State University,13,21,17,13
207935,Tulsa Community College,14,19,17,12
207971,University of Tulsa,0,4,12,7
208035,Western Oklahoma State College,11,10,20,4
208275,Blue Mountain Community College,8,10,20,0
208318,Central Oregon Community College,6,24,20,15
208646,Eastern Oregon University,10,16,16,5
208822,George Fox University,1,8,14,5
209056,Lewis & Clark College,2,20,1,16
209065,Linfield University,14,26,14,19
209250,Mt Hood Community College,23,10,6,7
209287,Multnomah University,8,22,20,3
209296,National University of Natural Medicine,14,18,20,12
209409,Bushnell University,15,7,13,0
209490,Oregon Health & Science University,0,14,0,18
209506,Oregon Institute of Technology,3,10,7,8
209542,Oregon State University,11,6,3,18
209551,University of Oregon,12,12,4,20
209612,Pacific University,1,21,0,16
209746,Portland Community College,17,8,8,7
209807,Portland State University,11,15,6,21
209825,University of Portland,0,16,12,12
209922,Reed College,14,20,0,18
209940,Rogue Community College,11,10,15,3
210146,Southern Oregon University,14,20,0,9
210155,Southwestern Oregon Community College,9,9,20,0
210234,Treasure Valley Community College,11,9,15,1
210331,Corban University,7,10,20,2
210368,Western Seminary,13,1,20,1
210401,Willamette University,1,20,0,17
210429,Western Oregon University,16,27,14,20
210438,University of Western States,3,19,20,2
210492,Bryn Athyn College of the New Church,10,5,10,3
210571,Albright College,9,18,10,18
210605,Community College of Allegheny County,4,28,17,22
210669,Allegheny College,5,20,0,11
210739,DeSales University,13,23,20,8
210775,Alvernia University,13,14,20,7
211024,Clarks Summit University,15,13,20,0
211079,Community College of Beaver County,15,29,20,0
211088,Arcadia University,12,27,11,15
211273,Bryn Mawr College,10,28,0,24
211291,Bucknell University,5,12,0,18
211307,Bucks County Community College,23,29,10,11
211343,Butler County Community College,10,30,20,7
211352,Cabrini University,10,30,13,5
211431,Carlow University,12,30,20,18
211440,Carnegie Mellon University,1,3,3,18
211468,Cedar Crest College,7,29,12,1
211556,Chatham University,13,29,16,8
211583,Chestnut Hill College,15,30,20,19
211608,Cheyney University of Pennsylvania,14,15,10,21
211927,Delaware County Community College,13,29,20,20
211981,Delaware Valley University,8,9,1,6
212009,Dickinson College,16,18,0,11
212054,Drexel University,1,11,1,23
212106,Duquesne University,15,16,4,11
212115,East Stroudsburg University of Pennsylvania,11,16,10,22
212133,Eastern University,7,9,14,17
212197,Elizabethtown College,7,14,0,6
212577,Franklin and Marshall College,5,16,0,19
212601,Gannon University,7,14,12,11
212656,Geneva College,14,4,11,7
212674,Gettysburg College,3,10,0,19
212771,Gratz College,12,5,20,1
212832,Gwynedd Mercy University,7,27,4,3
212869,Harcum College,15,28,20,7
212878,Harrisburg Area Community College,22,29,20,20
212911,Haverford College,14,24,10,23
212984,Holy Family University,15,18,13,4
213011,Immaculata University,7,28,3,20
213020,Indiana University of Pennsylvania-Main Campus,12,20,12,18
213251,Juniata College,8,12,0,10
213303,Keystone College,14,30,12,7
213321,King's College,10,23,12,6
213349,Kutztown University of Pennsylvania,5,16,13,19
213358,La Roche University,11,14,16,1
213367,La Salle University,5,26,2,24
213376,Lackawanna College,6,23,20,0
213385,Lafayette College,2,9,1,15
213400,Lancaster Bible College,1,3,12,1
213507,Lebanon Valley College,13,14,20,10
213525,Lehigh Carbon Community College,25,19,20,7
213543,Lehigh University,10,7,5,20
213631,United Lutheran Seminary,14,13,20,7
213659,Luzerne County Community College,2,15,20,5
213668,Lycoming College,2,12,10,1
213774,Manor College,14,20,20,9
213826,Marywood University,13,17,1,9
213987,Mercyhurst University,2,12,11,8
213996,Messiah University,5,12,10,15
214041,Millersville University of Pennsylvania,11,24,4,23
214069,Misericordia University,14,25,14,2
214111,Montgomery County Community College,20,30,20,19
214148,Moore College of Art and Design,15,10,11,8
214157,Moravian University,14,28,3,19
214166,Mount Aloysius College,15,18,15,0
214175,Muhlenberg College,3,18,10,10
214272,Neumann University,24,17,11,12
214379,Northampton County Area Community College,11,27,4,20
214564,Salus University,3,23,20,13
214591,Pennsylvania State University-Penn State Erie-Behrend College,1,3,11,10
214607,Pennsylvania State University-Penn State Great Valley,15,4,20,4
214625,Pennsylvania State University-Penn State New Kensington,2,14,10,6
214652,Pennsylvania State University-Penn State Scranton,8,28,20,7
214670,Pennsylvania State University-Penn State Lehigh Valley,15,22,14,14
214689,Pennsylvania State University-Penn State Altoona,4,9,11,9
214698,Pennsylvania State University-Penn State Beaver,0,20,10,10
214704,Pennsylvania State University-Penn State Berks,3,20,11,14
214713,Pennsylvania State University-Penn State Harrisburg,0,6,2,19
214731,Pennsylvania State University-Penn State Brandywine,6,25,11,13
214740,Pennsylvania State University-Penn State DuBois,0,5,11,13
214759,Pennsylvania State University-Penn State Fayette- Eberly,9,14,10,0
214768,Pennsylvania State University-Penn State Hazleton,10,4,10,0
214777,Pennsylvania State University-Main Campus,0,6,5,18
214795,Pennsylvania State University-Penn State Mont Alto,1,2,20,0
214801,Pennsylvania State University-Penn State Abington,11,20,2,18
214810,Pennsylvania State University-Penn State Schuylkill,0,4,10,0
214829,Pennsylvania State University-Penn State York,1,14,13,16
214883,Peirce College,12,18,20,12
215053,Pennsylvania College of Art and Design,4,0,10,2
215062,University of Pennsylvania,10,5,7,22
215105,University of the Arts,11,11,2,9
215114,Cairn University-Langhorne,10,3,14,7
215239,Community College of Philadelphia,8,21,18,19
215266,University of Pittsburgh-Bradford,1,5,11,4
215275,University of Pittsburgh-Greensburg,11,22,12,8
215284,University of Pittsburgh-Johnstown,2,12,16,4
215293,University of Pittsburgh-Pittsburgh Campus,0,8,6,22
215415,Pittsburgh Technical College,5,1,20,0
215442,Point Park University,7,18,14,11
215585,Reading Area Community College,8,20,16,7
215655,Robert Morris University,4,19,11,20
215691,Rosemont College,8,21,11,9
215743,Saint Francis University,10,21,12,10
215770,Saint Joseph's University,7,15,16,18
215929,University of Scranton,1,7,16,11
215947,Seton Hill University,0,29,2,5
216010,Shippensburg University of Pennsylvania,17,11,7,20
216038,Slippery Rock University of Pennsylvania,17,23,17,17
216278,Susquehanna University,18,18,0,16
216287,Swarthmore College,9,18,10,23
216296,Thaddeus Stevens College of Technology,14,5,20,7
216339,Temple University,0,11,6,24
216357,Thiel College,5,21,14,6
216366,Thomas Jefferson University,25,21,14,10
216524,Ursinus College,4,24,0,17
216542,University of Valley Forge,4,14,10,1
216597,Villanova University,0,10,1,19
216667,Washington & Jefferson College,5,23,15,13
216694,Waynesburg University,8,17,20,7
216764,West Chester University of Pennsylvania,9,26,5,24
216816,Westminster Theological Seminary,0,0,20,2
216825,Westmoreland County Community College,12,12,20,0
216852,Widener University,2,25,14,21
216931,Wilkes University,4,13,13,17
216940,Williamson College of the Trades,0,0,20,2
217013,Wilson College,13,26,5,0
217059,York College of Pennsylvania,2,13,0,6
217156,Brown University,0,9,2,23
217165,Bryant University,0,8,1,14
217235,Johnson & Wales University-Providence,15,16,14,12
217305,New England Institute of Technology,15,9,13,1
217402,Providence College,5,11,5,19
217420,Rhode Island College,2,28,6,21
217475,Community College of Rhode Island,11,30,17,16
217484,University of Rhode Island,10,17,6,20
217493,Rhode Island School of Design,8,10,2,16
217518,Roger Williams University,4,21,11,22
217536,Salve Regina University,4,21,13,5
217624,Allen University,15,3,20,7
217688,Charleston Southern University,0,21,12,12
217721,Benedict College,3,6,20,17
217749,Bob Jones University,12,4,17,3
217776,Southern Wesleyan University,14,4,12,9
217819,College of Charleston,4,14,5,19
217864,Citadel Military College of South Carolina,1,11,12,23
217873,Claflin University,15,15,12,20
217882,Clemson University,10,5,17,17
217907,Coker University,13,26,20,5
217925,Columbia International University,10,3,15,10
217961,Converse University,5,26,20,6
217998,Erskine College,3,11,20,2
218061,Francis Marion University,17,23,12,16
218070,Furman University,2,12,1,19
218229,Lander University,1,12,17,5
218238,Limestone University,12,19,14,11
218335,Medical University of South Carolina,10,26,0,22
218399,Morris College,15,4,20,10
218414,Newberry College,15,14,20,9
218441,North Greenville University,9,5,12,2
218539,Presbyterian College,15,13,10,5
218645,University of South Carolina Aiken,13,18,15,9
218654,University of South Carolina Beaufort,5,24,11,16
218663,University of South Carolina-Columbia,10,13,5,24
218672,University of South Carolina-Lancaster,6,14,20,5
218681,University of South Carolina-Salkehatchie,15,3,20,3
218690,University of South Carolina-Sumter,0,14,20,11
218706,University of South Carolina-Union,15,20,20,0
218724,Coastal Carolina University,2,10,13,19
218733,South Carolina State University,5,12,12,18
218742,University of South Carolina-Upstate,5,24,17,24
218751,Sherman College of Chiropractic,14,20,20,13
218821,Spartanburg Methodist College,5,18,14,17
218919,Voorhees University,15,21,20,9
218964,Winthrop University,4,21,1,21
218973,Wofford College,10,22,12,24
219000,Augustana University,17,19,10,16
219046,Black Hills State University,4,7,17,10
219082,Dakota State University,0,3,14,3
219091,Dakota Wesleyan University,12,21,20,0
219198,Mount Marty University,15,12,20,7
219240,Kairos University,0,3,20,1
219259,Northern State University,10,13,14,0
219277,Oglala Lakota College,14,12,20,2
219347,South Dakota School of Mines and Technology,0,3,5,1
219356,South Dakota State University,1,5,12,17
219383,University of Sioux Falls,13,17,16,1
219471,University of South Dakota,14,9,15,13
219602,Austin Peay State University,14,22,4,19
219639,Baptist Health Sciences University,6,10,20,11
219709,Belmont University,1,17,3,19
219790,Bryan College-Dayton,4,2,13,1
219806,Carson-Newman University,11,20,16,0
219824,Chattanooga State Community College,21,24,20,18
219833,Christian Brothers University,12,4,16,12
219842,Pentecostal Theological Seminary,3,6,20,7
219879,Cleveland State Community College,9,21,20,3
219888,Columbia State Community College,1,24,11,10
219949,Cumberland University,15,10,20,5
219976,Lipscomb University,5,12,16,8
220057,Dyersburg State Community College,12,18,20,11
220075,East Tennessee State University,17,15,5,17
220181,Fisk University,0,17,2,16
220206,Welch College,2,8,20,0
220215,Freed-Hardeman University,6,3,20,10
220400,Jackson State Community College,14,27,20,8
220473,Johnson University,24,5,20,3
220516,King University,9,13,15,6
220598,Lane College,14,16,10,18
220604,Le Moyne-Owen College,8,15,20,18
220613,Lee University,4,5,4,4
220631,Lincoln Memorial University,10,15,2,8
220701,The University of Tennessee Southern,15,17,14,1
220710,Maryville College,8,19,20,4
220862,University of Memphis,10,11,12,24
220978,Middle Tennessee State University,11,13,3,20
220996,Middle Tennessee School of Anesthesia Inc,0,0,20,1
221096,Motlow State Community College,15,29,20,15
221184,Nashville State Community College,5,23,20,9
221351,Rhodes College,3,16,10,20
221397,Roane State Community College,10,26,17,12
221485,Southwest Tennessee Community College,24,28,17,16
221519,The University of the South,18,11,11,13
221643,Pellissippi State Community College,10,28,16,15
221661,Southern Adventist University,11,14,10,15
221670,Southern College of Optometry,3,17,12,4
221731,Tennessee Wesleyan University,15,24,20,1
221740,The University of Tennessee-Chattanooga,1,12,11,20
221759,The University of Tennessee-Knoxville,0,9,1,18
221768,The University of Tennessee-Martin,11,7,2,15
221838,Tennessee State University,14,16,18,23
221847,Tennessee Technological University,10,7,4,15
221892,Trevecca Nazarene University,9,7,17,14
221908,Northeast State Community College,13,26,20,0
221953,Tusculum University,12,10,20,0
221971,Union University,4,12,13,11
221999,Vanderbilt University,10,10,1,21
222053,Volunteer State Community College,10,23,20,10
222062,Walters State Community College,14,29,20,3
222178,Abilene Christian University,0,5,11,16
222567,Alvin Community College,25,9,20,9
222576,Amarillo College,10,30,20,8
222628,Amberton University,7,3,20,12
222831,Angelo State University,7,11,3,18
222983,Austin College,14,6,10,22
222992,Austin Community College District,21,17,4,20
223223,Baylor College of Medicine,0,8,20,24
223232,Baylor University,0,8,2,20
223320,Coastal Bend College,15,15,20,10
223506,Brazosport College,22,14,20,19
223816,Central Texas College,25,9,11,15
223898,Cisco College,14,16,20,10
223922,Clarendon College,1,8,20,1
224004,Concordia University Texas,6,12,16,8
224147,Texas A & M University-Corpus Christi,0,10,15,22
224226,Dallas Baptist University,7,4,16,12
224305,Dallas Theological Seminary,1,3,20,7
224323,University of Dallas,7,5,10,11
224350,Del Mar College,21,23,17,22
224527,East Texas Baptist University,12,8,16,5
224545,Texas A&M University-Texarkana,1,4,10,13
224554,Texas A & M University-Commerce,10,10,11,25
224642,El Paso Community College,20,26,20,17
224891,Frank Phillips College,3,18,20,2
224961,Galveston College,1,4,20,10
225070,Grayson College,15,10,20,13
225247,Hardin-Simmons University,15,6,11,4
225371,Hill College,13,18,17,8
225399,Houston Christian University,5,2,20,13
225414,University of Houston-Clear Lake,2,17,12,25
225432,University of Houston-Downtown,3,13,7,25
225502,University of Houston-Victoria,2,14,0,23
225511,University of Houston,10,5,2,25
225520,Howard College,22,16,20,7
225548,Howard Payne University,4,2,3,3
225575,Huston-Tillotson University,15,20,20,18
225627,University of the Incarnate Word,7,24,13,25
225885,Jarvis Christian University,2,5,11,16
226091,Lamar University,1,11,1,20
226107,Lamar State College-Orange,12,20,20,12
226116,Lamar State College-Port Arthur,15,20,14,8
226134,Laredo College,13,24,9,15
226152,Texas A & M International University,1,6,14,15
226231,LeTourneau University,7,3,20,1
226383,Lubbock Christian University,1,7,13,10
226408,College of the Mainland,7,18,20,19
226471,University of Mary Hardin-Baylor,12,18,11,21
226578,McLennan Community College,24,29,20,24
226587,McMurry University,7,6,20,11
226806,Midland College,14,15,20,17
226833,Midwestern State University,2,15,11,14
227146,Navarro College,15,20,12,18
227182,Lone Star College System,21,18,18,20
227216,University of North Texas,0,8,12,25
227225,Northeast Texas Community College,8,19,15,8
227304,Odessa College,15,7,16,14
227331,Our Lady of the Lake University,14,30,13,21
227368,The University of Texas Rio Grande Valley,13,5,17,23
227386,Panola College,13,10,12,10
227429,Paul Quinn College,14,8,14,9
227526,Prairie View A & M University,2,5,1,24
227687,Ranger College,15,10,20,4
227757,Rice University,0,3,2,22
227845,Saint Edward's University,3,28,0,25
227854,St Philip's College,25,23,11,18
227881,Sam Houston State University,0,11,12,23
227924,San Antonio College,25,22,15,22
228042,Schreiner University,13,13,11,2
228149,St. Mary's University,0,9,11,17
228158,South Plains College,13,22,15,15
228194,South Texas College of Law Houston,1,11,20,18
228246,Southern Methodist University,10,5,15,22
228316,Southwest Texas Junior College,24,19,20,10
228325,Southwestern Assemblies of God University,15,7,20,10
228343,Southwestern University,1,24,10,21
228431,Stephen F Austin State University,2,9,12,18
228459,Texas State University,2,17,1,23
228468,Southwestern Adventist University,15,5,10,9
228501,Sul Ross State University,10,9,11,16
228529,Tarleton State University,1,12,12,23
228547,Tarrant County College District,13,26,13,25
228608,Temple College,12,27,15,20
228635,University of Texas Southwestern Medical Center,16,5,10,21
228644,The University of Texas Health Science Center at San Antonio,0,11,17,25
228653,The University of Texas Medical Branch at Galveston,8,14,3,25
228699,Texarkana College,14,30,16,9
228705,Texas A & M University-Kingsville,11,5,10,22
228723,Texas A & M University-College Station,10,5,2,23
228769,The University of Texas at Arlington,10,7,1,24
228778,The University of Texas at Austin,10,9,5,25
228787,The University of Texas at Dallas,0,3,16,22
228796,The University of Texas at El Paso,10,6,14,21
228802,The University of Texas at Tyler,0,8,11,23
228866,Texas Chiropractic College Foundation Inc,14,7,20,5
228884,Texas College,15,4,10,15
228909,University of North Texas Health Science Center,12,15,16,18
228981,Texas Lutheran University,13,17,15,15
229018,The University of Texas Permian Basin,11,6,3,23
229027,The University of Texas at San Antonio,0,6,4,25
229063,Texas Southern University,11,15,1,24
229115,Texas Tech University,0,5,1,23
229160,Texas Wesleyan University,0,22,10,14
229179,Texas Woman's University,6,30,12,25
229267,Trinity University,7,17,10,22
229300,The University of Texas Health Science Center at Houston,2,11,2,24
229337,Texas Tech University Health Sciences Center,0,13,12,22
229355,Tyler Junior College,12,10,7,11
229540,Victoria College,15,30,15,10
229780,Wayland Baptist University,9,4,0,11
229814,West Texas A & M University,11,6,10,13
229832,Western Texas College,0,1,20,4
229887,Wiley University,1,1,10,8
230038,Brigham Young University,0,3,4,9
230047,Brigham Young University-Hawaii,3,2,10,7
230171,Utah Tech University,3,14,4,16
230597,Snow College,20,10,11,1
230603,Southern Utah University,11,4,6,9
230728,Utah State University,10,6,5,13
230737,Utah Valley University,11,5,17,17
230746,Salt Lake Community College,21,16,8,12
230764,University of Utah,10,10,0,20
230782,Weber State University,15,12,15,19
230852,Champlain College,8,7,14,3
230959,Middlebury College,3,17,0,15
230995,Norwich University,2,6,11,10
231059,Saint Michael's College,2,6,0,5
231147,Vermont Law and Graduate School,10,29,20,13
231165,Vermont State University,4,11,5,0
231174,University of Vermont,1,14,3,17
231420,Averett University,10,22,11,2
231554,Bluefield University,15,8,14,0
231581,Bridgewater College,4,14,0,6
231624,William & Mary,10,11,6,22
231651,Regent University,1,3,16,10
231697,Central Virginia Community College,13,17,20,11
231712,Christopher Newport University,1,9,0,17
231873,Mountain Gateway Community College,15,6,10,0
231882,Danville Community College,22,5,20,8
231970,Eastern Virginia Medical School,0,8,10,17
232025,Emory & Henry University,15,26,1,6
232043,Eastern Mennonite University,5,15,15,3
232052,Eastern Shore Community College,15,19,20,6
232089,Ferrum College,14,25,10,1
232186,George Mason University,10,13,3,24
232195,Germanna Community College,12,20,20,9
232256,Hampden-Sydney College,6,6,11,4
232265,Hampton University,12,8,3,22
232308,Hollins University,9,29,20,8
232414,J Sargeant Reynolds Community College,13,18,20,16
232423,James Madison University,4,21,14,18
232450,Brightpoint Community College,15,20,11,17
232557,Liberty University,7,4,7,17
232566,Longwood University,19,19,2,6
232575,Laurel Ridge Community College,9,18,20,8
232609,University of Lynchburg,9,22,0,7
232672,Mary Baldwin University,13,29,10,18
232681,University of Mary Washington,3,23,16,19
232706,Marymount University,8,29,16,21
232788,Mountain Empire Community College,14,18,20,0
232867,New River Community College,19,11,20,0
232885,Sentara College of Health Sciences,15,20,20,7
232937,Norfolk State University,15,16,1,19
232946,Northern Virginia Community College,12,18,7,20
232982,Old Dominion University,0,6,2,23
233019,Patrick & Henry Community College,15,9,20,2
233037,Paul D Camp Community College,12,6,20,5
233116,Piedmont Virginia Community College,11,17,17,10
233277,Radford University,4,23,11,17
233295,Randolph-Macon College,10,26,0,13
233301,Randolph College,11,29,10,13
233310,Rappahannock Community College,8,20,20,11
233338,Richard Bland College,14,24,14,2
233356,Bon Secours Memorial College of Nursing,5,10,20,2
233374,University of Richmond,0,17,1,23
233408,Riverside College of Health Careers,0,10,20,1
233426,Roanoke College,4,19,16,16
233541,Shenandoah University,14,17,20,15
233611,Southern Virginia University,9,7,10,1
233639,Southside Virginia Community College,14,16,17,5
233648,Southwest Virginia Community College,14,20,20,7
233718,Sweet Briar College,2,15,10,5
233754,Virginia Peninsula Community College,14,20,20,15
233772,Tidewater Community College,21,17,17,20
233897,University of Virginia's College at Wise,2,9,16,15
233903,Virginia Highlands Community College,15,20,20,0
233921,Virginia Polytechnic Institute and State University,0,5,8,19
233949,Virginia Western Community College,14,15,20,3
234030,Virginia Commonwealth University,11,10,2,25
234076,University of Virginia-Main Campus,10,8,0,22
234085,Virginia Military Institute,0,10,0,7
234137,Virginia University of Lynchburg,0,0,11,3
234155,Virginia State University,2,14,0,20
234164,Virginia Union University,15,4,14,14
234173,Virginia Wesleyan University,11,18,15,19
234207,Washington and Lee University,1,10,0,18
234377,Wytheville Community College,6,18,20,0
234669,Bellevue College,22,27,14,21
234696,Bellingham Technical College,15,8,20,1
234711,Big Bend Community College,17,5,20,3
234827,Central Washington University,14,17,0,20
234845,Centralia College,24,10,12,3
234933,Clark College,24,10,8,3
234951,Clover Park Technical College,25,10,17,9
234979,Columbia Basin College,13,8,17,8
235024,Cornish College of the Arts,15,19,20,7
235097,Eastern Washington University,15,17,11,14
235103,Edmonds College,17,9,15,7
235149,Everett Community College,24,9,8,6
235237,Pierce College District,20,10,6,9
235316,Gonzaga University,3,11,3,17
235334,Grays Harbor College,23,6,20,2
235343,Green River College,13,7,13,7
235422,Heritage University,11,7,20,10
235431,Highline College,11,10,5,9
235547,Bastyr University,7,18,20,6
235671,Bates Technical College,20,5,20,5
235699,Lake Washington Institute of Technology,24,10,20,6
235750,Lower Columbia College,19,8,20,2
236072,North Seattle College,25,10,17,8
236188,Olympic College,12,9,7,5
236230,Pacific Lutheran University,7,27,12,16
236258,Peninsula College,15,24,10,5
236328,University of Puget Sound,4,26,2,21
236382,Renton Technical College,15,9,17,10
236452,Saint Martin's University,6,18,12,6
236504,South Seattle College,25,6,16,4
236513,Seattle Central College,14,10,6,9
236577,Seattle Pacific University,5,21,11,17
236595,Seattle University,3,23,3,24
236610,Shoreline Community College,19,10,14,6
236638,Skagit Valley College,23,10,6,4
236656,South Puget Sound Community College,20,7,11,2
236692,Spokane Community College,24,8,7,3
236708,Spokane Falls Community College,23,9,0,2
236753,Tacoma Community College,19,9,20,10
236887,Walla Walla Community College,24,7,16,3
236896,Walla Walla University,9,8,11,6
236939,Washington State University,10,7,2,15
236948,University of Washington-Seattle Campus,11,13,2,22
236975,Wenatchee Valley College,4,9,16,6
237011,Western Washington University,11,15,2,18
237039,Whatcom Community College,11,10,13,4
237057,Whitman College,12,19,0,15
237066,Whitworth University,4,15,11,11
237109,Yakima Valley College,15,7,14,5
237136,Appalachian Bible College,2,9,20,0
237215,Bluefield State University,3,8,15,6
237312,University of Charleston,8,10,17,1
237330,Concord University,25,21,20,0
237358,Davis & Elkins College,12,30,10,3
237367,Fairmont State University,2,10,12,0
237385,Glenville State University,13,5,16,0
237525,Marshall University,12,12,16,19
237686,West Virginia University at Parkersburg,0,11,20,0
237701,Potomac State College of West Virginia University,0,21,11,0
237792,Shepherd University,11,19,11,12
237817,Southern West Virginia Community and Technical College,14,20,20,6
237899,West Virginia State University,9,6,11,19
237932,West Liberty University,15,15,10,9
237950,West Virginia University Institute of Technology,3,13,11,13
237969,West Virginia Wesleyan College,15,27,14,0
238014,West Virginia Northern Community College,3,26,20,6
238032,West Virginia University,10,11,11,16
238078,Wheeling University,15,19,20,10
238193,Alverno College,20,30,13,21
238324,Bellin College,0,6,20,0
238333,Beloit College,12,27,0,14
238458,Carroll University,12,24,3,1
238476,Carthage College,1,13,2,11
238616,Concordia University-Wisconsin,12,11,13,2
238661,Edgewood College,7,25,13,16
238980,Lakeland University,25,8,15,7
239017,Lawrence University,5,16,10,13
239071,Maranatha Baptist University,15,4,20,0
239105,Marquette University,10,14,3,21
239309,Milwaukee Institute of Art & Design,15,10,20,7
239318,Milwaukee School of Engineering,6,3,20,5
239390,Mount Mary University,15,30,12,4
239512,Northland College,1,10,0,0
239628,Ripon College,13,19,10,4
239716,Saint Norbert College,12,19,11,9
240107,Viterbo University,12,19,5,4
240189,University of Wisconsin-Whitewater,13,16,14,14
240268,University of Wisconsin-Eau Claire,17,22,3,20
240277,University of Wisconsin-Green Bay,2,13,15,12
240329,University of Wisconsin-La Crosse,19,24,12,13
240338,Wisconsin Lutheran College,3,8,10,1
240365,University of Wisconsin-Oshkosh,15,14,7,11
240374,University of Wisconsin-Parkside,7,7,20,21
240392,Herzing University-Madison,8,20,17,16
240417,University of Wisconsin-Stout,17,16,16,13
240426,University of Wisconsin-Superior,1,14,15,10
240444,University of Wisconsin-Madison,10,10,2,20
240453,University of Wisconsin-Milwaukee,10,10,5,23
240462,University of Wisconsin-Platteville,14,8,14,17
240471,University of Wisconsin-River Falls,16,15,11,16
240480,University of Wisconsin-Stevens Point,19,14,1,5
240505,Casper College,20,7,4,0
240514,Central Wyoming College,12,18,20,0
240596,Eastern Wyoming College,13,26,20,1
240657,Northwest College,12,13,2,1
240666,Northern Wyoming Community College District,3,8,17,0
240693,Western Wyoming Community College,21,15,20,1
240727,University of Wyoming,10,9,12,18
240736,American Samoa Community College,2,9,14,1
240745,Guam Community College,15,28,20,12
240754,University of Guam,5,16,20,11
240790,Northern Marianas College,7,12,20,8
241191,Universidad Adventista de las Antillas,14,8,20,6
241216,Atlantic University,1,3,20,6
241225,Universidad Central de Bayamon,25,18,13,8
241331,Albizu University-San Juan,1,11,20,7
241377,Caribbean University-Bayamon,15,10,10,4
241395,Pontifical Catholic University of Puerto Rico-Arecibo,14,20,20,8
241410,Pontifical Catholic University of Puerto Rico-Ponce,12,16,20,8
241720,Colegio Universitario de San Juan,4,10,20,4
241739,Universidad Ana G. Mendez-Cupey Campus,21,16,17,8
241766,Puerto Rico Conservatory of Music,15,9,20,11
241951,Escuela de Artes Plasticas y Diseno de Puerto Rico,8,26,20,11
242042,Instituto Tecnologico de Puerto Rico-Recinto de Manati,14,10,20,6
242556,Instituto Tecnologico de Puerto Rico-Recinto de Guayama,0,19,20,9
242617,Inter American University of Puerto Rico-San German,11,23,10,11
242626,Inter American University of Puerto Rico-Aguadilla,15,26,20,12
242635,Inter American University of Puerto Rico-Arecibo,3,16,20,11
242644,Inter American University of Puerto Rico-Barranquitas,12,20,20,6
242653,Inter American University of Puerto Rico-Metro,10,16,20,15
242662,Inter American University of Puerto Rico-Ponce,8,19,20,11
242680,Inter American University of Puerto Rico-Fajardo,0,9,20,6
242699,Inter American University of Puerto Rico-Guayama,14,26,12,6
242705,Inter American University of Puerto Rico-Bayamon,4,12,20,11
242723,Inter American University of Puerto Rico-School of Law,7,12,20,11
243106,University of Puerto Rico-Aguadilla,13,18,20,11
243115,University of Puerto Rico-Arecibo,1,22,20,11
243133,University of Puerto Rico-Bayamon,15,19,17,11
243142,University of Puerto Rico-Carolina,12,15,20,11
243151,University of Puerto Rico at Cayey,12,22,20,11
243179,University of Puerto Rico-Humacao,6,23,6,11
243188,University of Puerto Rico-Utuado,14,20,20,11
243197,University of Puerto Rico-Mayaguez,6,8,15,11
243203,University of Puerto Rico-Medical Sciences,9,28,20,13
243212,University of Puerto Rico at Ponce,14,27,20,11
243221,University of Puerto Rico-Rio Piedras,19,15,18,12
243346,Universidad Ana G. Mendez-Carolina Campus,8,26,20,11
243443,Universidad del Sagrado Corazon,15,29,20,12
243568,Universidad Central Del Caribe,0,14,20,11
243577,Universidad Politecnica de Puerto Rico,13,4,20,8
243586,Pontifical Catholic University of Puerto Rico-Mayaguez,1,11,20,7
243601,Universidad Ana G. Mendez-Gurabo Campus,13,20,17,12
243638,College of Micronesia-FSM,10,4,20,9
243647,Palau Community College,25,9,20,2
243665,University of the Virgin Islands,10,14,16,12
243744,Stanford University,10,4,0,23
243780,Purdue University-Main Campus,10,3,6,19
243823,Parker University,10,6,20,11
244437,Georgia State University-Perimeter College,11,26,18,19
245625,Warren County Community College,4,30,20,11
245953,Mid-America Christian University,14,11,20,8
246354,Palo Alto College,20,22,20,13
247603,Sussex County Community College,2,29,10,0
247649,Landmark College,10,17,3,0
247940,Owensboro Community and Technical College,8,18,20,7
251260,Southern Union State Community College,14,9,16,5
262031,St Charles Community College,20,21,17,12
262086,University of Massachusetts Global,4,19,20,16
262129,New College of Florida,23,28,13,18
364016,Paradise Valley Community College,9,10,20,10
364025,Chandler-Gilbert Community College,22,9,17,10
366003,South Florida Bible College and Theological Seminary,15,10,20,8
366252,Pennsylvania College of Technology,19,5,6,2
366395,Suffolk County Community College,24,17,17,19
366401,Las Positas College,17,9,20,10
366711,California State University-San Marcos,11,21,17,24
367459,NorthWest Arkansas Community College,14,20,20,12
374024,Adler Graduate School,15,16,20,8
377555,University of Washington-Bothell Campus,4,23,17,24
377564,University of Washington-Tacoma Campus,0,23,17,24
380368,Fond du Lac Tribal and Community College,20,17,20,0
381459,Phoenix Seminary,0,0,20,0
383190,Hawaii Community College,15,23,14,13
383996,Eastern New Mexico University Ruidoso Branch Community College,3,0,20,3
384254,Beacon College,2,6,10,5
384333,Estrella Mountain Community College,8,10,18,10
384342,Heartland Community College,14,25,20,13
386472,Herzing University-Orlando,0,20,20,5
395362,Copper Mountain Community College,1,9,20,8
399212,Santiago Canyon College,17,10,11,9
399911,Soka University of America,1,17,0,17
401223,World Mission University,15,6,20,3
403469,Frontier Community College,15,15,20,0
403478,Lincoln Trail College,15,28,20,9
403487,Wabash Valley College,12,1,20,0
405872,Carroll Community College,18,20,10,3
407629,Lake Erie College of Osteopathic Medicine,14,10,16,16
409254,Erikson Institute,15,30,20,22
409315,South Texas College,23,6,18,9
409616,Roger Williams University School of Law,0,29,10,16
409698,California State University-Monterey Bay,15,27,0,23
412173,Academy for Nursing and Health Occupations,14,10,20,3
414911,Pennsylvania Highlands Community College,13,30,20,7
416801,The University of Texas MD Anderson Cancer Center,7,16,0,5
420246,Sonoran University of Health Sciences,9,16,20,13
420398,Northwest Vista College,15,20,20,19
423643,Midwestern University-Glendale,0,22,20,20
433536,Herzing University-New Orleans,0,10,20,10
433660,Florida Gulf Coast University,11,12,15,20
434061,South Louisiana Community College,14,22,17,14
434672,Community College of Baltimore County,13,29,7,20
434900,Dewey University-Carolina,13,7,20,6
435000,Louisiana State University Health Sciences Center-Shreveport,0,5,0,16
436304,River Parishes Community College,13,19,20,12
437103,Baton Rouge Community College,15,18,18,16
439190,Cascadia College,8,10,14,5
439701,The King's University,2,7,20,3
440031,Keck Graduate Institute,1,14,10,12
440402,Arkansas State University-Newport,12,20,16,4
440651,Atenas College,5,10,20,4
440794,Pillar College,15,4,20,13
441104,Richmont Graduate University,14,20,20,1
441131,The Seattle School of Theology & Psychology,0,1,20,1
441760,Lamar Institute of Technology,15,10,20,9
441900,Nevada State University,13,28,16,16
441937,California State University-Channel Islands,8,25,10,23
441982,Franklin W Olin College of Engineering,11,13,11,9
442295,Ave Maria School of Law,1,6,20,8
442356,Pennsylvania College of Health Sciences,14,20,20,3
443049,Faith International University,14,1,20,7
443492,Pierpont Community and Technical College,12,30,11,5
443562,Dewey University-Hato Rey,23,8,20,6
444219,Folsom Lake College,5,9,20,9
444954,Mountwest Community and Technical College,15,30,20,5
445188,University of California-Merced,16,14,5,22
445708,Johnson & Wales University-Charlotte,9,12,10,13
445735,Roseman University of Health Sciences,0,3,15,13
445869,Divine Mercy University,0,14,20,14
446048,Ave Maria University,0,2,10,3
446604,Uta Mesivta of Kiryas Joel,0,0,20,0
446640,Harrisburg University of Science and Technology,2,2,20,7
446774,Blue Ridge Community and Technical College,15,30,20,3
447582,New River Community and Technical College,13,12,20,0
447689,Georgia Gwinnett College,6,15,11,19
447953,SUM Bible College and Theological Seminary,13,1,20,1
448594,Lemoore College,12,7,20,7
449135,Dewey University-Juana Díaz,11,8,20,6
455114,College of Western Idaho,12,12,5,7
455406,Pacific Northwest University of Health Sciences,1,7,20,5
455433,The Chicago School at Anaheim,11,16,20,14
455512,Woodland Community College,14,10,20,4
455664,The Chicago School at Los Angeles,12,19,20,17
456542,Geisinger Commonwealth School of Medicine,0,16,10,11
456959,University of Minnesota-Rochester,2,14,13,4
459727,Touro University Worldwide,9,16,20,13
459736,Touro University California,5,16,20,16
459745,The Chicago School at Washington DC,15,16,20,14
459824,Touro University Nevada,12,16,10,16
459842,Herzing University-Kenosha,0,8,20,4
459851,Herzing University-Brookfield,5,16,20,6
459949,Texas A&M University-San Antonio,0,9,4,12
460349,Johnson & Wales University-Online,15,3,14,1
460394,Moreno Valley College,18,10,18,10
460464,Norco College,24,10,20,10
461528,Manna University,0,1,20,4
461795,North American University,1,10,20,5
462354,John Paul the Great Catholic University,1,1,20,3
464226,Ottawa University-Surprise,15,30,12,14
469416,Dewey University-Manati,13,8,20,6
475033,Relay Graduate School of Education,12,20,20,20
475565,CUNY Stella and Charles Guttman Community College,14,30,20,17
481401,Grace School of Theology,0,0,20,5
482149,Augusta University,10,10,10,25
482158,Middle Georgia State University,9,21,3,24
482680,University of North Georgia,11,13,2,20
482699,South Georgia State College,13,18,20,12
482705,Northeastern University Professional Programs,11,29,2,18
482936,Florida Polytechnic University,4,2,11,4
483036,Texas A&M University-Central Texas,1,21,13,21
483212,Louisiana Delta Community College,20,23,20,11
483595,Ana G. Mendez University,14,10,20,4
484473,University of Florida-Online,0,0,2,4
484905,University of North Texas at Dallas,12,22,20,16
484932,BridgeValley Community & Technical College,15,20,20,2
485111,Georgia Military College,13,13,20,17
486257,Valor Christian College,0,0,20,3
486840,Kennesaw State University,1,12,15,25
486901,Milligan University,2,10,14,2
487010,The University of Tennessee Health Science Center,0,8,12,22
487092,Emory University-Oxford College,13,23,10,19
487320,Texas State Technical College,11,10,11,12
487524,Husson University,13,10,13,0
488730,Northeast Lakeview College,10,27,17,15
489937,Carolina University,15,10,20,3
490106,Virginia University of Integrative Medicine,15,3,20,7
490805,Purdue University Northwest,8,8,8,21
492689,Texas Tech University Health Sciences Center-El Paso,9,6,11,20
492801,Drury University-College of Continuing Professional Studies,15,18,13,0
497046,Madera Community College,14,7,20,9
498562,Commonwealth University of Pennsylvania,2,17,3,15
498571,Pennsylvania Western University,13,21,6,18
133553,Embry-Riddle Aeronautical University-Daytona Beach,0,3,20,16
151290,Indiana Institute of Technology,1,14,20,5
160621,Southern University and A & M College,1,9,13,22
167899,Springfield College,14,28,20,12
176947,Central Methodist University-College of Liberal Arts and Sciences,3,16,14,7
210304,Warner Pacific University,14,10,20,5
215798,Saint Vincent College,2,3,20,4
228875,Texas Christian University,0,13,1,24
236133,Northwest University,4,23,20,14
426314,Embry-Riddle Aeronautical University-Worldwide,14,11,20,8
445267,Central Methodist University-College of Graduate and Extended Studies,1,28,14,0
475273,"Springfield College-Regional, Online, and Continuing Education",0,25,20,16
