UNITID,INSTNM,EIN,OPEID,IALIAS,ADDR,CITY,STABBR,ZIP,WEBADDR,CSTOTLT,EFTOTAL,CNTLAFFI,STUSRV8,SAINSTM,SAINSTW,SAOUTLM,SAOUTLW,AVGSALM,AVGSALW,AVGALLM,AVGALLW,OCCUPCAT,HRTOTLT,HRTOTLM,HRTOTLW,BLKPERC,HISPPERC,ASIAPERC,PRFPERCW_101,PRFPERCW_102,PRFPERCW_200,BKAAPERCW_101,BKAAPERCW_102,BKAAPERCW_200,HISPERCW_101,HISPERCW_102,HISPERCW_200,ASIAPERCW_101,ASIAPERCW_102,ASIAPERCW_200,AVGPERY_HATE,PERTHOU_HATE,AVGALL_HATE,AVGPERY_VAWA,PERTHOU_VAWA,AVGALL_VAWA
100654,Alabama A & M University,636001109,100200,AAMU,4900 Meridian Street,Normal,AL,35762,www.aamu.edu/,729,6614,1,1,139,127,10412890,8675484,74912.88,68310.9,110286.9382,94108.42955,100,566,204,362,0.874558304,0.0,0.019434629,0.225,0.41509434,0.273972603,0.125,0.245283019,0.178082192,0.0,0.0,0.0,0.025,0.113207547,0.068493151,0.0,0,0.075803083,11.66666667,1.942178569,0.473938235
100663,University of Alabama at Birmingham,636005396,105200,UAB,Administration Bldg Suite 1070,Birmingham,AL,35294-0110,https://www.uab.edu/,6356,21160,1,0,423,530,57379658,65638438,135649.31,123846.11,110286.9382,94108.42955,100,7432,2371,5061,0.311759957,0.022066738,0.061356297,0.349428208,0.445355191,0.362831858,0.021601017,0.047814208,0.027654867,0.00635324,0.015027322,0.005530973,0.054637865,0.077868852,0.055309735,1.333333333,0.061617142,0.075803083,48.33333333,2.233621393,0.473938235
100706,University of Alabama in Huntsville,630520830,105500,UAH  University of Alabama Huntsville,301 Sparkman Dr,Huntsville,AL,35899,www.uah.edu/,2288,8743,1,1,195,164,21688839,13418489,111224.82,81820.05,110286.9382,94108.42955,100,1055,490,565,0.120379147,0.022748815,0.03507109,0.186666667,0.356321839,0.261437908,0.013333333,0.022988506,0.019607843,0.0,0.011494253,0.006535948,0.04,0.08045977,0.058823529,0.666666667,0.072173505,0.075803083,2.333333333,0.252607268,0.473938235
100724,Alabama State University,636001101,100500,,915 S Jackson Street,Montgomery,AL,36104-0271,www.alasu.edu/,598,3870,1,0,101,104,8443989,7987039,83603.85,76798.45,110286.9382,94108.42955,100,571,239,332,0.872154116,0.003502627,0.017513135,0.474576271,0.452830189,0.471698113,0.338983051,0.320754717,0.339622642,0.0,0.0,0.0,0.033898305,0.056603774,0.047169811,0.0,0,0.075803083,5.333333333,1.393242773,0.473938235
100751,The University of Alabama,636001138,105100,,739 University Blvd,Tuscaloosa,AL,35487-0100,www.ua.edu/,8929,39622,1,1,857,790,98595430,72380933,115047.18,91621.43,110286.9382,94108.42955,100,4988,1874,3114,0.21351243,0.021852446,0.019446672,0.31641791,0.420091324,0.352409639,0.023880597,0.03196347,0.02560241,0.011940299,0.011415525,0.012048193,0.020895522,0.047945205,0.039156627,1.333333333,0.034502985,0.075803083,24.66666667,0.638305213,0.473938235
100760,Central Alabama Community College,631022757,100700,,1675 Cherokee Rd,Alexander City,AL,35010,www.cacc.edu/,232,1910,1,0,23,26,1469853,1659218,63906.65,63816.08,110286.9382,94108.42955,100,116,37,79,0.267241379,0.00862069,0.0,0.0,0.0,0.518518519,0.0,0.0,0.074074074,0.0,0.0,0.0,0.0,0.0,0.0,0.0,0,0.075803083,0.666666667,0.375164134,0.473938235
100812,Athens State University,630701340,100800,,300 N Beaty St,Athens,AL,35611,https://www.athens.edu/,837,2955,1,0,39,49,3517660,4421918,90196.41,90243.22,110286.9382,94108.42955,100,194,67,127,0.113402062,0.015463918,0.015463918,0.56,0.636363636,0.618181818,0.16,0.0,0.072727273,0.0,0.060606061,0.036363636,0.0,0.090909091,0.036363636,0.0,0,0.075803083,0.0,0,0.473938235
100830,Auburn University at Montgomery,636000724,831000,AUM||Auburn University at Montgomery|Auburn Montgomery,7440 East Drive,Montgomery,AL,36117-3596,www.aum.edu/,1256,5189,1,1,113,116,10681950,9248980,94530.53,79732.59,110286.9382,94108.42955,100,464,169,295,0.3125,0.006465517,0.040948276,0.339285714,0.424242424,0.376068376,0.053571429,0.045454545,0.051282051,0.0,0.0,0.0,0.0,0.045454545,0.025641026,1.333333333,0.26097736,0.075803083,8.666666667,1.696352841,0.473938235
100858,Auburn University,636000724,100900,,,Auburn,AL,36849,www.auburn.edu/,7764,33015,1,0,850,616,105331451,64811313,123919.35,105213.17,110286.9382,94108.42955,100,4899,1846,3053,0.137170851,0.029189631,0.022249439,0.314070352,0.419203747,0.340080972,0.015075377,0.023419204,0.016194332,0.012562814,0.018735363,0.016194332,0.040201005,0.046838407,0.044534413,0.666666667,0.020988121,0.075803083,50.66666667,1.595097175,0.473938235
100937,Birmingham-Southern College,630708730,101200,BSC,900 Arkadelphia Road,Birmingham,AL,35254,www.bsc.edu/,273,731,4,0,36,44,2384057,2357531,66223.81,53580.25,110286.9382,94108.42955,100,173,81,92,0.196531792,0.01734104,0.011560694,0.3,0.578947368,0.432432432,0.0,0.0,0.0,0.0,0.0,0.0,0.0,0.0,0.0,0.0,0,0.075803083,0.666666667,0.683760684,0.473938235
101028,Chattahoochee Valley Community College,630657380,1218200,CVCC,2602 College Drive,Phenix City,AL,36869,https://www.cv.edu/,380,1712,1,0,14,27,798838,1514117,57059.86,56078.41,110286.9382,94108.42955,100,98,36,62,0.571428571,0.010204082,0.0,0.0,0.0,0.714285714,0.0,0.0,0.214285714,0.0,0.0,0.0,0.0,0.0,0.035714286,0.0,0,0.075803083,0.0,0,0.473938235
101143,Enterprise State Community College,630504851,101500,Enterprise-Ozark Community College   Enterprise State Junior College,600 Plaza Drive,Enterprise,AL,36330-1300,www.escc.edu/,339,2248,1,0,33,26,2837818,2196381,85994.48,84476.19,110286.9382,94108.42955,100,118,45,73,0.203389831,0.008474576,0.0,0.0,0.0,0.512820513,0.0,0.0,0.076923077,0.0,0.0,0.0,0.0,0.0,0.0,0.0,0,0.075803083,0.333333333,0.165837479,0.473938235
101161,Coastal Alabama Community College,630501805,106000,,1900 U S Highway 31 South,Bay Minette,AL,36507-2698,www.coastalalabama.edu/,1360,6791,1,0,75,103,5204864,7420259,69398.19,72041.35,110286.9382,94108.42955,100,290,103,187,0.244827586,0.010344828,0.0,0.0,0.0,0.593984962,0.0,0.0,0.07518797,0.0,0.0,0.022556391,0.0,0.0,0.0,0.0,0,0.075803083,3.666666667,0.539215686,0.473938235
101189,Faulkner University,630329409,100300,Faulkner,5345 Atlanta Hwy,Montgomery,AL,36109-3390,www.faulkner.edu/,802,2933,4,0,68,76,4740111,5305680,69707.51,69811.58,110286.9382,94108.42955,100,219,98,121,0.141552511,0.03652968,0.01369863,0.307692308,0.620689655,0.4,0.051282051,0.0,0.022222222,0.0,0.034482759,0.0,0.025641026,0.0,0.022222222,0.0,0,0.075803083,1.666666667,0.591645959,0.473938235
101240,Gadsden State Community College,630501425,101700,GSCC | Gadsden State | Gadsden Community College,1001 George Wallace Dr,Gadsden,AL,35903,www.gadsdenstate.edu/,1146,4728,1,0,59,70,3857445,4559410,65380.42,65134.43,110286.9382,94108.42955,100,298,104,194,0.177852349,0.016778523,0.0,0.0,0.0,0.533333333,0.0,0.0,0.011111111,0.0,0.0,0.011111111,0.0,0.0,0.0,0.0,0,0.075803083,0.0,0,0.473938235
101295,George C Wallace State Community College-Hanceville,630498828,787100,Wallace State Community College Wallace State - Hanceville,801 Main St NW,Hanceville,AL,35077-2000,https://www.wallacestate.edu/,1625,6023,1,0,45,78,2805044,5058612,62334.31,64854.0,110286.9382,94108.42955,100,206,69,137,0.038834951,0.019417476,0.009708738,0.0,0.0,0.666666667,0.0,0.0,0.0,0.0,0.0,0.0,0.0,0.0,0.0,0.0,0,0.075803083,0.666666667,0.111763062,0.473938235
101301,George C Wallace State Community College-Selma,630600375,569900,Wallace Community College Selma,3000 Earl Goodwin Parkway,Selma,AL,36702-2808,https://www.wccs.edu/,310,1935,1,0,18,25,1009938,1613502,56107.67,64540.08,110286.9382,94108.42955,100,139,46,93,0.81294964,0.0,0.007194245,0.0,0.0,0.6,0.0,0.0,0.5,0.0,0.0,0.0,0.0,0.0,0.0,0.0,0,0.075803083,0.0,0,0.473938235
101365,Herzing University-Birmingham,271503981,962107,,280 West Valley Ave,Birmingham,AL,35209,https://www.herzing.edu/,250,448,3,0,3,11,214913,918081,71637.67,83461.91,110286.9382,94108.42955,100,18,6,12,0.5,0.0,0.0,1.0,0.0,0.0,0.0,0.0,0.0,0.0,0.0,0.0,0.0,0.0,0.0,0.0,0,0.075803083,0.0,0,0.473938235
101435,Huntingdon College,630288841,101900,,1500 East Fairview Avenue,Montgomery,AL,36106-2148,https://www.huntingdon.edu/,178,869,4,0,28,22,2014074,1461334,71931.21,66424.27,110286.9382,94108.42955,100,125,60,65,0.128,0.032,0.0,0.352941176,0.666666667,0.4,0.058823529,0.0,0.0,0.0,0.0,0.0,0.0,0.0,0.0,0.0,0,0.075803083,0.333333333,0.407996736,0.473938235
101462,J. F. Drake State Community and Technical College,630439942,526000,Drake State,3421 Meridian St N,Huntsville,AL,35811,https://drakestate.edu/,137,1011,1,0,8,17,494153,970628,61769.12,57095.76,110286.9382,94108.42955,100,66,27,39,0.545454545,0.015151515,0.03030303,0.0,0.0,0.333333333,0.0,0.0,0.333333333,0.0,0.0,0.0,0.0,0.0,0.0,0.0,0,0.075803083,0.0,0,0.473938235
101480,Jacksonville State University,636001099,102000,,700 Pelham Road North,Jacksonville,AL,36265,www.jsu.edu/,2008,9672,1,1,154,191,11490136,13533892,74611.27,70858.07,110286.9382,94108.42955,100,694,251,443,0.090778098,0.010086455,0.010086455,0.430107527,0.532467532,0.433823529,0.032258065,0.025974026,0.022058824,0.0,0.012987013,0.0,0.064516129,0.012987013,0.036764706,0.0,0,0.075803083,11.0,1.142026578,0.473938235
101505,Jefferson State Community College,630501357,102200,Jeff State | JSCC | Jefferson State,2601 Carson Rd,Birmingham,AL,35215-3098,www.jeffersonstate.edu/,1107,8839,1,0,47,88,3186976,6015083,67808.0,68353.22,110286.9382,94108.42955,100,320,111,209,0.39375,0.003125,0.009375,0.0,0.0,0.653846154,0.0,0.0,0.144230769,0.0,0.0,0.0,0.0,0.0,0.019230769,0.0,0,0.075803083,2.666666667,0.316293046,0.473938235
101514,John C Calhoun State Community College,630505871,101300,Calhoun Community College,6250 U S Highway 31 N,Tanner,AL,35671,https://calhoun.edu/,2397,8736,1,0,65,105,4266325,6883498,65635.77,65557.12,110286.9382,94108.42955,100,398,166,232,0.17839196,0.025125628,0.015075377,0.0,0.0,0.636363636,0.0,0.0,0.1,0.0,0.0,0.0,0.0,0.0,0.009090909,2.666666667,0.326677284,0.075803083,0.333333333,0.04083466,0.473938235
101569,Lawson State Community College,630641064,105900,,3060 Wilson Rd SW,Birmingham,AL,35221-1717,www.lawsonstate.edu/,480,3153,1,0,43,38,2667352,2585836,62031.44,68048.32,110286.9382,94108.42955,100,155,48,107,0.870967742,0.0,0.0,0.0,0.0,0.526315789,0.0,0.0,0.350877193,0.0,0.0,0.0,0.0,0.0,0.0,0.0,0,0.075803083,0.666666667,0.228388718,0.473938235
101587,University of West Alabama,636001100,102400,UWA,Station One,Livingston,AL,35470,www.uwa.edu/,1646,6194,1,1,53,65,3868426,4506147,72989.17,69325.34,110286.9382,94108.42955,100,309,120,189,0.27184466,0.003236246,0.006472492,0.34375,0.571428571,0.47761194,0.03125,0.107142857,0.104477612,0.0,0.0,0.0,0.0,0.035714286,0.014925373,0.0,0,0.075803083,1.666666667,0.284414107,0.473938235
101602,Lurleen B Wallace Community College,630576487,898800,"Lurleen B. Wallace Community College, LBW Community College, LBWCC",1000 Dannelly Blvd.,Andalusia,AL,36420-1224,https://www.lbwcc.edu/,522,2130,1,0,24,32,1408312,1967834,58679.67,61494.81,110286.9382,94108.42955,100,86,24,62,0.139534884,0.0,0.0,0.0,0.0,0.625,0.0,0.0,0.025,0.0,0.0,0.025,0.0,0.0,0.0,0.0,0,0.075803083,0.0,0,0.473938235
101648,Marion Military Institute,630288853,102600,,1101 Washington St,Marion,AL,36756-3207,www.marionmilitary.edu/,81,308,1,0,10,13,688736,816703,68873.6,62823.31,110286.9382,94108.42955,100,87,46,41,0.229885057,0.011494253,0.0,0.0,0.0,0.526315789,0.0,0.0,0.0,0.0,0.0,0.052631579,0.0,0.0,0.052631579,0.0,0,0.075803083,0.333333333,1.041666667,0.473938235
101675,Miles College,630400608,102800,,5500 Myron Massey Blvd,Fairfield,AL,35064-2621,https://www.miles.edu/,145,1151,4,0,29,35,1647970,1919923,56826.55,54854.94,110286.9382,94108.42955,100,165,89,76,0.939393939,0.006060606,0.0,0.0,0.5,0.0,0.0,0.5,0.0,0.0,0.0,0.0,0.0,0.0,0.0,0.0,0,0.075803083,1.0,0.79491256,0.473938235
101693,University of Mobile,630417508,102900,University of Mobile,5735 College Parkway,Mobile,AL,36613-2842,https://www.umobile.edu/,349,1911,4,0,26,47,1485177,2475255,57122.19,52665.0,110286.9382,94108.42955,100,123,45,78,0.130081301,0.008130081,0.0,0.454545455,0.566666667,0.416666667,0.090909091,0.0,0.083333333,0.0,0.0,0.0,0.0,0.033333333,0.0,0.0,0,0.075803083,0.0,0,0.473938235
101709,University of Montevallo,636000720,100400,,Station 6001,Montevallo,AL,35115-6000,www.montevallo.edu/,605,2942,1,0,73,82,5975762,5949480,81859.75,72554.63,110286.9382,94108.42955,100,361,123,238,0.157894737,0.016620499,0.005540166,0.423076923,0.595238095,0.5,0.0,0.023809524,0.010638298,0.038461538,0.0,0.021276596,0.038461538,0.023809524,0.031914894,0.0,0,0.075803083,0.666666667,0.257798402,0.473938235
101736,Northwest Shoals Community College,630513822,569700,,800 George Wallace Blvd,Muscle Shoals,AL,35661,https://www.nwscc.edu/,864,4136,1,1,34,34,2163274,2156739,63625.71,63433.5,110286.9382,94108.42955,100,279,70,209,0.114695341,0.046594982,0.003584229,0.0,0.0,0.5,0.0,0.0,0.074074074,0.0,0.0,0.0,0.0,0.0,0.0,0.0,0,0.075803083,0.0,0,0.473938235
101879,University of North Alabama,636000893,101600,UNA,One Harrison Plaza,Florence,AL,35632-0001,https://www.una.edu/,2145,10059,1,0,146,150,12699926,11624123,86985.79,77494.15,110286.9382,94108.42955,100,529,182,347,0.11342155,0.013232514,0.015122873,0.395348837,0.440677966,0.414285714,0.034883721,0.033898305,0.035714286,0.023255814,0.016949153,0.021428571,0.058139535,0.016949153,0.035714286,0.0,0,0.075803083,9.333333333,0.949474398,0.473938235
101897,Northeast Alabama Community College,630504999,103100,"Northeast, NACC, Northeast Alabama State Junior College, Northeast Alabama State Community College",138  Highway 35,Rainsville,AL,35986,https://www.nacc.edu/,882,2905,1,0,26,32,1856565,2223615,71406.35,69487.97,110286.9382,94108.42955,100,168,49,119,0.011904762,0.047619048,0.011904762,0.0,0.0,0.525,0.0,0.0,0.0,0.0,0.0,0.0,0.0,0.0,0.0,0.0,0,0.075803083,0.0,0,0.473938235
101912,Oakwood University,630366652,103300,OU,7000 Adventist Blvd NW,Huntsville,AL,35896,https://www2.oakwood.edu/,194,1319,4,1,50,47,2821133,2619986,56422.66,55744.38,110286.9382,94108.42955,100,148,60,88,0.831081081,0.081081081,0.013513514,0.315789474,0.5625,0.5,0.263157895,0.5,0.416666667,0.052631579,0.0,0.083333333,0.0,0.0,0.0,0.0,0,0.075803083,0.333333333,0.22675737,0.473938235
101994,Reid State Technical College,630510731,569200,,100 and Hwy 83,Evergreen,AL,36401,www.rstc.edu/,136,576,1,0,7,9,417998,592778,59714.0,65864.22,110286.9382,94108.42955,100,54,18,36,0.611111111,0.0,0.0,0.0,0.0,0.571428571,0.0,0.0,0.285714286,0.0,0.0,0.0,0.0,0.0,0.0,0.0,0,0.075803083,0.0,0,0.473938235
102030,Bishop State Community College,630507477,103000,,351 North Broad Street,Mobile,AL,36603-5898,www.bishop.edu/,772,3568,1,0,28,36,1736014,2408958,62000.5,66915.5,110286.9382,94108.42955,100,157,51,106,0.707006369,0.0,0.0,0.0,0.0,0.648648649,0.0,0.0,0.432432432,0.0,0.0,0.0,0.0,0.0,0.0,0.0,0,0.075803083,0.0,0,0.473938235
102049,Samford University,630312914,103600,,800 Lakeshore Drive,Birmingham,AL,35229-2240,www.samford.edu/,1572,5791,4,0,163,209,16882400,18816810,103573.01,90032.58,110286.9382,94108.42955,100,660,241,419,0.112121212,0.013636364,0.009090909,0.426470588,0.555555556,0.445026178,0.051470588,0.033333333,0.031413613,0.007352941,0.011111111,0.010471204,0.0,0.022222222,0.010471204,0.0,0,0.075803083,0.0,0,0.473938235
102067,Shelton State Community College,636002149,569100,,9500 Old Greensboro Rd,Tuscaloosa,AL,35405-8522,www.sheltonstate.edu/,800,4536,1,0,41,64,2766330,4074106,67471.46,63657.91,110286.9382,94108.42955,100,239,78,161,0.376569038,0.016736402,0.0041841,0.0,0.0,0.552238806,0.0,0.0,0.164179104,0.0,0.0,0.0,0.0,0.0,0.0,0.0,0,0.075803083,1.333333333,0.320051208,0.473938235
102076,Snead State Community College,630521412,103800,,102 Elder Street,Boaz,AL,35957-0734,www.snead.edu/,443,2767,1,0,24,17,1737388,1255158,72391.17,73832.82,110286.9382,94108.42955,100,101,53,48,0.02970297,0.04950495,0.0,0.0,0.0,0.47826087,0.0,0.0,0.0,0.0,0.0,0.0,0.0,0.0,0.0,0.0,0,0.075803083,0.0,0,0.473938235
102094,University of South Alabama,630477348,105700,,307 N University Blvd,Mobile,AL,36688-0002,www.southalabama.edu/,3549,13768,1,0,241,308,19402986,23990429,80510.32,77891.0,110286.9382,94108.42955,100,1217,425,792,0.211996713,0.008216927,0.023829088,0.292682927,0.464646465,0.367588933,0.0,0.02020202,0.003952569,0.0,0.0,0.0,0.030487805,0.055555556,0.051383399,0.0,0,0.075803083,18.66666667,1.3890956,0.473938235
102234,Spring Hill College,630302179,104100,Springhill|Springhill College|SHC|the Hill,4000 Dauphin St,Mobile,AL,36608-1780,https://www.shc.edu/,282,977,4,0,37,39,1855733,2003205,50154.95,51364.23,110286.9382,94108.42955,100,150,75,75,0.24,0.013333333,0.006666667,0.384615385,0.357142857,0.394736842,0.0,0.0,0.0,0.0,0.035714286,0.026315789,0.0,0.0,0.0,0.0,0,0.075803083,1.333333333,1.274697259,0.473938235
102270,Stillman College,630315935,104400,,3601 Stillman Boulevard,Tuscaloosa,AL,35401,https://stillman.edu/,94,779,4,0,23,24,1378534,1166534,59936.26,48605.58,110286.9382,94108.42955,100,121,54,67,0.909090909,0.0,0.0,0.0,0.545454545,0.5,0.0,0.454545455,0.3125,0.0,0.0,0.0,0.0,0.045454545,0.0625,0.0,0,0.075803083,1.666666667,2.240143369,0.473938235
102298,Talladega College,630288870,104600,,627 West Battle Street,Talladega,AL,35160,www.talladega.edu/,148,837,4,0,16,19,875283,999206,54705.19,52589.79,110286.9382,94108.42955,100,179,75,104,0.826815642,0.027932961,0.011173184,0.0,0.222222222,0.0,0.0,0.111111111,0.0,0.0,0.0,0.0,0.0,0.111111111,0.0,0.0,0,0.075803083,0.333333333,0.369139904,0.473938235
102313,H Councill Trenholm State Community College,630510750,573400,Trenholm State,1225 Air Base Blvd,Montgomery,AL,36108-3199,www.trenholmstate.edu/,250,1907,1,0,26,24,1511584,1563658,58137.85,65152.42,110286.9382,94108.42955,100,92,31,61,0.717391304,0.02173913,0.0,0.0,0.0,0.454545455,0.0,0.0,0.303030303,0.0,0.0,0.0,0.0,0.0,0.0,0.0,0,0.075803083,0.0,0,0.473938235
102368,Troy University,636001102,104700,TROY,University Avenue,Troy,AL,36082-0001,www.troy.edu/,3491,13923,1,0,205,247,17834706,18047388,86998.57,73066.35,110286.9382,94108.42955,100,1437,497,940,0.152400835,0.0,0.007654836,0.212121212,0.488372093,0.393939394,0.0,0.054263566,0.03030303,0.0,0.0,0.0,0.0,0.007751938,0.0,0.0,0,0.075803083,2.0,0.141282848,0.473938235
102377,Tuskegee University,630288878,105000,,"Kresge Center, 3rd Floor",Tuskegee,AL,36088-1920,www.tuskegee.edu/,547,2846,3,0,135,88,10142682,6727017,75130.98,76443.38,110286.9382,94108.42955,100,387,171,216,0.664082687,0.002583979,0.051679587,0.224137931,0.43373494,0.348623853,0.155172414,0.228915663,0.19266055,0.034482759,0.024096386,0.027522936,0.017241379,0.060240964,0.055045872,0.0,0,0.075803083,1.333333333,0.518806744,0.473938235
102429,Bevill State Community College,631102108,573300,,1411 Indiana Avenue,Jasper,AL,35501,www.bscc.edu/,1015,3946,1,0,50,49,3338947,3437739,66778.94,70157.94,110286.9382,94108.42955,100,375,87,288,0.125333333,0.010666667,0.0,0.0,0.0,0.552631579,0.0,0.0,0.092105263,0.0,0.0,0.0,0.0,0.0,0.0,0.0,0,0.075803083,0.0,0,0.473938235
102553,University of Alaska Anchorage,926000147,1146200,UAA,3211 Providence Drive,Anchorage,AK,99508,www.uaa.alaska.edu/,1625,10796,1,0,196,217,17857403,18705016,91109.2,86198.23,110286.9382,94108.42955,100,1283,460,823,0.025720966,0.062353858,0.042088854,0.484126984,0.426966292,0.46039604,0.0,0.0,0.0,0.031746032,0.0,0.01980198,0.047619048,0.033707865,0.03960396,0.0,0,0.075803083,13.66666667,1.30606524,0.473938235
102614,University of Alaska Fairbanks,926000147,106300,UAF,1731 South Chandalar Drive,Fairbanks,AK,99775,www.uaf.edu/,1037,6640,1,0,141,142,13155161,12403467,93299.01,87348.36,110286.9382,94108.42955,100,1930,853,1077,0.016062176,0.044041451,0.029015544,0.452054795,0.435897436,0.430656934,0.01369863,0.012820513,0.00729927,0.0,0.0,0.0,0.01369863,0.025641026,0.02919708,1.333333333,0.201806165,0.075803083,17.0,2.573028606,0.473938235
102632,University of Alaska Southeast,926000147,106500,,11066 Auke Lake Way,Juneau,AK,99801-8697,www.uas.alaska.edu/,448,1918,1,0,38,46,3141064,3758756,82659.58,81712.09,110286.9382,94108.42955,100,192,64,128,0.010416667,0.046875,0.067708333,0.384615385,0.631578947,0.45,0.0,0.0,0.0,0.0,0.0,0.0,0.0,0.0,0.0,0.0,0,0.075803083,1.333333333,0.693361068,0.473938235
102669,Alaska Pacific University,920023588,106100,,4101 University Dr,Anchorage,AK,99508,www.alaskapacific.edu/,170,578,4,0,23,30,1539000,2138600,66913.04,71286.67,110286.9382,94108.42955,100,92,24,68,0.010869565,0.043478261,0.02173913,0.444444444,0.631578947,0.0,0.0,0.052631579,0.0,0.0,0.0,0.0,0.111111111,0.0,0.0,0.0,0,0.075803083,0.0,0,0.473938235
104151,Arizona State University Campus Immersion,860196696,108100,ASU Tempe,University Drive and Mill Avenue,Tempe,AZ,85287,www.asu.edu/,20122,79593,1,1,1741,1628,217881347,167039448,125147.24,102604.08,110286.9382,94108.42955,100,9495,3720,5775,0.041916798,0.168509742,0.048762507,0.364148816,0.461942257,0.387481371,0.012401353,0.020997375,0.01266766,0.032694476,0.043307087,0.035022355,0.033821871,0.060367454,0.050670641,0.666666667,0.008326568,0.075803083,21.0,0.262286892,0.473938235
104179,University of Arizona,742652689,108300,The University of Arizona | UArizona | U of A | UofA | UA | University of AZ | Univ. of AZ | The Univ. of AZ,1401 E University Blvd,Tucson,AZ,85721-0066,https://www.arizona.edu/,10963,53001,1,0,1125,907,138998335,94339911,123554.08,104013.13,110286.9382,94108.42955,100,10510,4010,6500,0.028353949,0.291246432,0.046717412,0.318932656,0.46039604,0.337477798,0.007623888,0.01980198,0.009769094,0.027954257,0.052805281,0.03374778,0.029224905,0.052805281,0.039076377,8.666666667,0.175427943,0.075803083,37.33333333,0.7556896,0.473938235
104346,Central Arizona College,860180838,728300,Pinal County Community College,8470 N Overfield Rd,Coolidge,AZ,85128-9030,www.centralaz.edu/,829,5131,1,1,44,46,3007838,3030228,68359.95,65874.52,110286.9382,94108.42955,100,421,166,255,0.049881235,0.346793349,0.016627078,0.511111111,0.0,0.0,0.066666667,0.0,0.0,0.044444444,0.0,0.0,0.022222222,0.0,0.0,0.0,0,0.075803083,1.333333333,0.286615076,0.473938235
104577,Eastern Arizona College,866000754,107300,,615 N. Stadium Ave.,Thatcher,AZ,85552-0769,www.eac.edu/,967,5076,1,0,56,35,4268851,2507142,76229.48,71632.63,110286.9382,94108.42955,100,495,231,264,0.014141414,0.131313131,0.01010101,0.433333333,0.360655738,0.0,0.0,0.0,0.0,0.033333333,0.016393443,0.0,0.033333333,0.0,0.0,0.666666667,0.137061404,0.075803083,0.666666667,0.137061404,0.473938235
104586,Embry-Riddle Aeronautical University-Prescott,590936101,147902,Embry Riddle Aeronautical University-Prescott,3700 Willow Creek Road,Prescott,AZ,86301-3720,prescott.erau.edu/,623,3286,3,0,118,43,10849418,3324626,91944.22,77316.88,110286.9382,94108.42955,100,350,210,140,0.014285714,0.091428571,0.06,0.16,0.23255814,0.244444444,0.0,0.023255814,0.0,0.0,0.0,0.0,0.12,0.046511628,0.111111111,0.0,0,0.075803083,0.666666667,0.210837023,0.473938235
104708,Glendale Community College,860185552,107600,,6000 W Olive Ave,Glendale,AZ,85302,www.gccaz.edu/,1968,13480,1,1,104,126,9601162,11655019,92318.87,92500.15,110286.9382,94108.42955,100,653,290,363,0.070444104,0.318529862,0.04287902,0.0,0.0,0.547619048,0.0,0.0,0.029761905,0.0,0.0,0.041666667,0.0,0.0,0.035714286,0.0,0,0.075803083,0.0,0,0.473938235
105145,GateWay Community College,860185552,830300,,108 N. 40th Street,Phoenix,AZ,85034,www.gatewaycc.edu/,1206,5123,1,1,34,65,3058281,5496667,89949.44,84564.11,110286.9382,94108.42955,100,331,128,203,0.084592145,0.317220544,0.033232628,0.0,0.0,0.586956522,0.0,0.0,0.02173913,0.0,0.0,0.043478261,0.0,0.0,0.02173913,0.0,0,0.075803083,0.333333333,0.070937079,0.473938235
105154,Mesa Community College,860185552,107700,,1833 W Southern Ave,Mesa,AZ,85202,www.mesacc.edu/,2980,16624,1,1,117,145,11086895,13134602,94759.79,90583.46,110286.9382,94108.42955,100,796,320,476,0.057788945,0.257537688,0.040201005,0.0,0.0,0.542857143,0.0,0.0,0.017142857,0.0,0.0,0.045714286,0.0,0.0,0.034285714,0.0,0,0.075803083,0.333333333,0.0211345,0.473938235
105297,Dine College,860215931,824600,,"Route 12, One Circle Drive",Tsaile,AZ,86556,https://www.dinecollege.edu/,104,1836,1,1,36,21,2120433,1215785,58900.92,57894.52,110286.9382,94108.42955,100,211,87,124,0.0,0.014218009,0.009478673,0.3,0.214285714,0.0,0.0,0.0,0.0,0.0,0.0,0.0,0.1,0.0,0.0,0.0,0,0.075803083,2.0,1.288659794,0.473938235
105330,Northern Arizona University,742579628,108200,NAU,"1900 S Knoles Dr, Babbitt Administrative Center, Room 200",Flagstaff,AZ,86011-4092,https://nau.edu/,7185,28186,1,1,524,591,50566176,50034179,96500.34,84660.2,110286.9382,94108.42955,100,2180,851,1329,0.019266055,0.112385321,0.023853211,0.440514469,0.520504732,0.391304348,0.006430868,0.006309148,0.005434783,0.025723473,0.050473186,0.029891304,0.025723473,0.047318612,0.035326087,5.333333333,0.189892948,0.075803083,50.66666667,1.803983005,0.473938235
105428,Phoenix College,860185552,107800,,1202 W Thomas Rd,Phoenix,AZ,85013,www.phoenixcollege.edu/,1345,10384,1,0,62,90,5784594,7738410,93299.9,85982.33,110286.9382,94108.42955,100,509,183,326,0.094302554,0.353634578,0.04518664,0.0,0.0,0.542168675,0.0,0.0,0.024096386,0.0,0.0,0.084337349,0.0,0.0,0.024096386,0.0,0,0.075803083,0.0,0,0.473938235
105589,Prescott College,860294012,2065300,Prescot College | Prescott University | Prescott University | Prescott | PC | Prescott Center for Alternative Education,220 Grove Ave,Prescott,AZ,86301,https://prescott.edu/,286,909,3,0,12,35,610596,1848295,50883.0,52808.43,110286.9382,94108.42955,100,90,25,65,0.022222222,0.077777778,0.022222222,0.0,0.678571429,0.0,0.0,0.035714286,0.0,0.0,0.035714286,0.0,0.0,0.0,0.0,0.0,0,0.075803083,0.333333333,0.343997248,0.473938235
105668,Rio Salado College,860185552,2177500,,2323 W 14th St,Tempe,AZ,85281,www.rio.maricopa.edu/,3409,18631,1,0,15,39,1076815,3151053,71787.67,80796.23,110286.9382,94108.42955,100,641,223,418,0.070202808,0.27301092,0.048361934,0.0,0.0,0.916666667,0.0,0.0,0.083333333,0.0,0.0,0.0,0.0,0.0,0.083333333,0.0,0,0.075803083,0.0,0,0.473938235
105747,Scottsdale Community College,860185552,830400,,9000 E Chaparral Rd,Scottsdale,AZ,85256,www.scottsdalecc.edu/,744,6875,1,0,51,60,4801824,5328719,94153.41,88811.98,110286.9382,94108.42955,100,328,146,182,0.042682927,0.173780488,0.012195122,0.0,0.0,0.5,0.0,0.0,0.026315789,0.0,0.0,0.026315789,0.0,0.0,0.0,0.0,0,0.075803083,0.333333333,0.047180939,0.473938235
105792,South Mountain Community College,860185552,2146600,,7050 S 24th St,Phoenix,AZ,85042,www.southmountaincc.edu/,411,4157,1,0,25,27,2253333,2468839,90133.32,91438.48,110286.9382,94108.42955,100,178,83,95,0.084269663,0.359550562,0.028089888,0.0,0.0,0.588235294,0.0,0.0,0.088235294,0.0,0.0,0.117647059,0.0,0.0,0.117647059,0.0,0,0.075803083,0.0,0,0.473938235
105899,Arizona Christian University,860186050,711300,,1 W. Firestorm Way,Glendale,AZ,85306-3216,arizonachristian.edu/,204,1233,4,0,20,14,1386201,830059,69310.05,59289.93,110286.9382,94108.42955,100,169,108,61,0.059171598,0.088757396,0.00591716,0.142857143,0.428571429,0.0,0.0,0.0,0.0,0.0,0.071428571,0.0,0.0,0.0,0.0,0.0,0,0.075803083,3.666666667,3.388786198,0.473938235
106245,University of Arkansas at Little Rock,710236904,110100,UA Little Rock|University of Arkansas-Little Rock|Arkansas Little Rock|,2801 S University Ave,Little Rock,AR,72204,ualr.edu/www/,1961,8158,1,0,186,165,15032153,11412953,80818.03,69169.41,110286.9382,94108.42955,100,599,276,323,0.293823038,0.023372287,0.016694491,0.336734694,0.376470588,0.382513661,0.010204082,0.058823529,0.027322404,0.0,0.011764706,0.005464481,0.010204082,0.023529412,0.016393443,0.0,0,0.075803083,2.0,0.243991704,0.473938235
106263,University of Arkansas for Medical Sciences,716046242,110900,UAMS,4301 W Markham,Little Rock,AR,72205-7199,https://www.uams.edu/,1031,3275,1,0,51,93,6405696,9942547,125601.88,106909.11,110286.9382,94108.42955,100,4617,1668,2949,0.218106996,0.038336582,0.063244531,0.318181818,0.612903226,0.351851852,0.0,0.032258065,0.0,0.0,0.0,0.0,0.045454545,0.129032258,0.092592593,0.666666667,0.205761317,0.075803083,4.333333333,1.33744856,0.473938235
106342,Lyon College,710246213,108800,,2300 Highland Road,Batesville,AR,72501,www.lyon.edu/,118,584,4,0,32,18,1976291,1032087,61759.09,57338.17,110286.9382,94108.42955,100,125,60,65,0.056,0.0,0.0,0.333333333,0.368421053,0.333333333,0.0,0.0,0.0,0.0,0.052631579,0.037037037,0.0,0.0,0.0,0.0,0,0.075803083,0.333333333,0.672043011,0.473938235
106397,University of Arkansas,716003252,110800,University of Arkansas|Arkansas,"1125 W Maple St, Administration Bldg 425",Fayetteville,AR,72701,https://www.uark.edu/,6284,32140,1,1,738,620,83171398,54414575,112698.37,87765.44,110286.9382,94108.42955,100,3835,1612,2223,0.070925684,0.053715776,0.029204694,0.271641791,0.420588235,0.324829932,0.008955224,0.005882353,0.008503401,0.011940299,0.038235294,0.025510204,0.047761194,0.038235294,0.045918367,0.0,0,0.075803083,10.66666667,0.344797862,0.473938235
106412,University of Arkansas at Pine Bluff,716010030,108600,UAPB,1200 N University Mail Slot 4789,Pine Bluff,AR,71601,www.uapb.edu/,390,2100,1,1,78,65,5012475,3881796,64262.5,59719.94,110286.9382,94108.42955,100,441,163,278,0.907029478,0.004535147,0.022675737,0.294117647,0.357142857,0.34,0.176470588,0.214285714,0.18,0.0,0.0,0.0,0.058823529,0.071428571,0.06,0.666666667,0.279290602,0.075803083,3.0,1.256807708,0.473938235
106449,Arkansas State University-Beebe,710421333,109100,ASU-BEEBE,1000 Iowa Street,Beebe,AR,72012-1000,www.asub.edu/,689,3010,1,0,52,43,2805863,2075313,53958.9,48263.09,110286.9382,94108.42955,100,200,71,129,0.03,0.03,0.005,0.0,0.8,0.0,0.0,0.0,0.0,0.0,0.0,0.0,0.0,0.0,0.0,0.0,0,0.075803083,0.0,0,0.473938235
106458,Arkansas State University,716000556,109000,"A-State, AState","2105 East, Aggie Road",Jonesboro,AR,72401,www.astate.edu/,4673,14032,1,1,235,282,17884250,19376819,76103.19,68712.12,110286.9382,94108.42955,100,1154,405,749,0.180242634,0.031195841,0.013864818,0.42,0.481132075,0.464285714,0.03,0.047169811,0.035714286,0.02,0.0,0.010204082,0.02,0.037735849,0.030612245,0.0,0,0.075803083,9.666666667,0.732878443,0.473938235
106467,Arkansas Tech University,716014834,108900,ATU|Tech|Arkansas Tech,"Administration Bldg 200, 1509 N Boulder Ave",Russellville,AR,72801-2222,https://www.atu.edu/,3031,9487,1,0,159,146,10570164,8653268,66479.02,59268.96,110286.9382,94108.42955,100,415,142,273,0.026506024,0.031325301,0.01686747,0.328767123,0.478873239,0.382978723,0.0,0.014084507,0.007092199,0.01369863,0.0,0.007092199,0.01369863,0.042253521,0.028368794,0.0,0,0.075803083,6.0,0.63525675,0.473938235
106485,University of Arkansas at Monticello,716008509,108500,UAM,Highway 425 South,Monticello,AR,71656,www.uamont.edu/,907,2739,1,0,70,81,4550074,4527212,65001.06,55891.51,110286.9382,94108.42955,100,197,66,131,0.243654822,0.0,0.0,0.2,0.486486486,0.403508772,0.0,0.027027027,0.01754386,0.0,0.0,0.0,0.0,0.0,0.0,0.0,0,0.075803083,3.333333333,1.22594091,0.473938235
106704,University of Central Arkansas,716001828,109200,,201 Donaghey Ave,Conway,AR,72035-0001,www.uca.edu/,2352,9790,1,0,237,281,17444147,18254820,73604.0,64963.77,110286.9382,94108.42955,100,808,291,517,0.142326733,0.032178218,0.011138614,0.366336634,0.474820144,0.425,0.0,0.028776978,0.016666667,0.0,0.007194245,0.004166667,0.04950495,0.028776978,0.033333333,0.0,0,0.075803083,14.33333333,1.445912774,0.473938235
106713,Central Baptist College,710349638,109300,CBC,1501 College Avenue,Conway,AR,72034,www.cbc.edu/,102,550,4,0,10,15,443493,763293,44349.3,50886.2,110286.9382,94108.42955,100,64,33,31,0.140625,0.0,0.0,0.571428571,0.714285714,0.0,0.142857143,0.0,0.0,0.0,0.0,0.0,0.0,0.142857143,0.0,0.0,0,0.075803083,0.0,0,0.473938235
106980,National Park College,710445211,1210500,National Park College,101 College Dr,Hot Springs,AR,71913,www.np.edu/,516,2308,1,0,32,54,1608901,2768669,50278.16,51271.65,110286.9382,94108.42955,100,136,52,84,0.073529412,0.073529412,0.0,0.857142857,0.3,0.0,0.0,0.0,0.0,0.0,0.0,0.0,0.0,0.0,0.0,0.0,0,0.075803083,0.666666667,0.284900285,0.473938235
107044,Harding University,710236896,109700,,915 E. Market Ave.,Searcy,AR,72149-5615,www.harding.edu/,1201,4608,4,0,158,109,12397946,7797642,78468.01,71538.0,110286.9382,94108.42955,100,529,219,310,0.034026465,0.013232514,0.003780718,0.184782609,0.434782609,0.0,0.010869565,0.0,0.0,0.0,0.0,0.0,0.0,0.0,0.0,2.0,0.416233091,0.075803083,1.0,0.208116545,0.473938235
107071,Henderson State University,716000286,109800,,1100 Henderson Street,Arkadelphia,AR,71999-0001,https://www.hsu.edu/,895,2136,1,0,36,41,2318795,2606028,64410.97,63561.66,110286.9382,94108.42955,100,166,66,100,0.210843373,0.018072289,0.0,0.352941176,0.470588235,0.419354839,0.058823529,0.117647059,0.096774194,0.0,0.0,0.0,0.058823529,0.058823529,0.064516129,0.666666667,0.264655286,0.075803083,5.666666667,2.249569935,0.473938235
107080,Hendrix College,710236897,109900,,1600 Washington Ave,Conway,AR,72032-3080,https://www.hendrix.edu/,222,1107,4,0,44,51,3322553,3743335,75512.57,73398.73,110286.9382,94108.42955,100,326,128,198,0.095092025,0.055214724,0.009202454,0.470588235,0.5625,0.492537313,0.0,0.0,0.0,0.019607843,0.0625,0.029850746,0.0,0.0625,0.014925373,2.0,1.748251748,0.075803083,2.0,1.748251748,0.473938235
107141,John Brown University,710239576,110000,,2000 W University St,Siloam Springs,AR,72761,https://www.jbu.edu/,486,2341,3,0,46,26,3438627,1807276,74752.76,69510.62,110286.9382,94108.42955,100,261,102,159,0.007662835,0.095785441,0.019157088,0.115384615,0.47826087,0.0,0.0,0.0,0.0,0.0,0.0,0.0,0.0,0.086956522,0.0,0.0,0,0.075803083,2.666666667,1.146460304,0.473938235
107327,Arkansas Northeastern College,710460696,1286000,,2501 S Division,Blytheville,AR,72316-1109,www.anc.edu/,479,1451,1,1,22,20,1102635,1090400,50119.77,54520.0,110286.9382,94108.42955,100,176,54,122,0.3125,0.051136364,0.0,0.25,1.0,0.0,0.0,0.0,0.0,0.0,0.0,0.0,0.0,0.0,0.0,0.0,0,0.075803083,0.0,0,0.473938235
107460,North Arkansas College,710451862,1226100,Northark,1515 Pioneer Drive,Harrison,AR,72601-5508,www.northark.edu/,526,1930,1,0,31,37,1470715,1899827,47442.42,51346.68,110286.9382,94108.42955,100,195,77,118,0.01025641,0.015384615,0.0,0.8,0.777777778,0.0,0.0,0.0,0.0,0.0,0.0,0.0,0.0,0.0,0.0,0.0,0,0.075803083,0.0,0,0.473938235
107512,Ouachita Baptist University,710239383,110200,OBU,410 Ouachita St,Arkadelphia,AR,71998-0001,obu.edu/,408,1815,4,0,59,51,3866883,3099187,65540.39,60768.37,110286.9382,94108.42955,100,210,93,117,0.128571429,0.033333333,0.014285714,0.268292683,0.625,0.357142857,0.0,0.0,0.0,0.0,0.0,0.0,0.0,0.041666667,0.017857143,0.0,0,0.075803083,2.666666667,1.494768311,0.473938235
107521,Arkansas State University Three Rivers,710411511,997600,ASUTR,One College Circle,Malvern,AR,72104-0816,www.asutr.edu/,560,2028,1,0,28,28,1421221,1504563,50757.89,53734.39,110286.9382,94108.42955,100,87,33,54,0.172413793,0.034482759,0.011494253,0.0,0.833333333,0.0,0.0,0.0,0.0,0.0,0.0,0.0,0.0,0.0,0.0,0.0,0,0.075803083,0.0,0,0.473938235
107558,University of the Ozarks,710236867,109400,Ozarks,415 N College Ave,Clarksville,AR,72830,https://ozarks.edu/,153,763,4,0,29,24,1813941,1458542,62549.69,60772.58,110286.9382,94108.42955,100,125,47,78,0.024,0.048,0.008,0.333333333,0.571428571,0.368421053,0.0,0.0,0.0,0.0,0.0,0.0,0.083333333,0.142857143,0.105263158,0.666666667,0.850340136,0.075803083,0.666666667,0.850340136,0.473938235
107600,Philander Smith University,710239729,110300,PSU,900 W. Daisy Bates Drive,Little Rock,AR,72202-3799,https://www.philander.edu/,138,866,4,0,19,18,1130566,1103197,59503.47,61288.72,110286.9382,94108.42955,100,90,38,52,0.922222222,0.022222222,0.033333333,0.0,0.428571429,0.0,0.0,0.428571429,0.0,0.0,0.0,0.0,0.0,0.0,0.0,0.0,0,0.075803083,0.333333333,0.433463372,0.473938235
107637,Southeast Arkansas College,716047504,570700,SEARK College,1900 S Hazel Street,Pine Bluff,AR,71603,https://www.seark.edu/,313,810,1,0,14,15,714081,721404,51005.79,48093.6,110286.9382,94108.42955,100,99,35,64,0.494949495,0.01010101,0.01010101,0.461538462,0.0,0.0,0.230769231,0.0,0.0,0.0,0.0,0.0,0.0,0.0,0.0,0.0,0,0.075803083,0.333333333,0.371195249,0.473938235
107877,Williams Baptist University,710240677,110600,,60 W Fulbright Avenue,Walnut Ridge,AR,72476,https://williamsbaptistuniversity.com/,132,514,4,0,17,15,834431,746006,49084.18,49733.73,110286.9382,94108.42955,100,84,48,36,0.011904762,0.0,0.0,0.333333333,0.666666667,0.666666667,0.0,0.0,0.0,0.0,0.0,0.0,0.0,0.0,0.0,0.0,0,0.075803083,0.0,0,0.473938235
107974,South Arkansas College,710718948,2074600,SouthArk,300 S West Ave,El Dorado,AR,71731-7010,www.southark.edu/,565,1190,1,0,20,25,1060104,1276692,53005.2,51067.68,110286.9382,94108.42955,100,85,24,61,0.352941176,0.023529412,0.0,0.625,0.75,0.5,0.125,0.0,0.0,0.0,0.0,0.0,0.0,0.0,0.0,0.0,0,0.075803083,0.0,0,0.473938235
107983,Southern Arkansas University Main Campus,716007749,110700,,100 E. University,Magnolia,AR,71753,https://www.saumag.edu/,1880,5127,1,0,79,79,5850427,5132754,74056.04,64971.57,110286.9382,94108.42955,100,238,98,140,0.18487395,0.021008403,0.016806723,0.375,0.5,0.47826087,0.041666667,0.02,0.014492754,0.0,0.0,0.0,0.0,0.02,0.014492754,0.666666667,0.130872922,0.075803083,3.333333333,0.654364612,0.473938235
108092,University of Arkansas-Fort Smith,710394794,111000,UA Fort Smith; UAFS,5210 Grand Ave,Fort Smith,AR,72913-3649,https://uafs.edu/,1554,5506,1,1,96,109,6620338,7452879,68961.85,68375.04,110286.9382,94108.42955,100,285,96,189,0.042105263,0.049122807,0.010526316,0.405405405,0.525,0.25,0.027027027,0.025,0.0,0.027027027,0.025,0.0,0.027027027,0.1,0.0,0.666666667,0.123938774,0.075803083,2.666666667,0.495755097,0.473938235
108667,College of Alameda,941590799,672000,,555 Ralph Appezzato Memorial Pky,Alameda,CA,94501,https://alameda.edu/,264,5833,1,0,32,34,3743674,3945093,116989.81,116032.15,110286.9382,94108.42955,100,59,24,35,0.338983051,0.186440678,0.237288136,0.0,0.0,0.428571429,0.0,0.0,0.085714286,0.0,0.0,0.057142857,0.0,0.0,0.085714286,0.0,0,0.075803083,0.0,0,0.473938235
108807,Allan Hancock College,521692042,111100,,800 South College Drive,Santa Maria,CA,93454-6399,www.hancockcollege.edu/,1538,11104,1,1,74,94,7059833,8530274,95403.15,90747.6,110286.9382,94108.42955,100,323,151,172,0.021671827,0.448916409,0.018575851,0.0,0.0,0.575,0.0,0.0,0.025,0.0,0.0,0.1125,0.0,0.0,0.0125,0.0,0,0.075803083,0.0,0,0.473938235
108870,American Film Institute Conservatory,526072925,2222000,AFI Conservatory,2021 N Western Ave,Los Angeles,CA,90027-1625,www.afi.com/,200,389,3,0,10,2,1165418,304680,116541.8,152340.0,110286.9382,94108.42955,100,194,98,96,0.134020619,0.211340206,0.092783505,0.285714286,0.0,0.0,0.0,0.0,0.0,0.0,0.0,0.0,0.0,0.0,0.0,0.0,0,0.075803083,0.0,0,0.473938235
109208,American River College,941576340,123200,American River | ARC,4700 College Oak Dr,Sacramento,CA,95841-4286,https://www.arc.losrios.edu/,2391,29908,1,1,148,201,16323418,20385274,110293.36,101419.27,110286.9382,94108.42955,100,341,133,208,0.105571848,0.17888563,0.093841642,0.0,0.0,0.564285714,0.0,0.0,0.032142857,0.0,0.0,0.110714286,0.0,0.0,0.082142857,0.0,0,0.075803083,0.333333333,0.01215569,0.473938235
109350,Antelope Valley Community College District,952228663,111300,,3041 West  Ave K,Lancaster,CA,93536-5426,www.avc.edu/,1644,12937,1,1,100,92,10846938,9625917,108469.38,104629.53,110286.9382,94108.42955,100,309,118,191,0.155339806,0.352750809,0.025889968,0.0,0.0,0.447761194,0.0,0.0,0.052238806,0.0,0.0,0.067164179,0.0,0.0,0.037313433,0.0,0,0.075803083,1.0,0.084459459,0.473938235
109651,Art Center College of Design,951921340,111600,,1700 Lida St,Pasadena,CA,91103,www.artcenter.edu/,608,2382,3,0,73,40,7522583,4309268,103049.08,107731.7,110286.9382,94108.42955,100,354,171,183,0.050847458,0.276836158,0.161016949,0.428571429,0.327586207,0.0,0.0,0.017241379,0.0,0.020408163,0.051724138,0.0,0.020408163,0.034482759,0.0,0.0,0,0.075803083,0.0,0,0.473938235
109785,Azusa Pacific University,951744369,111700,,901 E Alosta,Azusa,CA,91702-7000,www.apu.edu/,2530,6487,4,0,146,182,14538308,17506344,99577.45,96188.7,110286.9382,94108.42955,100,585,236,349,0.056410256,0.215384615,0.117948718,0.37962963,0.584269663,0.0,0.046296296,0.04494382,0.0,0.027777778,0.02247191,0.0,0.055555556,0.146067416,0.0,0.666666667,0.092992979,0.075803083,4.666666667,0.650950853,0.473938235
109819,Bakersfield College,956006644,111800,,1801 Panorama Dr,Bakersfield,CA,93305-1299,https://www.bakersfieldcollege.edu/,2919,30410,1,1,190,189,22496169,19770301,118400.89,104604.77,110286.9382,94108.42955,100,465,152,313,0.038709677,0.589247312,0.043010753,0.0,0.0,0.465517241,0.0,0.0,0.00862069,0.0,0.0,0.137931034,0.0,0.0,0.017241379,0.666666667,0.024808048,0.075803083,1.333333333,0.049616095,0.473938235
109907,Barstow Community College,956006415,111900,,2700 Barstow Road,Barstow,CA,92311,www.barstow.edu/,476,3153,1,0,20,23,2178695,2471133,108934.75,107440.57,110286.9382,94108.42955,100,102,29,73,0.058823529,0.333333333,0.058823529,0.571428571,0.5,0.46875,0.071428571,0.0,0.03125,0.035714286,0.125,0.03125,0.0,0.0,0.0,0.0,0,0.075803083,0.0,0,0.473938235
110060,Bethesda University,953104298,3266300,Bethesda University,730 N. Euclid St,Anaheim,CA,92801,www.buc.edu/,57,271,4,0,5,1,245712,51120,49142.4,51120.0,110286.9382,94108.42955,100,25,20,5,0.16,0.32,0.44,0.166666667,0.0,0.0,0.0,0.0,0.0,0.0,0.0,0.0,0.0,0.0,0.0,0.0,0,0.075803083,0.0,0,0.473938235
110097,Biola University,950549600,112200,,13800 Biola Ave,La Mirada,CA,90639-0001,https://www.biola.edu/,1234,5296,4,0,150,94,15537165,8804905,103581.1,93669.2,110286.9382,94108.42955,100,790,329,461,0.05443038,0.203797468,0.186075949,0.135802469,0.47008547,0.256198347,0.0,0.017094017,0.016528926,0.012345679,0.034188034,0.033057851,0.061728395,0.085470085,0.049586777,0.0,0,0.075803083,1.0,0.185632077,0.473938235
110246,Butte College,941637174,807300,,3536 Butte Campus Drive,Oroville,CA,95965-8399,www.butte.edu/,1896,10211,1,1,97,104,11132126,12731756,114764.19,122420.73,110286.9382,94108.42955,100,417,187,230,0.023980815,0.160671463,0.079136691,0.0,0.0,0.544217687,0.0,0.0,0.006802721,0.0,0.0,0.047619048,0.0,0.0,0.020408163,0.666666667,0.071209855,0.075803083,0.333333333,0.035604928,0.473938235
110316,California Institute of Integral Studies,942254303,1215400,CIIS,1453 Mission Street,San Francisco,CA,94103,https://www.ciis.edu/,441,2047,3,0,22,40,1941144,3574086,88233.82,89352.15,110286.9382,94108.42955,100,184,58,126,0.10326087,0.130434783,0.125,0.631578947,0.724137931,0.0,0.052631579,0.034482759,0.0,0.0,0.068965517,0.0,0.0,0.068965517,0.0,0.0,0,0.075803083,0.0,0,0.473938235
110334,Cabrillo College,946002633,112400,,6500 Soquel Dr,Aptos,CA,95003,https://www.cabrillo.edu/,1345,9274,1,1,79,125,8836146,12223438,111849.95,97787.5,110286.9382,94108.42955,100,309,108,201,0.022653722,0.323624595,0.025889968,0.0,0.0,0.537190083,0.0,0.0,0.0,0.0,0.0,0.090909091,0.0,0.0,0.016528926,2.0,0.218603126,0.075803083,0.666666667,0.072867709,0.473938235
110361,California Baptist University,951890710,112500,CBU,8432 Magnolia Ave,Riverside,CA,92504-3297,www.calbaptist.edu/,3303,11407,4,0,186,185,20296936,18864248,109123.31,101968.91,110286.9382,94108.42955,100,645,276,369,0.057364341,0.212403101,0.049612403,0.397350993,0.5,0.418478261,0.013245033,0.065217391,0.016304348,0.039735099,0.076086957,0.048913043,0.059602649,0.054347826,0.076086957,1.333333333,0.11599246,0.075803083,3.333333333,0.289981151,0.473938235
110370,California College of the Arts,941156485,112700,,1111 Eighth Street,San Francisco,CA,94107-2247,www.cca.edu/,464,1333,3,0,39,49,3537124,4640346,90695.49,94700.94,110286.9382,94108.42955,100,226,93,133,0.10619469,0.190265487,0.137168142,0.566666667,0.558139535,0.611111111,0.066666667,0.023255814,0.055555556,0.0,0.046511628,0.037037037,0.033333333,0.186046512,0.148148148,0.0,0,0.075803083,0.0,0,0.473938235
110398,University of California College of the Law-San Francisco,942581680,394700,UC Law SF,200 McAllister Street,San Francisco,CA,94102-4978,www.uclawsf.edu/,371,1216,1,0,24,30,4461206,4994670,185883.58,166489.0,110286.9382,94108.42955,100,239,73,166,0.033472803,0.121338912,0.29707113,0.513513514,0.666666667,0.4,0.027027027,0.0,0.033333333,0.054054054,0.0,0.033333333,0.081081081,0.0,0.066666667,0.0,0,0.075803083,0.0,0,0.473938235
110404,California Institute of Technology,951643307,113100,Caltech,1200 E California Blvd,Pasadena,CA,91125,www.caltech.edu/,608,2463,3,0,242,86,62212410,19548285,257076.07,227305.64,110286.9382,94108.42955,100,2789,1468,1321,0.032269631,0.213338114,0.152025816,0.208661417,0.0,0.211382114,0.0,0.0,0.0,0.0,0.0,0.0,0.035433071,0.0,0.036585366,0.0,0,0.075803083,9.666666667,4.026100236,0.473938235
110413,California Lutheran University,952962604,113300,,60 W Olsen Rd,Thousand Oaks,CA,91360-2787,www.callutheran.edu/,1217,3413,4,0,86,96,8462991,8675471,98406.87,90369.49,110286.9382,94108.42955,100,460,187,273,0.034782609,0.330434783,0.052173913,0.485294118,0.488888889,0.480769231,0.029411765,0.044444444,0.028846154,0.044117647,0.111111111,0.057692308,0.073529412,0.022222222,0.057692308,0.0,0,0.075803083,1.0,0.276625173,0.473938235
110422,California Polytechnic State University-San Luis Obispo,946001347,114300,Cal Poly,1 Grand Ave.,San Luis Obispo,CA,93407,calpoly.edu/,5243,22485,1,1,573,358,62068536,35466816,108322.05,99069.32,110286.9382,94108.42955,100,1462,628,834,0.02872777,0.206566347,0.056771546,0.298412698,0.434554974,0.344129555,0.0,0.015706806,0.006072874,0.00952381,0.031413613,0.018218623,0.050793651,0.041884817,0.046558704,0.0,0,0.075803083,25.0,1.136363636,0.473938235
110486,California State University-Bakersfield,770314545,799300,CSU Bakersfield,9001 Stockdale Hwy,Bakersfield,CA,93311-1099,www.csub.edu/,2590,9787,1,1,176,161,16927896,14480112,96181.23,89938.58,110286.9382,94108.42955,100,641,237,404,0.085803432,0.399375975,0.054602184,0.388888889,0.456790123,0.421052632,0.013888889,0.037037037,0.026315789,0.055555556,0.061728395,0.059210526,0.013888889,0.111111111,0.065789474,0.0,0,0.075803083,0.0,0,0.473938235
110495,California State University-Stanislaus,770207337,115700,Stanislaus State,One University Circle,Turlock,CA,95382-0299,https://www.csustan.edu/,2667,9841,1,1,187,182,18649248,16932024,99728.6,93033.1,110286.9382,94108.42955,100,598,191,407,0.043478261,0.31270903,0.060200669,0.3828125,0.454545455,0.41509434,0.0078125,0.034090909,0.018867925,0.046875,0.034090909,0.04245283,0.078125,0.056818182,0.070754717,2.666666667,0.262622284,0.075803083,6.0,0.590900138,0.473938235
110510,California State University-San Bernardino,330644150,114200,Cal State San Bernardino,5500 University Parkway,San Bernardino,CA,92407-2393,www.csusb.edu/,5057,18925,1,1,248,272,25975884,26302428,104741.47,96700.1,110286.9382,94108.42955,100,1028,359,669,0.101167315,0.460116732,0.069066148,0.441176471,0.525,0.465949821,0.029411765,0.041666667,0.028673835,0.052941176,0.083333333,0.064516129,0.094117647,0.091666667,0.096774194,0.666666667,0.033664933,0.075803083,1.333333333,0.067329866,0.473938235
110529,California State Polytechnic University-Pomona,954255659,114400,,3801 W Temple Avenue,Pomona,CA,91768,www.cpp.edu/,7030,26848,1,1,366,305,39478464,31050372,107864.66,101804.5,110286.9382,94108.42955,100,1130,388,742,0.07079646,0.450442478,0.175221239,0.391666667,0.417177914,0.398963731,0.0125,0.006134969,0.010362694,0.045833333,0.042944785,0.044041451,0.141666667,0.09202454,0.126943005,0.0,0,0.075803083,6.333333333,0.230277909,0.473938235
110538,California State University-Chico,951230865,114600,,First and Normal Sts,Chico,CA,95929-0150,www.csuchico.edu/,3903,14523,1,1,243,250,24403956,23111676,100427.8,92446.7,110286.9382,94108.42955,100,909,365,544,0.02750275,0.159515952,0.058305831,0.364779874,0.573643411,0.472027972,0.012578616,0.023255814,0.017482517,0.018867925,0.015503876,0.017482517,0.050314465,0.093023256,0.06993007,1.333333333,0.09400926,0.075803083,1.0,0.070506945,0.473938235
110547,California State University-Dominguez Hills,931043787,114100,CSUDH,1000 E Victoria St,Carson,CA,90747-0005,https://www.csudh.edu/,3972,15181,1,1,189,236,19894680,22872036,105262.86,96915.41,110286.9382,94108.42955,100,802,317,485,0.248129676,0.376558603,0.130922693,0.445378151,0.613636364,0.514705882,0.042016807,0.034090909,0.039215686,0.042016807,0.068181818,0.053921569,0.12605042,0.159090909,0.137254902,0.0,0,0.075803083,1.0,0.060879094,0.473938235
110556,California State University-Fresno,946001347,114700,,5241 N Maple Ave,Fresno,CA,93740,www.fresnostate.edu/,5858,23986,1,1,407,407,39705216,36245868,97555.81,89056.19,110286.9382,94108.42955,100,983,393,590,0.052899288,0.374364191,0.121057986,0.380090498,0.5,0.436450839,0.013574661,0.02020202,0.016786571,0.040723982,0.085858586,0.059952038,0.076923077,0.055555556,0.067146283,0.0,0,0.075803083,4.0,0.166673611,0.473938235
110565,California State University-Fullerton,330632102,113700,Cal State Fullerton,800 N. State College Blvd.,Fullerton,CA,92832-3599,www.fullerton.edu/,10701,41962,1,1,500,554,53203044,53914704,106406.09,97318.96,110286.9382,94108.42955,100,1551,581,970,0.067698259,0.364925854,0.201805287,0.446236559,0.516260163,0.473856209,0.010752688,0.024390244,0.016339869,0.021505376,0.093495935,0.050653595,0.10483871,0.146341463,0.120915033,0.0,0,0.075803083,10.0,0.247610558,0.473938235
110574,California State University-East Bay,946390556,113800,Cal State East Bay,25800 Carlos Bee Blvd,Hayward,CA,94542,https://www.csueastbay.edu/,4389,13333,1,0,164,199,18033672,19858104,109961.41,99789.47,110286.9382,94108.42955,100,811,290,521,0.128236745,0.223181258,0.242909988,0.466666667,0.534653465,0.493087558,0.025,0.01980198,0.023041475,0.016666667,0.00990099,0.013824885,0.141666667,0.158415842,0.147465438,0.0,0,0.075803083,2.666666667,0.195031571,0.473938235
110583,California State University-Long Beach,931150363,113900,Cal State Long Beach,1250 Bellflower Blvd,Long Beach,CA,90840-0115,www.csulb.edu/,10736,40278,1,1,529,588,55596720,58727808,105097.77,99877.22,110286.9382,94108.42955,100,1739,671,1068,0.083956297,0.362277171,0.15986199,0.469002695,0.522123894,0.488294314,0.016172507,0.030973451,0.02173913,0.037735849,0.053097345,0.045150502,0.150943396,0.128318584,0.138795987,0.666666667,0.01710586,0.075803083,1.666666667,0.042764649,0.473938235
110592,California State University-Los Angeles,946001347,114000,Cal State LA,5151 State University Dr,Los Angeles,CA,90032-8506,https://www.calstatela.edu/,6837,25080,1,1,317,363,33324924,36843588,105125.94,101497.49,110286.9382,94108.42955,100,958,386,572,0.091858038,0.520876827,0.213987474,0.473214286,0.552238806,0.502793296,0.017857143,0.052238806,0.030726257,0.071428571,0.074626866,0.072625698,0.116071429,0.21641791,0.153631285,0.666666667,0.025195263,0.075803083,6.666666667,0.251952633,0.473938235
110608,California State University-Northridge,946001347,115300,CSUN,18111 Nordhoff St,Northridge,CA,91330,https://www.csun.edu/,10200,37760,1,1,438,480,46393368,48060900,105920.93,100126.88,110286.9382,94108.42955,100,1650,615,1035,0.072727273,0.398787879,0.119393939,0.477690289,0.505263158,0.490367776,0.041994751,0.026315789,0.036777583,0.060367454,0.047368421,0.054290718,0.094488189,0.121052632,0.106830123,0.666666667,0.017740405,0.075803083,6.333333333,0.168533844,0.473938235
110617,California State University-Sacramento,680365325,115000,Sacramento State,6000 J St,Sacramento,CA,95819-2694,https://www.csus.edu/,8459,31172,1,1,381,449,38695944,42479376,101564.16,94608.86,110286.9382,94108.42955,100,1412,561,851,0.092067989,0.210339943,0.157932011,0.463917526,0.540983607,0.493670886,0.024054983,0.032786885,0.02742616,0.037800687,0.032786885,0.035864979,0.075601375,0.032786885,0.05907173,0.0,0,0.075803083,13.33333333,0.419050014,0.473938235
110635,University of California-Berkeley,946002123,131200,UC Berkeley,200 California Hall,Berkeley,CA,94720,www.berkeley.edu/,14064,45699,1,1,1118,853,219756935,143722161,196562.55,168490.22,110286.9382,94108.42955,100,10060,4245,5815,0.070874751,0.15417495,0.172266402,0.366197183,0.430412371,0.376775272,0.014084507,0.030927835,0.018379282,0.016431925,0.041237113,0.025062657,0.059859155,0.074742268,0.060985798,13.33333333,0.294288594,0.075803083,34.0,0.750435915,0.473938235
110644,University of California-Davis,946036494,131300,UC Davis,One Shields Avenue,Davis,CA,95616-8678,ucdavis.edu/,10624,39707,1,1,923,796,168788401,126493721,182869.34,158911.71,110286.9382,94108.42955,100,10910,4018,6892,0.042988084,0.190009166,0.159670027,0.380802518,0.508661417,0.404833837,0.013375295,0.017322835,0.014350453,0.019669552,0.048818898,0.033987915,0.084972463,0.113385827,0.074773414,4.666666667,0.117610491,0.075803083,25.66666667,0.6468577,0.473938235
110653,University of California-Irvine,952226406,131400,UCI  UC Irvine,501 Aldrich Hall,Irvine,CA,92697,www.uci.edu/,10844,36582,1,1,796,660,140058297,101498187,175952.63,153785.13,110286.9382,94108.42955,100,7112,2611,4501,0.030793026,0.253233971,0.26476378,0.342268041,0.509977827,0.396582734,0.008247423,0.019955654,0.014388489,0.018556701,0.046563193,0.026978417,0.097938144,0.141906874,0.088129496,3.333333333,0.092754914,0.075803083,31.66666667,0.88117168,0.473938235
110662,University of California-Los Angeles,956006143,131500,UCLA,405 Hilgard Ave,Los Angeles,CA,90095-1405,www.ucla.edu/,14326,46678,1,1,1134,915,244356533,168611045,215481.95,184274.37,110286.9382,94108.42955,100,22427,7799,14628,0.088420208,0.358005975,0.18464351,0.360176503,0.498618785,0.376830892,0.014340871,0.023480663,0.020639148,0.028130171,0.035911602,0.035286285,0.076668505,0.147790055,0.074567244,10.0,0.215377988,0.075803083,14.33333333,0.30870845,0.473938235
110671,University of California-Riverside,956006142,131600,UC Riverside,900 University Ave,Riverside,CA,92521,www.ucr.edu/,7106,26426,1,1,572,380,89347870,51620176,156202.57,135842.57,110286.9382,94108.42955,100,3303,1334,1969,0.075083258,0.355737209,0.114744172,0.310160428,0.455938697,0.366085578,0.002673797,0.038314176,0.015847861,0.032085561,0.034482759,0.030110935,0.064171123,0.114942529,0.085578447,0.666666667,0.024867271,0.075803083,13.33333333,0.497345419,0.473938235
110680,University of California-San Diego,956006144,131700,UCSD UC San Diego,9500 Gilman Dr,La Jolla,CA,92093,www.ucsd.edu/,12039,42376,1,1,885,583,158784713,85443239,179417.75,146557.87,110286.9382,94108.42955,100,14533,5359,9174,0.039565128,0.256657263,0.181242689,0.34696859,0.485967504,0.322925226,0.008035062,0.017725258,0.016433854,0.023374726,0.044313146,0.026294166,0.073046019,0.124076809,0.050123254,1.333333333,0.031741497,0.075803083,42.33333333,1.007792538,0.473938235
110699,University of California-San Francisco,946036493,131900,"UCSF  UC San Francisco  University of California at San Francisco  University of California, San Francisco",500 Parnassus Ave,San Francisco,CA,94143-0244,ucsf.edu/,1023,3126,1,1,86,170,16696300,28350700,194143.02,166768.82,110286.9382,94108.42955,100,11310,4025,7285,0.05729443,0.135985853,0.326702034,0.475397426,0.597515528,0.356115108,0.015897048,0.023602484,0.017985612,0.017411052,0.047204969,0.010791367,0.126419379,0.213664596,0.079136691,0.0,0,0.075803083,11.66666667,3.715498938,0.473938235
110705,University of California-Santa Barbara,956006145,132000,UCSB  UC Santa Barbara,5221 Cheadle Hall,Santa Barbara,CA,93106,www.ucsb.edu/,7278,26068,1,1,617,492,117243559,80374922,190021.98,163363.66,110286.9382,94108.42955,100,3725,1662,2063,0.03033557,0.249932886,0.074899329,0.383429672,0.467741935,0.408299866,0.005780347,0.02688172,0.010709505,0.02504817,0.064516129,0.038821954,0.04238921,0.053763441,0.041499331,6.0,0.227100681,0.075803083,31.0,1.17335352,0.473938235
110714,University of California-Santa Cruz,941539563,132100,UC Santa Cruz,1156 High St,Santa Cruz,CA,95064-1011,www.ucsc.edu/,5020,19764,1,1,422,398,68734797,56921129,162878.67,143017.91,110286.9382,94108.42955,100,3245,1311,1934,0.029583975,0.244684129,0.078890601,0.398713826,0.5,0.44,0.006430868,0.036231884,0.014736842,0.032154341,0.094202899,0.054736842,0.07073955,0.065217391,0.065263158,4.333333333,0.222473218,0.075803083,12.0,0.61607968,0.473938235
111188,California State University Maritime Academy,680316355,113400,California State University Maritime Academy,200 Maritime Academy Dr,Vallejo,CA,94590-8181,https://www.csum.edu/,168,805,1,0,43,18,4427496,1807176,102965.02,100398.67,110286.9382,94108.42955,100,176,80,96,0.119318182,0.164772727,0.181818182,0.294117647,0.294117647,0.277777778,0.0,0.0,0.0,0.058823529,0.0,0.027777778,0.058823529,0.058823529,0.055555556,2.0,2.355712603,0.075803083,0.666666667,0.785237534,0.473938235
111391,California Western School of Law,952944594,1310300,,225 Cedar St,San Diego,CA,92101-3046,https://www.cwsl.edu/,276,625,3,0,16,15,2355910,2350773,147244.38,156718.2,110286.9382,94108.42955,100,88,33,55,0.102272727,0.147727273,0.102272727,0.55,0.666666667,0.55,0.05,0.0,0.05,0.05,0.333333333,0.05,0.05,0.0,0.05,0.0,0,0.075803083,0.0,0,0.473938235
111434,Canada College,943084147,697300,,4200 Farm Hill Blvd.,Redwood City,CA,94061-1099,canadacollege.edu/,434,6141,1,0,30,61,3416124,6768485,113870.8,110958.77,110286.9382,94108.42955,100,111,40,71,0.072072072,0.513513514,0.099099099,0.0,0.0,0.661764706,0.0,0.0,0.029411765,0.0,0.0,0.147058824,0.0,0.0,0.073529412,0.0,0,0.075803083,0.0,0,0.473938235
111461,College of the Canyons,952561360,890300,,26455 Rockwell Canyon Rd,Santa Clarita,CA,91355-1899,www.canyons.edu/,2306,17439,1,1,100,137,13907417,18986864,139074.17,138590.25,110286.9382,94108.42955,100,381,145,236,0.041994751,0.351706037,0.097112861,0.0,0.0,0.590425532,0.0,0.0,0.021276596,0.0,0.0,0.074468085,0.0,0.0,0.053191489,0.0,0,0.075803083,0.0,0,0.473938235
111638,Casa Loma College-Los Angeles,952462737,673100,,15301 Ventura Blvd. Suite D-100,Sherman Oaks,CA,91403,https://www.casalomacollege.edu/,111,581,3,0,6,10,430747,340099,71791.17,34009.9,110286.9382,94108.42955,100,41,20,21,0.12195122,0.341463415,0.048780488,0.25,0.0,0.0,0.0,0.0,0.0,0.0,0.0,0.0,0.25,0.0,0.0,0.0,0,0.075803083,0.0,0,0.473938235
111887,Cerritos College,956005521,116100,,11110 Alondra Blvd,Norwalk,CA,90650-6298,www.cerritos.edu/,3068,21046,1,1,107,124,15504314,17786540,144900.13,143439.84,110286.9382,94108.42955,100,473,167,306,0.093023256,0.403805497,0.090909091,0.56097561,0.581395349,0.52970297,0.012195122,0.023255814,0.00990099,0.036585366,0.186046512,0.123762376,0.06097561,0.046511628,0.064356436,0.0,0,0.075803083,0.0,0,0.473938235
111896,Cerro Coso Community College,956006644,1011100,,3000 College Heights Blvd,Ridgecrest,CA,93555-9571,https://cerrocoso.edu/,584,5690,1,1,36,29,4499550,3557919,124987.5,122686.86,110286.9382,94108.42955,100,112,40,72,0.026785714,0.258928571,0.071428571,0.0,0.0,0.454545455,0.0,0.0,0.054545455,0.0,0.0,0.0,0.0,0.0,0.018181818,0.0,0,0.075803083,0.0,0,0.473938235
111920,Chabot College,941670563,116200,,25555 Hesperian Blvd,Hayward,CA,94545,www.chabotcollege.edu/,1375,12218,1,1,91,92,10828870,10482224,118998.57,113937.22,110286.9382,94108.42955,100,172,63,109,0.151162791,0.261627907,0.203488372,0.0,0.0,0.465277778,0.0,0.0,0.027777778,0.0,0.0,0.0625,0.0,0.0,0.083333333,0.0,0,0.075803083,0.333333333,0.031048187,0.473938235
111939,Chaffey College,956000558,116300,,5885 Haven Ave,Rancho Cucamonga,CA,91737-3002,https://www.chaffey.edu/,2463,20632,1,1,103,150,12705053,18242850,123350.03,121619.0,110286.9382,94108.42955,100,378,158,220,0.103174603,0.492063492,0.068783069,0.0,0.0,0.595959596,0.0,0.0,0.02020202,0.0,0.0,0.136363636,0.0,0.0,0.090909091,0.666666667,0.034653637,0.075803083,0.333333333,0.017326818,0.473938235
111948,Chapman University,951643992,116400,,One University Dr.,Orange,CA,92866,https://www.chapman.edu/,2712,9961,4,0,316,270,44708777,31790532,141483.47,117742.71,110286.9382,94108.42955,100,1070,417,653,0.024299065,0.168224299,0.095327103,0.308139535,0.518987342,0.358024691,0.0,0.006329114,0.004115226,0.011627907,0.018987342,0.016460905,0.040697674,0.094936709,0.04526749,4.666666667,0.466014247,0.075803083,2.666666667,0.266293855,0.473938235
111966,Charles R Drew University of Medicine and Science,956151774,1036500,CDU,1731 E 120th St,Los Angeles,CA,90059,www.cdrewu.edu/,431,763,3,0,13,27,1389598,3165748,106892.15,117249.93,110286.9382,94108.42955,100,404,165,239,0.410891089,0.277227723,0.024752475,0.545454545,0.352941176,0.0,0.181818182,0.176470588,0.0,0.0,0.0,0.0,0.0,0.0,0.0,1.333333333,1.716001716,0.075803083,0.333333333,0.429000429,0.473938235
112075,Concordia University-Irvine,952798775,2070500,Concordia University Irvine,1530 Concordia West,Irvine,CA,92612-3203,www.cui.edu/,1396,3481,4,0,50,55,4319626,4648378,86392.52,84515.96,110286.9382,94108.42955,100,261,106,155,0.034482759,0.103448276,0.103448276,0.368421053,0.5,0.0,0.026315789,0.066666667,0.0,0.0,0.0,0.0,0.0,0.033333333,0.0,0.0,0,0.075803083,2.0,0.534188034,0.473938235
112172,Citrus College,956006670,116600,,1000 W Foothill Blvd,Glendora,CA,91741-1899,https://www.citruscollege.edu/,1566,9915,1,0,71,92,8246904,10137261,116153.58,110187.62,110286.9382,94108.42955,100,301,140,161,0.043189369,0.415282392,0.086378738,0.0,0.0,0.586206897,0.0,0.0,0.020689655,0.0,0.0,0.137931034,0.0,0.0,0.096551724,0.0,0,0.075803083,0.0,0,0.473938235
112190,City College of San Francisco,941721925,450200,,50 Frida Kahlo Drive,San Francisco,CA,94112-1898,www.ccsf.edu/,3139,17808,1,1,169,254,18442425,27066382,109126.78,106560.56,110286.9382,94108.42955,100,588,272,316,0.085034014,0.180272109,0.430272109,0.0,0.0,0.584958217,0.0,0.0,0.016713092,0.0,0.0,0.08356546,0.0,0.0,0.13091922,0.666666667,0.041320607,0.075803083,0.666666667,0.041320607,0.473938235
112251,Claremont Graduate University,951664100,116900,,150 E Tenth St,Claremont,CA,91711-6160,www.cgu.edu/,499,1763,3,0,45,44,6371778,5193579,141595.07,118035.89,110286.9382,94108.42955,100,148,51,97,0.040540541,0.236486486,0.114864865,0.431372549,0.5,0.421052632,0.019607843,0.05,0.035087719,0.0,0.1,0.01754386,0.058823529,0.15,0.105263158,0.0,0,0.075803083,0.333333333,0.175162025,0.473938235
112260,Claremont McKenna College,951664101,117000,,500 E 9th St,Claremont,CA,91711-6400,www.cmc.edu/,326,1384,3,0,118,68,18592993,8544006,157567.74,125647.15,110286.9382,94108.42955,100,373,147,226,0.064343164,0.386058981,0.085790885,0.276315789,0.344262295,0.322580645,0.013157895,0.0,0.008064516,0.0,0.016393443,0.008064516,0.078947368,0.032786885,0.064516129,0.0,0,0.075803083,1.666666667,1.199904008,0.473938235
112385,Coastline Community College,956002272,2063500,,11460 Warner Ave.,Fountain Valley,CA,92708-2597,www.coastline.edu/,1212,8576,1,0,24,31,3109085,4114972,129545.21,132741.03,110286.9382,94108.42955,100,147,57,90,0.040816327,0.299319728,0.333333333,0.0,0.0,0.6,0.0,0.0,0.02,0.0,0.0,0.12,0.0,0.0,0.08,0.0,0,0.075803083,2.0,0.247616689,0.473938235
112525,Western University of Health Sciences,953127273,2482700,WesternU,309 E 2nd St,Pomona,CA,91766-1854,www.westernu.edu/,1061,3625,3,0,103,128,14750586,18088523,143209.57,141316.59,110286.9382,94108.42955,100,1046,339,707,0.043977055,0.287762906,0.162523901,0.380952381,0.588235294,0.384615385,0.0,0.029411765,0.0,0.0,0.049019608,0.015384615,0.095238095,0.098039216,0.061538462,0.0,0,0.075803083,0.0,0,0.473938235
112561,Columbia College,521566989,770700,Columbia Junior College  CC,11600 Columbia College Dr,Sonora,CA,95370,https://www.gocolumbia.edu/,406,2594,1,1,23,25,2211714,2136598,96161.48,85463.92,110286.9382,94108.42955,100,100,46,54,0.02,0.18,0.02,0.0,0.0,0.578947368,0.0,0.0,0.0,0.0,0.0,0.052631579,0.0,0.0,0.052631579,0.666666667,0.283808713,0.075803083,2.0,0.851426139,0.473938235
112686,Compton College,956004983,4281700,,1111 East Artesia Blvd.,Compton,CA,90221-5393,www.compton.edu/,504,4765,1,1,55,71,4633224,6902238,84240.44,97214.62,110286.9382,94108.42955,100,178,81,97,0.365168539,0.471910112,0.033707865,0.0,0.0,0.672727273,0.0,0.0,0.290909091,0.0,0.0,0.145454545,0.0,0.0,0.018181818,0.0,0,0.075803083,0.333333333,0.081659317,0.473938235
112826,Contra Costa College,680342035,119000,CCC,2600 Mission Bell Dr,San Pablo,CA,94806,https://www.contracosta.edu/,731,5997,1,1,44,62,4067948,6535981,92453.36,105419.05,110286.9382,94108.42955,100,132,50,82,0.159090909,0.295454545,0.166666667,0.0,0.0,0.634920635,0.0,0.0,0.063492063,0.0,0.0,0.126984127,0.0,0.0,0.0,0.0,0,0.075803083,0.666666667,0.114311843,0.473938235
113096,Cosumnes River College,941576340,753600,Cosumnes River | CRC,8401 Center Parkway,Sacramento,CA,95823-5799,https://www.crc.losrios.edu/,1361,14980,1,1,94,103,9556479,10105164,101664.67,98108.39,110286.9382,94108.42955,100,204,79,125,0.083333333,0.289215686,0.245098039,0.0,0.0,0.506944444,0.0,0.0,0.048611111,0.0,0.0,0.0625,0.0,0.0,0.083333333,0.0,0,0.075803083,0.0,0,0.473938235
113111,Crafton Hills College,956002754,927200,CHC--Crafton Hills College,11711 Sand Canyon Road,Yucaipa,CA,92339-1799,www.craftonhills.edu/,973,6097,1,1,35,28,3905382,3023499,111582.34,107982.11,110286.9382,94108.42955,100,161,53,108,0.080745342,0.403726708,0.086956522,0.0,0.0,0.5,0.0,0.0,0.02,0.0,0.0,0.04,0.0,0.0,0.02,0.0,0,0.075803083,0.0,0,0.473938235
113193,Cuesta College,956000938,119200,,Highway 1,San Luis Obispo,CA,93403-8106,https://www.cuesta.edu/,2545,10437,1,1,70,64,8033755,7369229,114767.93,115144.2,110286.9382,94108.42955,100,266,105,161,0.015037594,0.248120301,0.033834586,0.0,0.0,0.472727273,0.0,0.0,0.0,0.0,0.0,0.036363636,0.0,0.0,0.0,0.0,0,0.075803083,0.333333333,0.033642848,0.473938235
113218,Cuyamaca College,956006652,2111300,,900 Rancho San Diego Pky,El Cajon,CA,92019,https://www.cuyamaca.edu/,618,8437,1,1,35,53,3819244,5483992,109121.26,103471.55,110286.9382,94108.42955,100,141,54,87,0.070921986,0.326241135,0.035460993,0.0,0.0,0.602941176,0.0,0.0,0.0,0.0,0.0,0.117647059,0.0,0.0,0.044117647,0.0,0,0.075803083,0.0,0,0.473938235
113236,Cypress College,952394131,119300,,9200 Valley View,Cypress,CA,90630-5897,www.cypresscollege.edu/,1900,13992,1,0,104,132,13092247,17023196,125886.99,128963.61,110286.9382,94108.42955,100,238,108,130,0.046218487,0.378151261,0.163865546,0.0,0.0,0.560606061,0.0,0.0,0.025252525,0.0,0.0,0.085858586,0.0,0.0,0.116161616,0.0,0,0.075803083,1.0,0.073948088,0.473938235
113333,De Anza College,941597718,448000,,21250 Stevens Creek Blvd.,Cupertino,CA,95014,https://www.deanza.edu/,2189,16990,1,1,97,139,11534387,16831786,118911.21,121091.99,110286.9382,94108.42955,100,278,92,186,0.032374101,0.262589928,0.273381295,0.0,0.0,0.595505618,0.0,0.0,0.028089888,0.0,0.0,0.106741573,0.0,0.0,0.151685393,0.666666667,0.040812162,0.075803083,0.333333333,0.020406081,0.473938235
113573,College of the Desert,330535430,118200,Desert Community College District,43-500 Monterey Ave,Palm Desert,CA,92260,www.collegeofthedesert.edu/,1373,10764,1,1,59,68,6938195,7657239,117596.53,112606.46,110286.9382,94108.42955,100,367,165,202,0.032697548,0.378746594,0.024523161,0.507246377,0.5625,0.532467532,0.072463768,0.0,0.025974026,0.086956522,0.125,0.12987013,0.0,0.0,0.0,0.0,0,0.075803083,0.0,0,0.473938235
113634,Diablo Valley College,680342035,119100,"Diablo Valley, DVC",321 Golf Club Rd,Pleasant Hill,CA,94523,https://www.dvc.edu/,2517,16424,1,1,140,145,13556126,14859300,96829.47,102477.93,110286.9382,94108.42955,100,249,87,162,0.096385542,0.253012048,0.128514056,0.0,0.0,0.519417476,0.0,0.0,0.053398058,0.0,0.0,0.053398058,0.0,0.0,0.063106796,0.0,0,0.075803083,0.0,0,0.473938235
113698,Dominican University of California,941156525,119600,DUofC,50 Acacia Ave,San Rafael,CA,94901-2298,https://www.dominican.edu/,831,2026,3,0,40,69,3734700,5970688,93367.5,86531.71,110286.9382,94108.42955,100,196,85,111,0.030612245,0.178571429,0.117346939,0.655172414,0.52,0.636363636,0.034482759,0.0,0.022727273,0.0,0.0,0.0,0.034482759,0.04,0.045454545,0.0,0,0.075803083,0.666666667,0.3551767,0.473938235
113856,East Los Angeles College,952587353,2226000,,1301 Avenida Cesar Chavez,Monterey Park,CA,91754-6099,www.elac.edu/,3136,30321,1,1,135,178,17882067,22446618,132459.76,126104.6,110286.9382,94108.42955,100,409,205,204,0.070904645,0.454767726,0.11002445,0.0,0.0,0.565972222,0.0,0.0,0.020833333,0.0,0.0,0.173611111,0.0,0.0,0.100694444,0.0,0,0.075803083,1.0,0.035900197,0.473938235
113980,El Camino Community College District,956001060,119700,ECC,16007 Crenshaw Blvd,Torrance,CA,90506,www.elcamino.edu/,2355,21599,1,0,162,185,20122831,23267699,124215.01,125771.35,110286.9382,94108.42955,100,499,215,284,0.178356713,0.384769539,0.146292585,0.0,0.0,0.521126761,0.0,0.0,0.045774648,0.0,0.0,0.112676056,0.0,0.0,0.095070423,0.0,0,0.075803083,4.333333333,0.217275037,0.473938235
114266,Evergreen Valley College,770100756,1245200,,3095 Yerba Buena Rd,San Jose,CA,95135-1598,https://www.evc.edu/,765,8989,1,0,44,80,7844668,12070514,178287.91,150881.42,110286.9382,94108.42955,100,152,47,105,0.065789474,0.375,0.263157895,0.0,0.0,0.627906977,0.0,0.0,0.069767442,0.0,0.0,0.162790698,0.0,0.0,0.279069767,0.666666667,0.083836351,0.075803083,0.666666667,0.083836351,0.473938235
114433,Feather River Community College District,800329969,859700,Feather River College,570 Golden Eagle Ave,Quincy,CA,95971-9124,www.frc.edu/,226,1758,1,1,15,10,1987082,1155905,132472.13,115590.5,110286.9382,94108.42955,100,103,34,69,0.029126214,0.106796117,0.009708738,0.0,0.0,0.333333333,0.0,0.0,0.0,0.0,0.0,0.0,0.0,0.0,0.0,0.0,0,0.075803083,0.0,0,0.473938235
114716,Foothill College,941597718,119900,,12345 El Monte Rd,Los Altos Hills,CA,94022,https://foothill.edu/,1303,12931,1,0,68,99,8433342,12428825,124019.74,125543.69,110286.9382,94108.42955,100,145,52,93,0.055172414,0.282758621,0.24137931,0.0,0.0,0.582677165,0.0,0.0,0.047244094,0.0,0.0,0.118110236,0.0,0.0,0.11023622,0.0,0,0.075803083,0.666666667,0.053616428,0.473938235
114789,Fresno City College,941574802,130700,,1101 E. University Ave,Fresno,CA,93741,www.fresnocitycollege.edu/,3584,25285,1,1,198,218,22424988,23293340,113257.52,106850.18,110286.9382,94108.42955,100,468,210,258,0.068376068,0.403846154,0.096153846,0.0,0.0,0.466367713,0.0,0.0,0.040358744,0.0,0.0,0.116591928,0.0,0.0,0.035874439,0.0,0,0.075803083,1.0,0.044230174,0.473938235
114813,Fresno Pacific University,941021164,125300,,1717 S. Chestnut Ave,Fresno,CA,93702-4709,www.fresno.edu/,1057,2921,4,0,46,63,3826373,5324321,83182.02,84513.03,110286.9382,94108.42955,100,292,124,168,0.065068493,0.356164384,0.047945205,0.214285714,0.484848485,0.425,0.0,0.0,0.0,0.071428571,0.03030303,0.025,0.0,0.060606061,0.05,0.0,0,0.075803083,0.0,0,0.473938235
114840,Fuller Theological Seminary,951699394,120000,,135 N Oakland Ave,Pasadena,CA,91182,www.fuller.edu/,485,1935,4,0,33,19,3130911,1701870,94876.09,89572.11,110286.9382,94108.42955,100,337,118,219,0.097922849,0.139465875,0.216617211,0.277777778,0.318181818,0.24137931,0.055555556,0.045454545,0.034482759,0.0,0.0,0.0,0.166666667,0.181818182,0.137931034,0.0,0,0.075803083,0.666666667,0.319131961,0.473938235
114859,Fullerton College,952394131,120100,,321 E Chapman Avenue,Fullerton,CA,92832-2095,www.fullcoll.edu/,2458,18569,1,1,156,157,19729122,19545120,126468.73,124491.21,110286.9382,94108.42955,100,332,150,182,0.042168675,0.442771084,0.138554217,0.0,0.0,0.489361702,0.0,0.0,0.024822695,0.0,0.0,0.117021277,0.0,0.0,0.039007092,0.0,0,0.075803083,0.333333333,0.018145527,0.473938235
114938,Gavilan College,942278279,120200,,5055 Santa Teresa Blvd,Gilroy,CA,95020,https://www.gavilan.edu/,749,5484,1,0,34,43,3977958,5022522,116998.76,116802.84,110286.9382,94108.42955,100,142,44,98,0.021126761,0.485915493,0.056338028,0.0,0.0,0.540983607,0.0,0.0,0.0,0.0,0.0,0.114754098,0.0,0.0,0.016393443,0.0,0,0.075803083,0.0,0,0.473938235
115083,Golden Gate University,941585735,120500,,536 Mission Street,San Francisco,CA,94105-2968,www.ggu.edu/,761,2262,3,0,23,24,2630186,3005418,114355.91,125225.75,110286.9382,94108.42955,100,235,88,147,0.076595745,0.178723404,0.289361702,0.52173913,0.461538462,0.555555556,0.043478261,0.0,0.055555556,0.043478261,0.153846154,0.055555556,0.130434783,0.076923077,0.111111111,0.0,0,0.075803083,0.0,0,0.473938235
115126,Golden West College,956002272,120600,,15744 Goldenwest St.,Huntington Beach,CA,92647-2710,www.goldenwestcollege.edu/,1798,10433,1,1,51,75,7019524,10421752,137637.73,138956.69,110286.9382,94108.42955,100,203,84,119,0.024630542,0.285714286,0.275862069,0.0,0.0,0.605504587,0.0,0.0,0.018348624,0.0,0.0,0.064220183,0.0,0.0,0.119266055,0.0,0,0.075803083,0.0,0,0.473938235
115296,Grossmont College,956006652,120800,,8800 Grossmont College Dr,El Cajon,CA,92020-1799,https://www.grossmont.edu/,1552,13591,1,1,82,113,9222273,12552076,112466.74,111080.32,110286.9382,94108.42955,100,226,91,135,0.061946903,0.230088496,0.079646018,0.0,0.0,0.592814371,0.0,0.0,0.017964072,0.0,0.0,0.083832335,0.0,0.0,0.083832335,0.0,0,0.075803083,0.333333333,0.025916135,0.473938235
115393,Hartnell College,770086025,120900,,411 Central Avenue,Salinas,CA,93901,www.hartnell.edu/,934,8478,1,1,139,135,6906794,8160329,49689.17,60446.88,110286.9382,94108.42955,100,236,80,156,0.004237288,0.631355932,0.06779661,0.0,0.0,0.527777778,0.0,0.0,0.027777778,0.0,0.0,0.180555556,0.0,0.0,0.055555556,0.0,0,0.075803083,0.0,0,0.473938235
115409,Harvey Mudd College,951911219,117100,"Mudd, HMC",301 Platt Blvd.,Claremont,CA,91711,https://www.hmc.edu/,212,949,3,0,66,43,8815917,5654518,133574.5,131500.42,110286.9382,94108.42955,100,257,90,167,0.023346304,0.529182879,0.108949416,0.319148936,0.545454545,0.391304348,0.0,0.045454545,0.014492754,0.021276596,0.0,0.014492754,0.085106383,0.045454545,0.072463768,0.0,0,0.075803083,0.0,0,0.473938235
115755,California State Polytechnic University-Humboldt,946001347,114900,Cal Poly Humboldt,1 Harpst Street,Arcata,CA,95521-8299,www.humboldt.edu/,1539,6156,1,1,131,140,12998568,13099320,99225.71,93566.57,110286.9382,94108.42955,100,621,239,382,0.028985507,0.141706924,0.035426731,0.446808511,0.571428571,0.5,0.010638298,0.028571429,0.018518519,0.031914894,0.085714286,0.055555556,0.031914894,0.014285714,0.024691358,0.0,0,0.075803083,1.333333333,0.221300138,0.473938235
115773,Humphreys University-Stockton and Modesto Campuses,941196198,121200,,6650 Inglewood Ave,Stockton,CA,95207,www.humphreys.edu/,158,575,3,0,3,6,223047,443930,74349.0,73988.33,110286.9382,94108.42955,100,35,17,18,0.057142857,0.342857143,0.171428571,0.5,1.0,0.0,0.0,0.0,0.0,0.0,0.0,0.0,0.0,0.0,0.0,0.0,0,0.075803083,0.0,0,0.473938235
115861,Imperial Valley College,956006350,121400,IVC,380 E. Aten Road,Imperial,CA,92251-0158,www.imperial.edu/,1287,8111,1,1,81,69,9240485,8320693,114080.06,120589.75,110286.9382,94108.42955,100,217,90,127,0.01843318,0.847926267,0.0,0.0,0.0,0.443396226,0.0,0.0,0.018867925,0.0,0.0,0.198113208,0.0,0.0,0.009433962,0.666666667,0.086054817,0.075803083,0.0,0,0.473938235
116439,Irvine Valley College,952479872,2539500,,5500 Irvine Center Drive,Irvine,CA,92618-0301,https://www.ivc.edu/,2551,11994,1,0,81,81,10395023,10201923,128333.62,125949.67,110286.9382,94108.42955,100,244,121,123,0.024590164,0.336065574,0.131147541,0.0,0.0,0.474452555,0.0,0.0,0.01459854,0.0,0.0,0.058394161,0.0,0.0,0.072992701,0.0,0,0.075803083,0.333333333,0.03185525,0.473938235
116846,American Jewish University,951684064,274100,AJU,15600 Mulholland Dr,Los Angeles,CA,90077-1519,www.aju.edu/,77,209,4,0,6,2,668854,219471,111475.67,109735.5,110286.9382,94108.42955,100,143,53,90,0.027972028,0.216783217,0.006993007,0.25,0.0,0.142857143,0.0,0.0,0.0,0.0,0.0,0.0,0.0,0.0,0.0,0.666666667,6.172839506,0.075803083,0.0,0,0.473938235
117052,Reedley College,941574802,130800,,995 N Reed Ave,Reedley,CA,93654,www.reedleycollege.edu/,1342,8174,1,1,83,80,9348626,8985727,112634.05,112321.59,110286.9382,94108.42955,100,152,67,85,0.026315789,0.493421053,0.078947368,0.0,0.0,0.441860465,0.0,0.0,0.0,0.0,0.0,0.093023256,0.0,0.0,0.011627907,0.0,0,0.075803083,0.333333333,0.047041114,0.473938235
117104,Life Pacific University,951684068,2270600,LIFE Bible College,1100 W. Covina Blvd.,San Dimas,CA,91773-3298,https://lifepacific.edu/,154,504,4,0,12,5,878983,344017,73248.58,68803.4,110286.9382,94108.42955,100,77,32,45,0.077922078,0.311688312,0.025974026,0.0,0.0,0.0,0.0,0.0,0.0,0.0,0.0,0.0,0.0,0.0,0.0,0.0,0,0.075803083,0.333333333,0.666666667,0.473938235
117140,University of La Verne,951644026,121600,La Verne,1950 Third St,La Verne,CA,91750-4401,https://www.laverne.edu/,1646,5596,3,0,108,94,12277782,9859976,113683.17,104893.36,110286.9382,94108.42955,100,393,148,245,0.089058524,0.239185751,0.066157761,0.423913043,0.489795918,0.440677966,0.0,0.040816327,0.016949153,0.054347826,0.0,0.025423729,0.065217391,0.163265306,0.118644068,0.0,0,0.075803083,0.333333333,0.058872012,0.473938235
117168,Laguna College of Art and Design,952415066,2330500,LCAD,2222 Laguna Canyon Rd,Laguna Beach,CA,92651,www.lcad.edu/,151,807,3,0,19,5,1745065,464885,91845.53,92977.0,110286.9382,94108.42955,100,94,47,47,0.106382979,0.20212766,0.063829787,0.142857143,0.181818182,0.0,0.0,0.0,0.0,0.0,0.0,0.0,0.0,0.0,0.0,0.0,0,0.075803083,0.0,0,0.473938235
117195,Lake Tahoe Community College,942317114,1290700,LTCC,One College Drive,South Lake Tahoe,CA,96150,www.ltcc.edu/,201,3376,1,1,14,19,1430524,1820902,102180.29,95836.95,110286.9382,94108.42955,100,112,37,75,0.017857143,0.276785714,0.0625,0.0,0.0,0.583333333,0.0,0.0,0.0,0.0,0.0,0.083333333,0.0,0.0,0.041666667,0.0,0,0.075803083,0.0,0,0.473938235
117247,Laney College,941590799,126600,,900 Fallon Sreet,Oakland,CA,94607,laney.edu/,575,10211,1,1,58,67,6664213,7595515,114900.22,113365.9,110286.9382,94108.42955,100,119,51,68,0.352941176,0.159663866,0.277310924,0.0,0.0,0.476190476,0.0,0.0,0.083333333,0.0,0.0,0.047619048,0.0,0.0,0.083333333,0.0,0,0.075803083,0.333333333,0.034531579,0.473938235
117274,Lassen Community College,161644590,121700,,478-200 Hwy 139,Susanville,CA,96130,www.lassencollege.edu/,207,1783,1,1,27,22,1683025,2317283,62334.26,105331.05,110286.9382,94108.42955,100,83,32,51,0.024096386,0.024096386,0.0,0.0,0.0,0.517241379,0.0,0.0,0.0,0.0,0.0,0.068965517,0.0,0.0,0.0,0.0,0,0.075803083,0.0,0,0.473938235
117520,Life Chiropractic College West,942382546,2228500,Life West,25001 Industrial Blvd,Hayward,CA,94545-2570,www.lifewest.edu/,156,613,3,0,19,15,1834385,1365098,96546.58,91006.53,110286.9382,94108.42955,100,85,28,57,0.058823529,0.211764706,0.105882353,0.434782609,0.25,0.0,0.0,0.0,0.0,0.086956522,0.0,0.0,0.043478261,0.0,0.0,0.0,0,0.075803083,0.0,0,0.473938235
117627,La Sierra University,330413730,121500,,4500 Riverwalk Parkway,Riverside,CA,92505-8247,https://lasierra.edu/,427,1611,4,0,52,39,3999144,2699913,76906.62,69228.54,110286.9382,94108.42955,100,192,70,122,0.057291667,0.328125,0.036458333,0.269230769,0.363636364,0.205128205,0.0,0.0,0.0,0.0,0.060606061,0.025641026,0.076923077,0.060606061,0.051282051,0.0,0,0.075803083,1.0,0.619578686,0.473938235
117636,Loma Linda University,931221825,121800,,11139 Anderson Street,Loma Linda,CA,92350,www.llu.edu/index.html,1377,4202,4,0,129,201,17942441,24035941,139088.69,119581.8,110286.9382,94108.42955,100,949,339,610,0.054794521,0.375131718,0.204425711,0.459016393,0.595238095,0.454545455,0.016393443,0.035714286,0.090909091,0.016393443,0.011904762,0.0,0.098360656,0.178571429,0.136363636,0.0,0,0.075803083,4.333333333,1.012461059,0.473938235
117645,Long Beach City College,952654140,121900,,4901 E. Carson St.,Long Beach,CA,90808-1706,www.lbcc.edu/,2667,24425,1,1,160,186,14815516,18120010,92596.98,97419.41,110286.9382,94108.42955,100,661,265,396,0.145234493,0.350983359,0.15279879,0.0,0.0,0.541353383,0.0,0.0,0.045112782,0.0,0.0,0.131578947,0.0,0.0,0.063909774,3.333333333,0.148796238,0.075803083,0.666666667,0.029759248,0.473938235
117672,Southern California University of Health Sciences,950948050,122900,Los Angeles College of Chiropractic,16200 East Amber Valley Drive,Whittier,CA,90604,https://www.scuhs.edu/,398,1987,3,0,24,24,2410918,2496768,100454.92,104032.0,110286.9382,94108.42955,100,174,51,123,0.057471264,0.235632184,0.149425287,0.428571429,0.714285714,0.0,0.142857143,0.0,0.0,0.0,0.0,0.0,0.0,0.0,0.0,0.0,0,0.075803083,0.0,0,0.473938235
117690,Los Angeles Harbor College,952587353,122400,Harbor College,1111 Figueroa Place,Wilmington,CA,90744-2397,https://www.lahc.edu/,844,8898,1,1,40,52,4948880,6629037,123722.0,127481.48,110286.9382,94108.42955,100,137,77,60,0.189781022,0.335766423,0.109489051,0.0,0.0,0.544303797,0.0,0.0,0.088607595,0.0,0.0,0.126582278,0.0,0.0,0.063291139,0.666666667,0.090285302,0.075803083,0.0,0,0.473938235
117706,Los Angeles Pierce College,952587353,122600,"Pierce College, LA Pierce College, LAPC",6201 Winnetka Ave,Woodland Hills,CA,91371-0002,www.lapc.edu/,1218,16186,1,1,85,134,10570489,18166616,124358.69,135571.76,110286.9382,94108.42955,100,297,156,141,0.121212121,0.276094276,0.144781145,0.0,0.0,0.607843137,0.0,0.0,0.044117647,0.0,0.0,0.078431373,0.0,0.0,0.078431373,0.666666667,0.043368896,0.075803083,0.333333333,0.021684448,0.473938235
117715,Los Angeles Southwest College,952587353,704700,,1600 W Imperial Hwy,Los Angeles,CA,90047-4899,https://www.lasc.edu/,380,5267,1,1,29,48,3769072,5680867,129968.0,118351.4,110286.9382,94108.42955,100,119,65,54,0.319327731,0.260504202,0.008403361,0.0,0.0,0.609375,0.0,0.0,0.359375,0.0,0.0,0.0625,0.0,0.0,0.015625,0.0,0,0.075803083,0.0,0,0.473938235
117724,Los Angeles Trade Technical College,952587353,122700,,400 W Washington Blvd,Los Angeles,CA,90015-4181,www.lattc.edu/,1347,12655,1,1,95,80,12862909,10423225,135399.04,130290.31,110286.9382,94108.42955,100,265,148,117,0.294339623,0.335849057,0.079245283,0.0,0.0,0.440789474,0.0,0.0,0.105263158,0.0,0.0,0.105263158,0.0,0.0,0.059210526,0.666666667,0.064244644,0.075803083,0.0,0,0.473938235
117733,Los Angeles Valley College,952587353,122800,LA Valley College,5800 Fulton Avenue,Valley Glen,CA,91401-4096,www.lavc.edu/,1459,15733,1,1,87,97,11907481,12448945,136867.6,128339.64,110286.9382,94108.42955,100,267,126,141,0.108614232,0.36329588,0.082397004,0.0,0.0,0.497005988,0.0,0.0,0.017964072,0.0,0.0,0.095808383,0.0,0.0,0.065868263,0.0,0,0.075803083,0.0,0,0.473938235
117751,The Master's University and Seminary,956001907,122000,,21726 Placerita Canyon Road,Santa Clarita,CA,91321-1200,www.masters.edu/,416,2799,4,0,61,11,5927872,862580,97178.23,78416.36,110286.9382,94108.42955,100,251,159,92,0.035856574,0.215139442,0.03187251,0.052631579,0.117647059,0.0,0.0,0.0,0.0,0.0,0.0,0.0,0.0,0.0,0.0,0.0,0,0.075803083,0.333333333,0.127909951,0.473938235
117788,Los Angeles City College,952587353,122300,,855 N Vermont Ave,Los Angeles,CA,90029,www.lacitycollege.edu/,1353,14076,1,1,68,89,9036412,11220256,132888.41,126070.29,110286.9382,94108.42955,100,264,133,131,0.147727273,0.227272727,0.079545455,0.0,0.0,0.56,0.0,0.0,0.04,0.0,0.0,0.08,0.0,0.0,0.112,0.666666667,0.050508877,0.075803083,0.666666667,0.050508877,0.473938235
117867,Los Angeles Mission College,952587353,1255000,,13356 Eldridge Avenue,Sylmar,CA,91342-3200,https://www.lamission.edu/,878,10425,1,1,37,59,5280409,7192510,142713.76,121906.95,110286.9382,94108.42955,100,167,66,101,0.137724551,0.449101796,0.101796407,0.0,0.0,0.544303797,0.0,0.0,0.037974684,0.0,0.0,0.164556962,0.0,0.0,0.101265823,0.0,0,0.075803083,0.0,0,0.473938235
117894,Los Medanos College,680342035,1034000,"Los Medanos, LMC",2700 East Leland Road,Pittsburg,CA,94565,https://www.losmedanos.edu/,1209,8230,1,1,68,81,6303282,7109016,92695.32,87765.63,110286.9382,94108.42955,100,149,59,90,0.120805369,0.288590604,0.120805369,0.0,0.0,0.494117647,0.0,0.0,0.047058824,0.0,0.0,0.105882353,0.0,0.0,0.047058824,0.0,0,0.075803083,0.0,0,0.473938235
117946,Loyola Marymount University,951643334,1164900,,One Lmu Drive,Los Angeles,CA,90045-2659,https://www.lmu.edu/,2732,10256,4,1,310,334,39480813,38529583,127357.46,115358.03,110286.9382,94108.42955,100,1351,495,856,0.105107328,0.321983716,0.10880829,0.441964286,0.556818182,0.461538462,0.022321429,0.022727273,0.024615385,0.044642857,0.073863636,0.061538462,0.053571429,0.130681818,0.086153846,0.666666667,0.065584522,0.075803083,3.0,0.295130349,0.473938235
118347,College of Marin,680194359,117800,,835 College Ave,Kentfield,CA,94904-2590,www.marin.edu/,362,4673,1,1,56,76,6537304,9133301,116737.57,120175.01,110286.9382,94108.42955,100,210,90,120,0.033333333,0.219047619,0.114285714,0.0,0.0,0.586538462,0.0,0.0,0.028846154,0.0,0.0,0.057692308,0.0,0.0,0.019230769,0.0,0,0.075803083,0.333333333,0.077827068,0.473938235
118684,Mendocino College,946002711,1167200,,1000 Hensley Creek Road,Ukiah,CA,95482,www.mendocino.edu/,287,4032,1,1,30,26,3913784,3248957,130459.47,124959.88,110286.9382,94108.42955,100,136,56,80,0.007352941,0.25,0.044117647,0.0,0.0,0.5,0.0,0.0,0.0,0.0,0.0,0.055555556,0.0,0.0,0.0,0.0,0,0.075803083,0.0,0,0.473938235
118693,Menlo College,943204136,123600,Menlo,1000 El Camino Real,Atherton,CA,94027-4301,www.menlo.edu/,182,840,3,0,15,16,1551654,1583051,103443.6,98940.69,110286.9382,94108.42955,100,136,72,64,0.073529412,0.183823529,0.169117647,0.4,0.5,0.0,0.0,0.0,0.0,0.0,0.0,0.0,0.3,0.375,0.0,1.333333333,1.666666667,0.075803083,0.333333333,0.416666667,0.473938235
118718,Merced College,770362218,123700,Merced Community College District,3600 M St,Merced,CA,95348-2806,www.mccd.edu/,1597,11835,1,1,94,107,8870485,10218053,94366.86,95495.82,110286.9382,94108.42955,100,344,149,195,0.040697674,0.5,0.069767442,0.0,0.0,0.547770701,0.0,0.0,0.031847134,0.0,0.0,0.101910828,0.0,0.0,0.038216561,0.0,0,0.075803083,0.333333333,0.032634945,0.473938235
118772,Merritt College,941590799,126700,,12500 Campus Dr,Oakland,CA,94619-3196,www.merritt.edu/,598,6716,1,0,29,44,2990080,4717849,103106.21,107223.84,110286.9382,94108.42955,100,78,19,59,0.384615385,0.217948718,0.217948718,0.0,0.0,0.55,0.0,0.0,0.225,0.0,0.0,0.05,0.0,0.0,0.025,0.0,0,0.075803083,0.333333333,0.051171835,0.473938235
118912,MiraCosta College,956006662,123900,,One Barnard Drive,Oceanside,CA,92056-3899,www.miracosta.edu/,1724,11707,1,1,73,86,10907686,12095813,149420.36,140648.99,110286.9382,94108.42955,100,419,168,251,0.054892601,0.334128878,0.052505967,0.0,0.0,0.511627907,0.0,0.0,0.015503876,0.0,0.0,0.139534884,0.0,0.0,0.054263566,0.0,0,0.075803083,0.666666667,0.061387354,0.473938235
118930,Mission College,946020929,2119100,,3000 Mission College Blvd,Santa Clara,CA,95054-1897,www.missioncollege.edu/,873,6669,1,1,55,81,7385308,11873444,134278.33,146585.73,110286.9382,94108.42955,100,102,29,73,0.009803922,0.196078431,0.323529412,0.0,0.0,0.628571429,0.0,0.0,0.019047619,0.0,0.0,0.066666667,0.0,0.0,0.171428571,0.0,0,0.075803083,0.0,0,0.473938235
118976,Modesto Junior College,521566989,124000,MJC,435 College Ave,Modesto,CA,95350-5800,https://www.mjc.edu/,2081,17152,1,0,110,137,11404826,13167188,103680.24,96110.86,110286.9382,94108.42955,100,267,89,178,0.033707865,0.397003745,0.041198502,0.0,0.0,0.592592593,0.0,0.0,0.049382716,0.0,0.0,0.074074074,0.0,0.0,0.037037037,0.0,0,0.075803083,0.333333333,0.020545694,0.473938235
119058,Middlebury Institute of International Studies at Monterey,30179298,369110,MIIS,460 Pierce Street,Monterey,CA,93940,https://www.middlebury.edu/institute/,326,503,3,0,30,31,3310541,3083784,110351.37,99476.9,110286.9382,94108.42955,100,118,49,69,0.016949153,0.06779661,0.06779661,0.565217391,0.5,0.0,0.0,0.0,0.0,0.043478261,0.0,0.0,0.173913043,0.208333333,0.0,0.0,0,0.075803083,0.0,0,0.473938235
119067,Monterey Peninsula College,942314506,124200,,980 Fremont St,Monterey,CA,93940-4799,www.mpc.edu/,728,7351,1,1,59,66,6062322,6142031,102751.22,93061.08,110286.9382,94108.42955,100,201,82,119,0.044776119,0.373134328,0.114427861,0.0,0.0,0.493150685,0.0,0.0,0.01369863,0.0,0.0,0.054794521,0.0,0.0,0.04109589,0.0,0,0.075803083,0.0,0,0.473938235
119137,Moorpark College,952224338,711500,,7075 Campus Rd,Moorpark,CA,93021-1695,www.moorparkcollege.edu/index.shtml,1986,14091,1,1,77,91,8455345,10081094,109809.68,110781.25,110286.9382,94108.42955,100,204,85,119,0.029411765,0.338235294,0.06372549,0.0,0.0,0.535433071,0.0,0.0,0.0,0.0,0.0,0.047244094,0.0,0.0,0.047244094,0.0,0,0.075803083,0.0,0,0.473938235
119164,Mt San Antonio College,956002131,124500,Mt. SAC,1100 N Grand Ave,Walnut,CA,91789-1399,www.mtsac.edu/,3650,28742,1,1,220,258,24942016,29170776,113372.8,113065.02,110286.9382,94108.42955,100,872,359,513,0.061926606,0.435779817,0.161697248,0.0,0.0,0.539944904,0.0,0.0,0.016528926,0.0,0.0,0.14600551,0.0,0.0,0.063360882,1.333333333,0.050782043,0.075803083,1.0,0.038086533,0.473938235
119173,Mount Saint Mary's University,951641455,124300,,12001 Chalon Rd,Los Angeles,CA,90049-1599,https://www.msmu.edu/,682,2308,4,0,37,85,3299381,7682442,89172.46,90381.67,110286.9382,94108.42955,100,276,67,209,0.076086957,0.460144928,0.076086957,0.685714286,0.705882353,0.704918033,0.057142857,0.058823529,0.06557377,0.0,0.029411765,0.016393443,0.057142857,0.058823529,0.06557377,0.0,0,0.075803083,0.666666667,0.273224044,0.473938235
119216,Mt San Jacinto Community College District,956000929,124600,Mt. San Jacinto CCD,1499 N. State St.,San Jacinto,CA,92583-2399,www.msjc.edu/,1978,17215,1,1,88,95,11258218,12242241,127934.3,128865.69,110286.9382,94108.42955,100,408,184,224,0.098039216,0.406862745,0.036764706,0.0,0.0,0.515923567,0.0,0.0,0.025477707,0.0,0.0,0.133757962,0.0,0.0,0.050955414,0.0,0,0.075803083,0.333333333,0.021997844,0.473938235
119331,Napa Valley College,680314463,124700,,2277 Napa-Vallejo Hwy,Napa,CA,94558-6236,https://www.napavalley.edu/,558,4213,1,0,31,68,3773896,7363191,121738.58,108282.22,110286.9382,94108.42955,100,161,53,108,0.043478261,0.385093168,0.136645963,0.0,0.0,0.651162791,0.0,0.0,0.058139535,0.0,0.0,0.174418605,0.0,0.0,0.058139535,0.0,0,0.075803083,0.333333333,0.082487833,0.473938235
119605,National University,237172306,1146000,,9388 Lightwave Ave,San Diego,CA,92123,www.nu.edu/,5672,19924,3,0,145,206,14988025,19335111,103365.69,93859.76,110286.9382,94108.42955,100,1768,592,1176,0.132918552,0.184954751,0.080882353,0.545454545,0.608695652,0.0,0.048128342,0.097826087,0.0,0.021390374,0.097826087,0.0,0.032085561,0.054347826,0.0,0.0,0,0.075803083,0.0,0,0.473938235
120184,Notre Dame de Namur University,941156646,117900,NDNU,1500 Ralston Ave,Belmont,CA,94002-1908,www.ndnu.edu/,67,237,4,0,3,6,281544,566197,93848.0,94366.17,110286.9382,94108.42955,100,75,29,46,0.08,0.186666667,0.16,1.0,0.5,0.0,0.0,0.25,0.0,0.0,0.0,0.0,0.5,0.0,0.0,0.0,0,0.075803083,0.0,0,0.473938235
120254,Occidental College,951667177,124900,Oxy,1600 Campus Rd,Los Angeles,CA,90041-3392,https://www.oxy.edu/,501,1854,3,1,98,100,10894121,10517343,111164.5,105173.43,110286.9382,94108.42955,100,484,154,330,0.066115702,0.415289256,0.099173554,0.507936508,0.487179487,0.5,0.031746032,0.0,0.019607843,0.031746032,0.051282051,0.039215686,0.079365079,0.153846154,0.107843137,1.333333333,0.686577412,0.075803083,2.666666667,1.373154823,0.473938235
120290,Ohlone College,942378181,448100,,43600 Mission Blvd,Fremont,CA,94539-0390,www.ohlone.edu/,628,8375,1,0,51,63,6172269,6399059,121024.88,101572.37,110286.9382,94108.42955,100,190,85,105,0.063157895,0.310526316,0.3,0.0,0.0,0.560606061,0.0,0.0,0.045454545,0.0,0.0,0.106060606,0.0,0.0,0.075757576,0.0,0,0.075803083,0.333333333,0.039881949,0.473938235
120342,Orange Coast College,956002272,125000,,2701 Fairview Road,Costa Mesa,CA,92626,orangecoastcollege.edu/,2358,17085,1,1,121,136,16407406,17774165,135598.4,130692.39,110286.9382,94108.42955,100,331,151,180,0.018126888,0.280966767,0.151057402,0.0,0.0,0.513274336,0.0,0.0,0.017699115,0.0,0.0,0.048672566,0.0,0.0,0.07079646,3.333333333,0.200634003,0.075803083,13.33333333,0.802536014,0.473938235
120403,Otis College of Art and Design,132981115,125100,"Otis Art Institute, Otis Parsons, Otis/Parsons",9045 Lincoln Blvd,Los Angeles,CA,90045-3505,www.otis.edu/,244,1284,3,0,22,31,1850710,2511675,84123.18,81021.77,110286.9382,94108.42955,100,283,113,170,0.113074205,0.16254417,0.148409894,0.5,0.578947368,0.0,0.0,0.0,0.0,0.0,0.052631579,0.0,0.1875,0.052631579,0.0,0.0,0,0.075803083,0.0,0,0.473938235
120421,Oxnard College,952224338,1284200,,4000 S Rose Ave,Oxnard,CA,93033-6699,www.oxnardcollege.edu/,1282,6911,1,1,47,48,5227300,5130090,111219.15,106876.88,110286.9382,94108.42955,100,155,59,96,0.025806452,0.612903226,0.038709677,0.0,0.0,0.491803279,0.0,0.0,0.016393443,0.0,0.0,0.163934426,0.0,0.0,0.098360656,0.0,0,0.075803083,0.333333333,0.05258453,0.473938235
120537,Hope International University,951916051,125200,Hope|HIU|College of Arts and Sciences|College of Business and Management|College of Education|Pacific Christian of Ministry and Biblical Studies|College of Psychology and Counseling|Fullerton|Orange County|California|,2500 E Nutwood Ave,Fullerton,CA,92831-3199,www.hiu.edu/,305,1140,4,0,13,23,994421,1621288,76493.92,70490.78,110286.9382,94108.42955,100,166,87,79,0.054216867,0.246987952,0.072289157,0.5,0.611111111,0.0,0.0,0.055555556,0.0,0.0,0.055555556,0.0,0.0,0.055555556,0.0,0.0,0,0.075803083,0.0,0,0.473938235
120698,Palo Alto University,942340692,2138300,Pacific Graduate School of Psychology,1791 Arastradero Rd,Palo Alto,CA,94304-1337,www.paloaltou.edu/,340,1223,3,0,14,32,1429100,4714097,102078.57,147315.53,110286.9382,94108.42955,100,84,26,58,0.047619048,0.226190476,0.107142857,0.555555556,0.833333333,0.666666667,0.0,0.083333333,0.033333333,0.055555556,0.083333333,0.066666667,0.222222222,0.0,0.133333333,0.0,0,0.075803083,0.0,0,0.473938235
120865,Pacific Union College,941279798,125800,PUC,One Angwin Ave,Angwin,CA,94508-9707,https://www.puc.edu/,212,938,4,1,27,30,1761487,1934714,65240.26,64490.47,110286.9382,94108.42955,100,113,53,60,0.03539823,0.17699115,0.07079646,0.409090909,0.454545455,0.44,0.0,0.0,0.0,0.0,0.0,0.0,0.0,0.090909091,0.0,0.666666667,0.766283525,0.075803083,0.333333333,0.383141762,0.473938235
120883,University of the Pacific,941156266,132900,Pacific | UOP | University of Pacific | Pacific University | U. Pacific | Univ. of Pacific | U. of Pacific,3601 Pacific Ave,Stockton,CA,95211-0197,www.pacific.edu/,1759,6755,3,0,232,199,27492628,22028444,118502.71,110695.7,110286.9382,94108.42955,100,1161,467,694,0.074074074,0.250645995,0.206718346,0.38410596,0.46031746,0.401746725,0.013245033,0.0,0.008733624,0.01986755,0.031746032,0.021834061,0.092715232,0.119047619,0.100436681,0.0,0,0.075803083,4.0,0.637247093,0.473938235
120953,Palo Verde College,330833195,125900,,One College Drive,Blythe,CA,92225,https://www.paloverde.edu/,399,3461,1,0,18,18,2055746,1893236,114208.11,105179.78,110286.9382,94108.42955,100,88,18,70,0.022727273,0.590909091,0.011363636,0.0,0.0,0.428571429,0.0,0.0,0.0,0.0,0.0,0.142857143,0.0,0.0,0.047619048,0.0,0,0.075803083,0.0,0,0.473938235
120971,Palomar College,956002227,126000,,1140 W. Mission Road,San Marcos,CA,92069-1487,www2.palomar.edu/,2812,18815,1,1,141,160,17835163,21078297,126490.52,131739.36,110286.9382,94108.42955,100,426,184,242,0.030516432,0.389671362,0.075117371,0.0,0.0,0.494845361,0.0,0.0,0.020618557,0.0,0.0,0.082474227,0.0,0.0,0.041237113,0.0,0,0.075803083,0.0,0,0.473938235
121044,Pasadena City College,952505000,126100,,1570 E Colorado Blvd.,Pasadena,CA,91106-2003,pasadena.edu/,2996,23592,1,1,194,270,18452485,25943720,95115.9,96087.85,110286.9382,94108.42955,100,463,200,263,0.127429806,0.373650108,0.107991361,0.0,0.0,0.598214286,0.0,0.0,0.053571429,0.0,0.0,0.147321429,0.0,0.0,0.035714286,4.666666667,0.212866244,0.075803083,1.333333333,0.060818927,0.473938235
121150,Pepperdine University,951644037,1014900,,24255 Pacific Coast Hwy,Malibu,CA,90263,www.pepperdine.edu/,3463,9545,4,0,212,190,28850592,21507353,136087.7,113196.59,110286.9382,94108.42955,100,1199,488,711,0.077564637,0.195162636,0.093411176,0.338129496,0.506493506,0.381443299,0.035971223,0.038961039,0.036082474,0.043165468,0.064935065,0.046391753,0.035971223,0.077922078,0.056701031,0.0,0,0.075803083,1.666666667,0.166168162,0.473938235
121257,Pitzer College,952261113,117200,Pitzer|Pfizer|PZ|PTZ|PIT,1050 North Mills Avenue,Claremont,CA,91711-6101,https://www.pitzer.edu/,270,1204,3,0,43,63,4848426,6774031,112754.09,107524.3,110286.9382,94108.42955,100,269,100,169,0.044609665,0.513011152,0.063197026,0.523809524,0.625,0.551724138,0.047619048,0.0,0.034482759,0.047619048,0.125,0.068965517,0.047619048,0.0,0.034482759,0.0,0,0.075803083,1.0,0.825082508,0.473938235
121309,Point Loma Nazarene University,951644035,126200,PLNU,3900 Lomaland Dr,San Diego,CA,92106-2899,www.pointloma.edu/,1223,4494,4,0,84,78,8994610,7858920,107078.69,100755.38,110286.9382,94108.42955,100,501,191,310,0.02994012,0.21756487,0.073852295,0.367816092,0.622641509,0.35,0.022988506,0.037735849,0.025,0.022988506,0.056603774,0.0125,0.057471264,0.018867925,0.0375,0.0,0,0.075803083,0.0,0,0.473938235
121345,Pomona College,951664112,117300,,550 N College Ave,Claremont,CA,91711-4434,www.pomona.edu/,453,1664,3,0,110,121,15340376,14565961,139457.96,120379.84,110286.9382,94108.42955,100,600,246,354,0.075,0.391666667,0.078333333,0.433333333,0.450980392,0.435714286,0.022222222,0.039215686,0.028571429,0.055555556,0.019607843,0.042857143,0.088888889,0.117647059,0.092857143,0.333333333,0.194250194,0.075803083,0.0,0,0.473938235
121363,Porterville College,956006644,126800,,100 E College Ave,Porterville,CA,93257,https://www.portervillecollege.edu/,508,4939,1,1,33,39,3825125,4522467,115912.88,115960.69,110286.9382,94108.42955,100,98,36,62,0.030612245,0.479591837,0.010204082,0.0,0.0,0.555555556,0.0,0.0,0.015873016,0.0,0.0,0.158730159,0.0,0.0,0.063492063,0.0,0,0.075803083,0.666666667,0.162087689,0.473938235
121619,Santa Ana College,952696799,128400,SAC,1530 W. 17th Street,Santa Ana,CA,92706-3398,www.sac.edu/,3392,26073,1,1,121,142,14829408,17611631,122557.09,124025.57,110286.9382,94108.42955,100,347,140,207,0.034582133,0.524495677,0.170028818,0.0,0.0,0.59375,0.0,0.0,0.03125,0.0,0.0,0.15625,0.0,0.0,0.078125,0.0,0,0.075803083,2.666666667,0.111800548,0.473938235
121691,University of Redlands,951643389,132200,,1200 E. Colton Ave,Redlands,CA,92373-0999,www.redlands.edu/,1430,3192,3,0,81,96,8285743,9160169,102293.12,95418.43,110286.9382,94108.42955,100,412,163,249,0.075242718,0.262135922,0.050970874,0.536363636,0.347826087,0.503759398,0.009090909,0.043478261,0.015037594,0.027272727,0.043478261,0.030075188,0.081818182,0.043478261,0.07518797,4.666666667,1.348747592,0.075803083,3.666666667,1.05973025,0.473938235
121707,College of the Redwoods,946002186,118500,,7351 Tompkins Hill Rd,Eureka,CA,95501-9300,https://www.redwoods.edu/,735,4260,1,1,43,50,3868335,3691851,89961.28,73837.02,110286.9382,94108.42955,100,222,96,126,0.018018018,0.153153153,0.022522523,0.0,0.0,0.545454545,0.0,0.0,0.0,0.0,0.0,0.060606061,0.0,0.0,0.060606061,0.0,0,0.075803083,0.666666667,0.166417041,0.473938235
121886,Rio Hondo College,956006673,126900,RHCCD|RHC,3600 Workman Mill Rd,Whittier,CA,90601-1616,www.riohondo.edu/,1665,17193,1,1,99,106,12548255,12846708,126750.05,121195.36,110286.9382,94108.42955,100,333,124,209,0.036036036,0.687687688,0.108108108,0.0,0.0,0.493902439,0.0,0.0,0.012195122,0.0,0.0,0.201219512,0.0,0.0,0.06097561,0.0,0,0.075803083,0.0,0,0.473938235
121901,Riverside City College,330831357,127000,,4800 Magnolia Avenue,Riverside,CA,92506,www.rcc.edu/,3134,20437,1,1,132,144,18932881,21077431,143430.92,146371.05,110286.9382,94108.42955,100,342,165,177,0.078947368,0.429824561,0.043859649,0.0,0.0,0.525510204,0.0,0.0,0.030612245,0.0,0.0,0.096938776,0.0,0.0,0.020408163,1.333333333,0.069636671,0.075803083,0.666666667,0.034818335,0.473938235
122180,Sacramento City College,941576340,123300,Sacramento City | Sac City | SCC,3835 Freeport Blvd,Sacramento,CA,95822-1386,https://www.scc.losrios.edu/,1525,19031,1,1,123,147,13472002,15532568,109528.47,105663.73,110286.9382,94108.42955,100,268,98,170,0.141791045,0.276119403,0.175373134,0.0,0.0,0.528571429,0.0,0.0,0.033333333,0.0,0.0,0.057142857,0.0,0.0,0.052380952,0.0,0,0.075803083,1.0,0.056436593,0.473938235
122205,Saddleback College,952479872,891800,,28000 Marguerite Pky,Mission Viejo,CA,92692-3635,https://www.saddleback.edu/,3651,18370,1,1,105,153,13848083,19709191,131886.5,128818.24,110286.9382,94108.42955,100,368,167,201,0.027173913,0.225543478,0.10326087,0.0,0.0,0.603960396,0.0,0.0,0.004950495,0.0,0.0,0.084158416,0.0,0.0,0.04950495,0.0,0,0.075803083,0.333333333,0.020008003,0.473938235
122296,Samuel Merritt University,942992642,701200,,3100 Telegraph Avenue,Oakland,CA,94609,www.samuelmerritt.edu/,934,1894,3,0,46,117,6951432,14990241,151118.09,128121.72,110286.9382,94108.42955,100,190,53,137,0.152631579,0.147368421,0.226315789,0.5625,0.777777778,0.0,0.0,0.111111111,0.0,0.0,0.111111111,0.0,0.1875,0.277777778,0.0,0.0,0,0.075803083,0.0,0,0.473938235
122339,San Diego City College,952644299,127300,,1313 Park Boulevard,San Diego,CA,92101-4787,www.sdcity.edu/,973,13197,1,1,87,140,6666590,11326827,76627.47,80905.91,110286.9382,94108.42955,100,173,68,105,0.132947977,0.387283237,0.156069364,0.0,0.0,0.7,0.0,0.0,0.1,0.0,0.0,0.2,0.0,0.0,0.0,0.0,0,0.075803083,1.0,0.082345191,0.473938235
122375,San Diego Mesa College,952644296,127500,,7250 Mesa College Dr,San Diego,CA,92111-4998,www.sdmesa.edu/,1490,19243,1,1,129,168,10265056,14750650,79574.08,87801.49,110286.9382,94108.42955,100,193,71,122,0.062176166,0.316062176,0.207253886,0.0,0.0,0.32,0.0,0.0,0.0,0.0,0.0,0.0,0.0,0.0,0.12,0.666666667,0.036881316,0.075803083,1.666666667,0.09220329,0.473938235
122384,San Diego Miramar College,952644299,1182000,,10440 Black Mountain Rd,San Diego,CA,92126-2999,www.sdmiramar.edu/,1042,13569,1,1,98,90,7125169,6823804,72705.81,75820.04,110286.9382,94108.42955,100,137,60,77,0.065693431,0.189781022,0.262773723,0.0,0.0,0.4,0.0,0.0,0.0,0.0,0.0,0.0,0.0,0.0,0.0,0.666666667,0.051038636,0.075803083,0.333333333,0.025519318,0.473938235
122409,San Diego State University,330373293,115100,,5500 Campanile Dr,San Diego,CA,92182-0001,www.sdsu.edu/,10625,39241,1,1,509,503,58617552,52697748,115162.18,104766.89,110286.9382,94108.42955,100,1983,785,1198,0.064548664,0.3197176,0.124558749,0.415335463,0.453815261,0.43006993,0.003194888,0.044176707,0.020979021,0.047923323,0.036144578,0.041958042,0.07028754,0.080321285,0.075174825,2.0,0.053473076,0.075803083,6.0,0.160419229,0.473938235
122436,University of San Diego,952544535,1039500,USD,5998 Alcala Park,San Diego,CA,92110-2492,www.sandiego.edu/,2922,9110,4,1,242,257,30403809,28664323,125635.57,111534.33,110286.9382,94108.42955,100,1526,534,992,0.046526868,0.296854522,0.088466579,0.450892857,0.486111111,0.425531915,0.008928571,0.013888889,0.010638298,0.044642857,0.069444444,0.053191489,0.044642857,0.069444444,0.04964539,0.0,0,0.075803083,6.0,0.680657969,0.473938235
122597,San Francisco State University,931137247,115400,,1600 Holloway Ave,San Francisco,CA,94132,www.sfsu.edu/,6434,23908,1,1,363,434,40088854,46868592,110437.61,107992.15,110286.9382,94108.42955,100,1451,595,856,0.066161268,0.173673329,0.377670572,0.504587156,0.581521739,0.536203523,0.012232416,0.016304348,0.01369863,0.03058104,0.054347826,0.04109589,0.140672783,0.152173913,0.14481409,2.666666667,0.105476887,0.075803083,15.0,0.593307491,0.473938235
122612,University of San Francisco,941156628,132500,,2130 Fulton St,San Francisco,CA,94117-1080,https://www.usfca.edu/,2987,9212,4,0,201,249,29602148,34203159,147274.37,137362.08,110286.9382,94108.42955,100,974,384,590,0.073921971,0.183778234,0.197125257,0.475308642,0.613924051,0.552,0.024691358,0.025316456,0.028,0.024691358,0.088607595,0.056,0.092592593,0.120253165,0.108,0.0,0,0.075803083,3.333333333,0.344068263,0.473938235
122658,San Joaquin Delta College,941044400,128000,Delta|Delta College|San Joaquin|San Joaquin Delta|San Joaquin Delta Community College District,5151 Pacific Ave,Stockton,CA,95207,www.deltacollege.edu/,2291,18226,1,1,118,127,13037533,14038901,110487.57,110542.53,110286.9382,94108.42955,100,419,153,266,0.062052506,0.30548926,0.1575179,0.0,0.0,0.597014925,0.0,0.0,0.029850746,0.0,0.0,0.23880597,0.0,0.0,0.044776119,0.0,0,0.075803083,0.0,0,0.473938235
122728,William Jessup University,941279803,128100,San Jose Christian College,2121 University Avenue,Rocklin,CA,95765-3707,www.jessup.edu/,436,1484,4,0,32,15,2500636,1246500,78144.88,83100.0,110286.9382,94108.42955,100,249,107,142,0.060240964,0.088353414,0.040160643,0.4,0.310344828,0.3,0.0,0.0,0.0,0.0,0.0,0.0,0.0,0.0,0.0,0.0,0,0.075803083,0.666666667,0.410509031,0.473938235
122746,San Jose City College,770100756,128200,,2100 Moorpark Ave,San Jose,CA,95128-2798,www.sjcc.edu/,767,8400,1,0,61,89,9015628,12460570,147797.18,140006.4,110286.9382,94108.42955,100,153,59,94,0.045751634,0.450980392,0.22875817,0.0,0.0,0.648148148,0.0,0.0,0.018518519,0.0,0.0,0.092592593,0.0,0.0,0.240740741,0.0,0,0.075803083,0.0,0,0.473938235
122755,San Jose State University,770414438,115500,,One Washington Square,San Jose,CA,95192-0001,www.sjsu.edu/,10153,36062,1,1,405,461,44484012,48954024,109837.07,106190.94,110286.9382,94108.42955,100,1555,573,982,0.061093248,0.246945338,0.282958199,0.471698113,0.598958333,0.522776573,0.0,0.03125,0.013015184,0.037735849,0.005208333,0.023861171,0.150943396,0.171875,0.15835141,1.333333333,0.037294994,0.075803083,27.0,0.75522363,0.473938235
122791,College of San Mateo,943084147,118100,CSM,1700 W Hillsdale Blvd,San Mateo,CA,94402-3784,www.collegeofsanmateo.edu/,803,9208,1,1,57,94,6566928,10548715,115209.26,112220.37,110286.9382,94108.42955,100,161,47,114,0.037267081,0.285714286,0.211180124,0.0,0.0,0.610619469,0.0,0.0,0.026548673,0.0,0.0,0.088495575,0.0,0.0,0.14159292,0.0,0,0.075803083,0.333333333,0.044373447,0.473938235
122889,Santa Barbara City College,770070782,128500,SBCC,721 Cliff Drive,Santa Barbara,CA,93109-2394,www.sbcc.edu/,1512,12345,1,1,100,113,12632181,14021226,126321.81,124081.65,110286.9382,94108.42955,100,336,150,186,0.041666667,0.383928571,0.047619048,0.0,0.0,0.538043478,0.0,0.0,0.02173913,0.0,0.0,0.097826087,0.0,0.0,0.016304348,0.666666667,0.052596976,0.075803083,3.666666667,0.289283366,0.473938235
122931,Santa Clara University,941156697,132600,SCU,500 El Camino Real,Santa Clara,CA,95053,www.scu.edu/,2742,9340,4,1,347,333,46705192,40552284,134597.1,121778.63,110286.9382,94108.42955,100,1040,404,636,0.038461538,0.221153846,0.1875,0.394160584,0.45890411,0.42599278,0.0,0.034246575,0.018050542,0.01459854,0.02739726,0.02166065,0.03649635,0.143835616,0.090252708,0.0,0,0.075803083,2.666666667,0.290549866,0.473938235
122977,Santa Monica College,952767537,128600,SMC,1900 Pico Blvd,Santa Monica,CA,90405-1628,https://www.smc.edu/,6051,23164,1,0,147,202,19398373,26605011,131961.72,131707.98,110286.9382,94108.42955,100,575,279,296,0.182608696,0.28,0.099130435,0.0,0.0,0.549090909,0.0,0.0,0.058181818,0.0,0.0,0.08,0.0,0.0,0.069090909,0.666666667,0.029795158,0.075803083,0.0,0,0.473938235
123013,Santa Rosa Junior College,946033759,128700,SRJC,1501 Mendocino Avenue,Santa Rosa,CA,95401-4395,www.santarosa.edu/,3015,16803,1,1,127,185,15652323,22705046,123246.64,122729.98,110286.9382,94108.42955,100,468,176,292,0.08974359,0.256410256,0.042735043,0.0,0.0,0.592105263,0.0,0.0,0.004385965,0.0,0.0,0.065789474,0.0,0.0,0.035087719,0.0,0,0.075803083,2.0,0.128600823,0.473938235
123165,Scripps College,951664123,117400,,1030 North Columbia Avenue,Claremont,CA,91711-3905,www.scrippscollege.edu/,265,1103,3,0,41,59,4610566,6716695,112452.83,113842.29,110286.9382,94108.42955,100,290,89,201,0.082758621,0.465517241,0.05862069,0.703703704,0.5,0.582089552,0.0,0.05,0.029850746,0.074074074,0.1,0.089552239,0.111111111,0.075,0.089552239,0.0,0,0.075803083,1.333333333,1.213224143,0.473938235
123217,College of the Sequoias,946003004,118600,,915 S. Mooney Blvd,Visalia,CA,93277-2214,https://www.cos.edu/,2076,13586,1,0,106,123,12032496,13671462,113514.11,111150.1,110286.9382,94108.42955,100,498,272,226,0.020080321,0.397590361,0.034136546,0.0,0.0,0.532051282,0.0,0.0,0.0,0.0,0.0,0.173076923,0.0,0.0,0.025641026,0.0,0,0.075803083,1.0,0.075930144,0.473938235
123299,Shasta College,680175047,128900,,11555 Old Oregon Trail,Redding,CA,96003,https://www.shastacollege.edu/,1021,8081,1,1,71,64,7730458,5655037,108879.69,88359.95,110286.9382,94108.42955,100,337,137,200,0.014836795,0.103857567,0.038575668,0.0,0.0,0.37037037,0.0,0.0,0.012345679,0.0,0.0,0.037037037,0.0,0.0,0.0,0.0,0,0.075803083,2.0,0.271628412,0.473938235
123341,Sierra College,946031260,129000,Sierra Joint Community College District,5100 Sierra College Blvd,Rocklin,CA,95677-3397,https://www.sierracollege.edu/,2314,17420,1,1,102,143,9043574,13901997,88662.49,97216.76,110286.9382,94108.42955,100,330,139,191,0.03030303,0.148484848,0.051515152,0.0,0.0,0.617486339,0.0,0.0,0.010928962,0.0,0.0,0.049180328,0.0,0.0,0.027322404,0.666666667,0.042285086,0.075803083,0.0,0,0.473938235
123448,Trinity Law School,362216176,177212,Trinity Law School,2200 N Grand Ave,Santa Ana,CA,92705,https://www.tiu.edu/law,95,364,4,0,5,2,427100,241463,85420.0,120731.5,110286.9382,94108.42955,100,49,21,28,0.0,0.040816327,0.040816327,0.0,1.0,1.0,0.0,0.0,0.0,0.0,0.0,0.0,0.0,0.0,0.0,0.0,0,0.075803083,0.0,0,0.473938235
123457,Simpson University,941339635,129100,,2211 College View Drive,Redding,CA,96003-8606,www.simpsonu.edu/,241,907,4,0,19,16,1364737,1157784,71828.26,72361.5,110286.9382,94108.42955,100,117,61,56,0.05982906,0.102564103,0.008547009,0.0,0.25,0.0,0.0,0.0,0.0,0.0,0.0,0.0,0.0,0.0,0.0,0.0,0,0.075803083,0.666666667,0.762776506,0.473938235
123484,College of the Siskiyous,680321440,118700,,800 College Ave,Weed,CA,96094-2899,www.siskiyous.edu/,277,1430,1,1,15,19,1581843,2155434,105456.2,113443.89,110286.9382,94108.42955,100,100,42,58,0.04,0.11,0.02,0.0,0.0,0.466666667,0.0,0.0,0.0,0.0,0.0,0.0,0.0,0.0,0.066666667,0.0,0,0.075803083,0.0,0,0.473938235
123509,Skyline College,943084147,771300,,3300 College Dr,San Bruno,CA,94066-1698,skylinecollege.edu/,793,9428,1,1,68,75,7467775,8778705,109820.22,117049.4,110286.9382,94108.42955,100,164,57,107,0.036585366,0.25,0.335365854,0.0,0.0,0.563106796,0.0,0.0,0.048543689,0.0,0.0,0.097087379,0.0,0.0,0.116504854,0.0,0,0.075803083,0.333333333,0.03910986,0.473938235
123527,San Bernardino Valley College,956002754,127200,,701 South Mount Vernon Avenue,San Bernardino,CA,92410-2798,www.valleycollege.edu/,1511,12982,1,1,69,69,7502668,7638489,108734.32,110702.74,110286.9382,94108.42955,100,300,95,205,0.176666667,0.503333333,0.06,0.0,0.0,0.509803922,0.0,0.0,0.078431373,0.0,0.0,0.078431373,0.0,0.0,0.049019608,0.0,0,0.075803083,0.666666667,0.061917588,0.473938235
123554,Saint Mary's College of California,941156599,130200,St. Marys College of California | St Marys College of California,1928 Saint Marys Road,Moraga,CA,94575,https://www.stmarys-ca.edu/,873,2775,4,0,80,122,8226591,12003612,102832.39,98390.26,110286.9382,94108.42955,100,368,151,217,0.048913043,0.157608696,0.097826087,0.552631579,0.647887324,0.590163934,0.013157895,0.056338028,0.032786885,0.039473684,0.070422535,0.06557377,0.105263158,0.084507042,0.098360656,0.0,0,0.075803083,1.0,0.361663653,0.473938235
123563,Solano Community College,946002197,129200,Solano College,4000 Suisun Valley Rd,Fairfield,CA,94534-3197,welcome.solano.edu/,1074,8868,1,1,50,80,5568321,8871945,111366.42,110899.31,110286.9382,94108.42955,100,198,83,115,0.146464646,0.237373737,0.212121212,0.0,0.0,0.605263158,0.0,0.0,0.061403509,0.0,0.0,0.061403509,0.0,0.0,0.052631579,0.0,0,0.075803083,0.0,0,0.473938235
123572,Sonoma State University,680338225,115600,,1801 E Cotati Ave,Rohnert Park,CA,94928-3609,https://sonoma.edu/,2138,5990,1,1,111,116,12033348,11858568,108408.54,102229.03,110286.9382,94108.42955,100,562,205,357,0.026690391,0.176156584,0.055160142,0.412844037,0.584615385,0.467065868,0.009174312,0.0,0.005988024,0.036697248,0.061538462,0.047904192,0.036697248,0.046153846,0.041916168,0.666666667,0.100446989,0.075803083,5.0,0.753352418,0.473938235
123651,Vanguard University of Southern California,956002998,129300,Vanguard University,55 Fair Dr,Costa Mesa,CA,92626,https://www.vanguard.edu/,579,2219,4,0,45,41,2937936,2963892,65287.47,72290.05,110286.9382,94108.42955,100,198,78,120,0.050505051,0.196969697,0.080808081,0.409090909,0.590909091,0.486486486,0.0,0.0,0.0,0.0,0.045454545,0.027027027,0.0,0.136363636,0.054054054,0.0,0,0.075803083,0.666666667,0.295508274,0.473938235
123800,Southwestern College,956006659,129400,Southwestern Community College District,900 Otay Lakes Rd.,Chula Vista,CA,91910-7299,https://www.swccd.edu/,2293,18469,1,1,89,120,10182719,13626627,114412.57,113555.22,110286.9382,94108.42955,100,562,212,350,0.051601423,0.542704626,0.104982206,0.575163399,0.0,0.575163399,0.013071895,0.0,0.013071895,0.169934641,0.0,0.169934641,0.026143791,0.0,0.026143791,1.333333333,0.080661424,0.075803083,4.666666667,0.282314983,0.473938235
123943,Marshall B Ketchum University,951644593,123000,formerly Southern California College of Optometry,2575 Yorba Linda Blvd,Fullerton,CA,92831-1699,www.ketchum.edu/,176,686,3,0,20,41,2796430,5221177,139821.5,127345.78,110286.9382,94108.42955,100,134,40,94,0.052238806,0.343283582,0.231343284,0.285714286,0.714285714,0.571428571,0.0,0.0,0.0,0.0,0.0,0.0,0.0,0.357142857,0.285714286,0.0,0,0.075803083,0.333333333,0.486618005,0.473938235
123961,University of Southern California,951642394,132800,USC,University Park,Los Angeles,CA,90089,www.usc.edu/,17924,47147,3,1,1260,902,221862224,131668418,176081.13,145973.86,110286.9382,94108.42955,100,13142,5354,7788,0.084157662,0.29143205,0.20818749,0.333946642,0.454545455,0.309440559,0.019319227,0.032670455,0.016608392,0.021159154,0.039772727,0.019230769,0.04875805,0.052556818,0.050699301,11.0,0.224742057,0.075803083,20.66666667,0.422242653,0.473938235
123970,Southwestern Law School,951246140,129500,,3050 Wilshire Boulevard,Los Angeles,CA,90010-1106,https://www.swlaw.edu/,272,951,3,0,26,34,4453757,5457000,171298.35,160500.0,110286.9382,94108.42955,100,117,44,73,0.025641026,0.341880342,0.170940171,0.487804878,0.736842105,0.310344828,0.024390244,0.105263158,0.034482759,0.073170732,0.105263158,0.0,0.048780488,0.052631579,0.068965517,0.0,0,0.075803083,0.0,0,0.473938235
124113,Taft College,952266481,130900,,29 Cougar Court,Taft,CA,93268,www.taftcollege.edu/,387,4135,1,1,24,24,3109570,3022980,129565.42,125957.5,110286.9382,94108.42955,100,167,58,109,0.02994012,0.377245509,0.023952096,0.487179487,0.5,0.487179487,0.025641026,0.0,0.025641026,0.076923077,0.0,0.076923077,0.0,0.0,0.0,0.0,0,0.075803083,0.333333333,0.073942621,0.473938235
125028,Ventura College,952224338,133400,,4667 Telegraph Rd,Ventura,CA,93003-3872,www.venturacollege.edu/,1894,11367,1,1,75,89,8290797,9481038,110543.96,106528.52,110286.9382,94108.42955,100,191,75,116,0.020942408,0.534031414,0.036649215,0.0,0.0,0.516949153,0.0,0.0,0.0,0.0,0.0,0.144067797,0.0,0.0,0.059322034,0.0,0,0.075803083,0.333333333,0.031568646,0.473938235
125091,Victor Valley College,956006576,133500,,18422 Bear Valley Rd,Victorville,CA,92395-5850,www.vvc.edu/,2167,15372,1,0,56,41,6587115,4630655,117627.05,112942.8,110286.9382,94108.42955,100,316,102,214,0.113924051,0.433544304,0.041139241,0.0,0.0,0.382352941,0.0,0.0,0.014705882,0.0,0.0,0.058823529,0.0,0.0,0.014705882,0.0,0,0.075803083,1.333333333,0.105418511,0.473938235
125170,Berkeley City College,941590799,2242700,,2050 Center Sreet,Berkeley,CA,94704,www.berkeleycitycollege.edu/,309,6547,1,0,36,37,3922335,3547199,108953.75,95870.24,110286.9382,94108.42955,100,62,22,40,0.177419355,0.129032258,0.35483871,0.0,0.0,0.413043478,0.0,0.0,0.02173913,0.0,0.0,0.065217391,0.0,0.0,0.086956522,0.0,0,0.075803083,0.0,0,0.473938235
125462,Coalinga College,770323447,117600,,300 Cherry Lane,Coalinga,CA,93210,https://www.westhillscollege.com/coalinga/,423,3592,1,1,22,13,2639147,1349568,119961.23,103812.92,110286.9382,94108.42955,100,132,33,99,0.022727273,0.651515152,0.022727273,0.0,0.0,0.32,0.0,0.0,0.0,0.0,0.0,0.0,0.0,0.0,0.0,0.0,0,0.075803083,0.0,0,0.473938235
125471,West Los Angeles College,952587353,859600,"West LA College, West L.A. College, West LA, West L.A., WLAC, WestLA",9000 Overland Avenue,Culver City,CA,90230-3519,www.wlac.edu/,1038,9299,1,1,40,65,5196688,8522667,129917.2,131117.95,110286.9382,94108.42955,100,174,76,98,0.24137931,0.229885057,0.08045977,0.0,0.0,0.636363636,0.0,0.0,0.056818182,0.0,0.0,0.159090909,0.0,0.0,0.056818182,0.0,0,0.075803083,0.333333333,0.038508934,0.473938235
125499,West Valley College,770268786,133800,,14000 Fruitvale Ave,Saratoga,CA,95070,www.westvalley.edu/,784,7272,1,1,61,82,9235498,12244862,151401.61,149327.59,110286.9382,94108.42955,100,92,26,66,0.054347826,0.282608696,0.108695652,0.0,0.0,0.56,0.0,0.0,0.008,0.0,0.0,0.104,0.0,0.0,0.072,0.0,0,0.075803083,1.333333333,0.204718768,0.473938235
125727,Westmont College,951684793,134100,,955 La Paz Rd,Santa Barbara,CA,93108-1089,www.westmont.edu/,328,1310,4,0,54,49,5387648,4760732,99771.26,97157.8,110286.9382,94108.42955,100,215,96,119,0.023255814,0.125581395,0.027906977,0.355555556,0.615384615,0.42,0.0,0.115384615,0.0,0.022222222,0.038461538,0.04,0.044444444,0.076923077,0.04,0.0,0,0.075803083,0.333333333,0.2596054,0.473938235
125763,Whittier College,951644048,134200,,13406 E Philadelphia Street,Whittier,CA,90601,www.whittier.edu/,356,859,3,0,49,47,4389967,3996275,89591.16,85027.13,110286.9382,94108.42955,100,205,71,134,0.053658537,0.512195122,0.03902439,0.428571429,0.535714286,0.49122807,0.0,0.0,0.0,0.057142857,0.035714286,0.052631579,0.028571429,0.071428571,0.052631579,0.0,0,0.075803083,0.333333333,0.279642058,0.473938235
125897,Woodbury University,952786163,134300,,7500 N. Glenoaks Blvd,Burbank,CA,91504-1052,https://woodbury.edu/,239,898,3,0,33,26,3168382,2378464,96011.58,91479.38,110286.9382,94108.42955,100,103,31,72,0.106796117,0.262135922,0.097087379,0.40625,0.470588235,0.0,0.0,0.058823529,0.0,0.0,0.058823529,0.0,0.0625,0.058823529,0.0,0.0,0,0.075803083,0.0,0,0.473938235
126012,The Wright Institute,941674865,884600,,2728 Durant Ave,Berkeley,CA,94704-1796,www.wi.edu/,197,511,3,0,3,16,376663,2084424,125554.33,130276.5,110286.9382,94108.42955,100,34,9,25,0.147058824,0.058823529,0.176470588,0.75,1.0,1.0,0.5,0.0,0.25,0.0,0.0,0.0,0.0,1.0,0.25,0.0,0,0.075803083,0.0,0,0.473938235
126049,Thomas Jefferson School of Law,330696561,1085400,,701 B Street - Suite 110,San Diego,CA,92101,www.tjsl.edu/,73,244,3,0,3,3,371000,262257,123666.67,87419.0,110286.9382,94108.42955,100,23,8,15,0.217391304,0.043478261,0.086956522,0.25,1.0,0.25,0.0,0.0,0.0,0.0,0.0,0.0,0.0,0.0,0.0,0.0,0,0.075803083,0.0,0,0.473938235
126119,Yuba College,680447767,134400,,2088 N Beale Rd,Marysville,CA,95901,https://yc.yccd.edu/,2219,5735,1,1,41,38,3982702,4639636,97139.07,122095.68,110286.9382,94108.42955,100,16,4,12,0.0,0.4375,0.0,0.0,0.0,0.461538462,0.0,0.0,0.0,0.0,0.0,0.038461538,0.0,0.0,0.076923077,0.0,0,0.075803083,0.0,0,0.473938235
126182,Adams State University,846000542,134500,,208 Edgemont Blvd,Alamosa,CO,81101,www.adams.edu/,933,2950,1,0,43,66,2878884,4061712,66950.79,61541.09,110286.9382,94108.42955,100,276,118,158,0.02173913,0.275362319,0.003623188,0.518518519,0.692307692,0.538461538,0.0,0.0,0.0,0.037037037,0.076923077,0.051282051,0.0,0.0,0.0,2.0,0.700770848,0.075803083,9.666666667,3.387059098,0.473938235
126207,Aims Community College,840575852,758200,,5401 W. 20th St.,Greeley,CO,80634,www.aims.edu/,1414,7529,1,0,61,78,4431410,5715838,72646.07,73279.97,110286.9382,94108.42955,100,397,144,253,0.01511335,0.153652393,0.020151134,0.61038961,0.375,0.586206897,0.0,0.0,0.0,0.025974026,0.0,0.022988506,0.025974026,0.0,0.022988506,0.0,0,0.075803083,0.0,0,0.473938235
126289,Arapahoe Community College,840704120,134600,,5900 S. Santa Fe Dr.,Littleton,CO,80160-9002,www.arapahoe.edu/,1685,13978,1,1,47,69,3647540,5594239,77607.23,81075.93,110286.9382,94108.42955,100,261,87,174,0.045977011,0.16091954,0.030651341,0.594827586,0.0,0.638554217,0.017241379,0.0,0.0,0.034482759,0.0,0.036144578,0.017241379,0.0,0.012048193,0.0,0,0.075803083,1.666666667,0.13189828,0.473938235
126562,University of Colorado Denver/Anschutz Medical Campus,846000555,450800,University of Colorado Denver  University of Colorado Anschutz Medical Campus    UCD,"1380 Lawrence Street, Lawrence Street Center, Suite 1400",Denver,CO,80217-3364,www.ucdenver.edu/,5555,23409,1,1,427,485,50949540,55538371,119319.77,114512.11,110286.9382,94108.42955,100,8749,2807,5942,0.04949137,0.127900331,0.091210424,0.384910486,0.523076923,0.372681282,0.006393862,0.005769231,0.003372681,0.019181586,0.036538462,0.023608769,0.030690537,0.064423077,0.038785835,0.0,0,0.075803083,17.33333333,0.730008985,0.473938235
126580,University of Colorado Colorado Springs,846000555,450900,UCCS,1420 Austin Bluffs Parkway,Colorado Springs,CO,80918,https://www.uccs.edu/,2563,11213,1,1,220,252,20022077,19116746,91009.44,75860.1,110286.9382,94108.42955,100,828,322,506,0.033816425,0.131642512,0.035024155,0.34939759,0.457831325,0.403614458,0.0,0.012048193,0.006024096,0.048192771,0.012048193,0.030120482,0.048192771,0.084337349,0.06626506,1.333333333,0.11664188,0.075803083,4.666666667,0.408246581,0.473938235
126614,University of Colorado Boulder,846000555,137000,U of Colorado|Univ of Colorado|University of Colorado|U of CO|Univ of CO|University of CO|Boulder|CU|CU-Boulder|UCB|CUB|Colorado|Colorado University|U of Colo|Univ of Colo|University of Colo|Colo|Buffs|Buffalos|Buffaloes|CU at Boulder|Golden Buffs|University of Colorado at Boulder,Regent Drive at Broadway,Boulder,CO,80309-0017,www.colorado.edu/,9514,41432,1,1,946,670,117589514,71717913,124301.81,107041.66,110286.9382,94108.42955,100,6798,3107,3691,0.021329803,0.103118564,0.087672845,0.290258449,0.432795699,0.349942063,0.005964215,0.008064516,0.006952491,0.011928429,0.029569892,0.019698725,0.051689861,0.051075269,0.052143685,3.333333333,0.084206981,0.075803083,17.33333333,0.4378763,0.473938235
126669,Colorado Christian University,840442429,940100,CCU,8787 West Alameda Avenue,Lakewood,CO,80226,https://www.ccu.edu/,1381,8254,4,0,70,51,5978102,4090563,85401.46,80207.12,110286.9382,94108.42955,100,427,171,256,0.032786885,0.06557377,0.021077283,0.392857143,0.30952381,0.0,0.0,0.0,0.0,0.035714286,0.0,0.0,0.0,0.047619048,0.0,0.0,0,0.075803083,0.666666667,0.07437156,0.473938235
126678,Colorado College,840402510,134700,,14. E Cache La Poudre St.,Colorado Springs,CO,80903,www.coloradocollege.edu/,564,2173,3,1,103,122,11541447,13379432,112052.88,109667.48,110286.9382,94108.42955,100,565,221,344,0.051327434,0.132743363,0.040707965,0.5,0.625,0.568181818,0.016666667,0.013888889,0.015151515,0.033333333,0.055555556,0.045454545,0.05,0.055555556,0.053030303,1.333333333,0.605235285,0.075803083,1.333333333,0.605235285,0.473938235
126711,Colorado Mountain College,840567768,450600,,802 Grand Ave.,Glenwood Springs,CO,81601-0233,coloradomtn.edu/,1225,5673,1,0,58,66,5450244,6474734,93969.72,98102.03,110286.9382,94108.42955,100,478,154,324,0.0041841,0.156903766,0.008368201,0.452830189,0.644444444,0.0,0.0,0.0,0.0,0.037735849,0.0,0.0,0.0,0.044444444,0.0,0.0,0,0.075803083,0.0,0,0.473938235
126775,Colorado School of Mines,846000551,134800,Mines,1500 Illinois St,Golden,CO,80401,www.mines.edu/,1876,7599,1,0,227,123,29320143,13554085,129163.63,110195.81,110286.9382,94108.42955,100,1008,469,539,0.024801587,0.05952381,0.04265873,0.20754717,0.303030303,0.251533742,0.0,0.0,0.0,0.0,0.0,0.0,0.037735849,0.060606061,0.049079755,0.666666667,0.090053582,0.075803083,6.0,0.810482237,0.473938235
126818,Colorado State University-Fort Collins,846000545,135000,,102 Administration Building,Fort Collins,CO,80523-0100,colostate.edu/,7523,33500,1,1,904,830,112391359,87837679,124326.72,105828.53,110286.9382,94108.42955,100,5359,2054,3305,0.02071282,0.109721963,0.03209554,0.339430894,0.490654206,0.378172589,0.004065041,0.007009346,0.005076142,0.024390244,0.042056075,0.030456853,0.028455285,0.03271028,0.034263959,1.333333333,0.039916574,0.075803083,26.0,0.7783732,0.473938235
126942,Community College of Denver,383721881,954200,CCD,1111 W. Colfax Ave.,Denver,CO,80204-2026,www.ccd.edu/,1239,7715,1,0,49,54,3642176,3916076,74330.12,72519.93,110286.9382,94108.42955,100,267,92,175,0.142322097,0.213483146,0.08988764,0.382978723,0.733333333,0.0,0.021276596,0.066666667,0.0,0.021276596,0.066666667,0.0,0.042553191,0.066666667,0.0,0.0,0,0.075803083,7.0,0.959956116,0.473938235
126979,Denver Seminary,840421879,135200,,6399 S. Santa Fe Drive,Littleton,CO,80120,www.denverseminary.edu/,146,837,4,0,14,14,917833,573240,65559.5,40945.71,110286.9382,94108.42955,100,89,33,56,0.033707865,0.033707865,0.112359551,0.470588235,0.8,0.5,0.117647059,0.0,0.055555556,0.117647059,0.0,0.055555556,0.0,0.0,0.0,0.0,0,0.075803083,0.0,0,0.473938235
127060,University of Denver,840404231,137100,"DU, Colorado Seminary",2199 S. University Blvd,Denver,CO,80208,www.du.edu/,4702,13387,3,0,397,382,48795819,41489991,122911.38,108612.54,110286.9382,94108.42955,100,1904,644,1260,0.044117647,0.148634454,0.037289916,0.402439024,0.507853403,0.420212766,0.008130081,0.020942408,0.015957447,0.016260163,0.031413613,0.02393617,0.028455285,0.073298429,0.04787234,0.666666667,0.048541333,0.075803083,16.66666667,1.213533324,0.473938235
127185,Fort Lewis College,846000556,135300,FLC,1000 Rim Drive,Durango,CO,81301-3999,fortlewis.edu/,559,3413,1,1,111,106,7870042,7205367,70901.28,67975.16,110286.9382,94108.42955,100,372,151,221,0.008064516,0.120967742,0.021505376,0.467741935,0.542857143,0.5,0.0,0.0,0.0,0.016129032,0.028571429,0.021276596,0.016129032,0.0,0.010638298,2.0,0.588235294,0.075803083,7.0,2.058823529,0.473938235
127200,Front Range Community College,383721881,793300,FRCC,3645 W 112th Ave,Westminster,CO,80031,https://www.frontrange.edu/,3712,21096,1,0,105,142,7706432,10132120,73394.59,71352.96,110286.9382,94108.42955,100,499,156,343,0.026052104,0.174348697,0.058116232,0.574898785,0.0,0.550295858,0.008097166,0.0,0.01183432,0.04048583,0.0,0.041420118,0.028340081,0.0,0.023668639,0.0,0,0.075803083,2.0,0.102833051,0.473938235
127556,Colorado Mesa University,846001656,135800,Colorado Mesa,1100 North Avenue,Grand Junction,CO,81501-3122,www.coloradomesa.edu/,1894,8995,1,1,177,165,12615472,10872067,71273.85,65891.32,110286.9382,94108.42955,100,563,272,291,0.019538188,0.087033748,0.010657194,0.304347826,0.37704918,0.346153846,0.0,0.0,0.0,0.0,0.0,0.0,0.0,0.016393443,0.009615385,1.333333333,0.149728617,0.075803083,3.666666667,0.411753696,0.473938235
127565,Metropolitan State University of Denver,840559160,136000,MSU Denver,Speer Blvd and Colfax Ave,Denver,CO,80217-3362,www.msudenver.edu/,3108,17593,1,1,280,297,27184922,26093282,97089.01,87856.17,110286.9382,94108.42955,100,890,321,569,0.05505618,0.164044944,0.058426966,0.487804878,0.554545455,0.508426966,0.012195122,0.045454545,0.02247191,0.032520325,0.054545455,0.039325843,0.032520325,0.063636364,0.042134831,0.0,0,0.075803083,8.333333333,0.490340296,0.473938235
127653,Naropa University,841029228,2117500,,2130 Arapahoe Ave,Boulder,CO,80302-6697,https://www.naropa.edu/,255,1117,3,0,28,48,1589619,2477329,56772.11,51611.02,110286.9382,94108.42955,100,177,51,126,0.039548023,0.11299435,0.02259887,0.555555556,0.333333333,0.0,0.0,0.0,0.0,0.0,0.0,0.0,0.0,0.0,0.0,0.0,0,0.075803083,0.333333333,0.312989045,0.473938235
127732,Northeastern Junior College,383721881,136100,NJC|Northeastern|Northeastern Jr College|NE Jr College|Northeastern Colorado|Northeastern Jr Co|Northeastern Community College|Northeast Jr College|Northeast|NE|NEJC|NE JC|NEJUCO|NE JU CO|NEJRCO|Northeastern Sterling|Northeastern JC|Sterling Junior College|North Eastern|,100 College Avenue,Sterling,CO,80751-2944,www.njc.edu/,349,1502,1,0,17,22,939437,1181185,55261.0,53690.23,110286.9382,94108.42955,100,112,38,74,0.008928571,0.089285714,0.035714286,0.333333333,0.7,0.0,0.0,0.0,0.0,0.0,0.0,0.0,0.0,0.0,0.0,0.0,0,0.075803083,0.0,0,0.473938235
127741,University of Northern Colorado,846000546,134900,,Carter Hall - Rm 4000,Greeley,CO,80639,https://www.unco.edu/,2594,9067,1,0,186,204,15711164,15121993,84468.62,74127.42,110286.9382,94108.42955,100,785,334,451,0.022929936,0.220382166,0.010191083,0.432098765,0.534653465,0.467213115,0.0,0.0,0.0,0.024691358,0.01980198,0.024590164,0.0,0.059405941,0.020491803,0.0,0,0.075803083,9.333333333,0.995024876,0.473938235
127918,Regis University,840402707,136300,Regis/Regis College/RU/Jesuit/Jesuit Denver Colorado/Regis Nursing/College of Computer & Information Science/College of Business & Economics/College of Contemporary Liberal Studies/RHCHP/Rangers/Regis U/Regis in Colorado/Rueckert-Hartman College for Health Professions/College of Computer & Information Sciences/College of Business & Economics/Anderson College of Business,3333 Regis Blvd,Denver,CO,80221-1099,https://www.regis.edu/,1685,4631,4,0,116,179,10974154,16351234,94604.78,91347.68,110286.9382,94108.42955,100,510,175,335,0.039215686,0.150980392,0.050980392,0.475609756,0.686746988,0.530120482,0.012195122,0.0,0.0,0.024390244,0.0,0.024096386,0.012195122,0.012048193,0.012048193,3.333333333,0.714081691,0.075803083,4.666666667,0.999714367,0.473938235
128106,Colorado State University Pueblo,840517947,136500,CSU Pueblo,2200 Bonforte Blvd,Pueblo,CO,81001-4901,https://www.csupueblo.edu/,788,6691,1,1,96,80,7295361,5556810,75993.34,69460.12,110286.9382,94108.42955,100,403,185,218,0.029776675,0.327543424,0.017369727,0.295454545,0.473684211,0.356164384,0.0,0.0,0.0,0.068181818,0.105263158,0.095890411,0.022727273,0.026315789,0.02739726,0.0,0,0.075803083,2.0,0.302251776,0.473938235
128258,Trinidad State College,840644739,136800,TSC,600 Prospect Street,Trinidad,CO,81082,www.trinidadstate.edu/,493,1636,1,0,22,18,1193337,957412,54242.59,53189.56,110286.9382,94108.42955,100,77,37,40,0.012987013,0.428571429,0.0,0.45,0.0,0.0,0.0,0.0,0.0,0.075,0.0,0.0,0.0,0.0,0.0,0.666666667,0.442967885,0.075803083,0.666666667,0.442967885,0.473938235
128391,Western Colorado University,846000558,137200,Western,1 Western Way,Gunnison,CO,81231,www.western.edu/,514,4053,1,1,77,62,5419981,3969413,70389.36,64022.79,110286.9382,94108.42955,100,223,93,130,0.02690583,0.089686099,0.02690583,0.354166667,0.375,0.351851852,0.0,0.0,0.0,0.041666667,0.0,0.037037037,0.0,0.125,0.0,2.666666667,0.751597144,0.075803083,3.0,0.845546787,0.473938235
128498,Albertus Magnus College,60646520,137400,,700 Prospect St,New Haven,CT,06511-1189,https://www.albertus.edu/,403,1161,4,0,22,24,1826954,1902878,83043.36,79286.58,110286.9382,94108.42955,100,149,71,78,0.127516779,0.093959732,0.013422819,0.333333333,0.538461538,0.333333333,0.0,0.0,0.0,0.0,0.0,0.0,0.0,0.076923077,0.0,0.0,0,0.075803083,2.333333333,1.830065359,0.473938235
128744,University of Bridgeport,861274088,141600,,126 Park Avenue,Bridgeport,CT,06604-5620,www.bridgeport.edu/,1218,4103,3,0,76,68,6901355,5670997,90807.3,83397.01,110286.9382,94108.42955,100,229,84,145,0.161572052,0.152838428,0.07860262,0.25,0.4,0.0,0.0,0.025,0.0,0.083333333,0.0,0.0,0.083333333,0.0,0.0,1.333333333,0.334336342,0.075803083,3.0,0.75225677,0.473938235
128771,Central Connecticut State University,61303381,137800,CCSU,1615 Stanley St,New Britain,CT,06050,www.ccsu.edu/,2439,9712,1,1,231,178,25364293,18170886,109802.13,102083.63,110286.9382,94108.42955,100,576,233,343,0.112847222,0.147569444,0.027777778,0.358823529,0.427480916,0.397212544,0.035294118,0.015267176,0.031358885,0.005882353,0.053435115,0.027874564,0.029411765,0.030534351,0.027874564,0.666666667,0.070412618,0.075803083,3.666666667,0.387269399,0.473938235
128902,Connecticut College,60646587,137900,,270 Mohegan Avenue,New London,CT,06320-4196,www.conncoll.edu/,420,1995,3,0,111,102,9956390,8877750,89697.21,87036.76,110286.9382,94108.42955,100,450,179,271,0.082222222,0.111111111,0.033333333,0.416666667,0.551724138,0.49122807,0.013888889,0.034482759,0.026315789,0.055555556,0.034482759,0.052631579,0.013888889,0.086206897,0.052631579,1.333333333,0.684462697,0.075803083,2.333333333,1.197809719,0.473938235
129020,University of Connecticut,60772160,141700,,352 Mansfield Road,Storrs,CT,06269,uconn.edu/,8233,27364,1,0,895,773,127652891,95505971,142628.93,123552.36,110286.9382,94108.42955,100,7419,2009,5410,0.080873433,0.103922362,0.047715326,0.363354037,0.425837321,0.366492147,0.007763975,0.015948963,0.010471204,0.01242236,0.03030303,0.019895288,0.055900621,0.060606061,0.04921466,5.333333333,0.197508919,0.075803083,14.33333333,0.530805219,0.473938235
129154,Goodwin University,61627882,2244900,Goodwin,One Riverside Drive,East Hartford,CT,06118,www.goodwin.edu/,746,3034,3,0,37,50,2829944,3996603,76484.97,79932.06,110286.9382,94108.42955,100,269,101,168,0.148698885,0.115241636,0.022304833,0.666666667,0.764705882,0.0,0.0,0.058823529,0.0,0.0,0.0,0.0,0.166666667,0.0,0.0,0.0,0,0.075803083,0.0,0,0.473938235
129215,Eastern Connecticut State University,61277820,142500,Eastern|ECSU,83 Windham St,Willimantic,CT,06226,https://www.easternct.edu/,941,3979,1,0,88,71,9616785,7516630,109281.65,105868.03,110286.9382,94108.42955,100,421,172,249,0.06888361,0.182897862,0.019002375,0.441860465,0.408163265,0.423357664,0.023255814,0.06122449,0.03649635,0.011627907,0.020408163,0.01459854,0.069767442,0.06122449,0.065693431,0.0,0,0.075803083,2.0,0.489955904,0.473938235
129242,Fairfield University,60646623,138500,,1073 N Benson Rd,Fairfield,CT,06824-5195,fairfield.edu/,1736,6289,4,1,170,190,19939793,21937729,117292.9,115461.73,110286.9382,94108.42955,100,607,223,384,0.062602965,0.072487644,0.026359143,0.558441558,0.537735849,0.551724138,0.0,0.028301887,0.011494253,0.0,0.047169811,0.028735632,0.077922078,0.037735849,0.057471264,0.0,0,0.075803083,7.333333333,1.218364069,0.473938235
129367,Connecticut State Community College,61398052,763500,CT State,950 Main Street,Hartford,CT,06103,https://ctstate.edu/,5005,34991,1,1,301,424,28483463,39056381,94629.45,92114.11,110286.9382,94108.42955,100,1693,568,1125,0.145304194,0.131718842,0.040165387,0.577114428,0.587155963,0.560465116,0.044776119,0.055045872,0.037209302,0.02238806,0.027522936,0.020930233,0.014925373,0.018348624,0.020930233,0.0,0,0.075803083,0.0,0,0.473938235
129525,University of Hartford,60731360,142200,"UHart, UHA, Hartford",200 Bloomfield Ave,West Hartford,CT,06117-1599,www.hartford.edu/,1772,5913,3,0,161,155,14430074,13140215,89627.79,84775.58,110286.9382,94108.42955,100,539,214,325,0.081632653,0.064935065,0.025974026,0.340425532,0.532110092,0.426136364,0.021276596,0.009174312,0.011363636,0.021276596,0.027522936,0.017045455,0.021276596,0.027522936,0.022727273,0.666666667,0.116306118,0.075803083,6.0,1.046755059,0.473938235
129534,Holy Apostles College and Seminary,61149131,138900,HACS,33 Prospect Hill Road,Cromwell,CT,06416-2005,www.holyapostles.edu/,168,709,4,0,3,1,196171,38054,65390.33,38054.0,110286.9382,94108.42955,100,31,9,22,0.0,0.032258065,0.129032258,0.0,1.0,0.0,0.0,0.0,0.0,0.0,0.0,0.0,0.0,0.0,0.0,0.0,0,0.075803083,0.0,0,0.473938235
129774,Mitchell College,60662150,139300,,437 Pequot Avenue,New London,CT,06320,https://www.mitchell.edu/,117,500,3,1,12,8,849880,535500,70823.33,66937.5,110286.9382,94108.42955,100,121,43,78,0.05785124,0.123966942,0.0,0.5,0.5,0.0,0.0,0.0,0.0,0.0,0.0,0.0,0.0,0.0,0.0,0.666666667,1.23685838,0.075803083,1.333333333,2.473716759,0.473938235
129941,University of New Haven,60761704,139700,UNH,300 Boston Post Road,West Haven,CT,06516-1916,www.newhaven.edu/,2685,9830,3,0,154,117,16394622,11384586,106458.58,97304.15,110286.9382,94108.42955,100,476,195,281,0.107142857,0.100840336,0.029411765,0.4,0.333333333,0.376237624,0.025,0.015151515,0.01980198,0.0,0.045454545,0.02970297,0.025,0.015151515,0.01980198,1.333333333,0.151188721,0.075803083,0.666666667,0.075594361,0.473938235
130226,Quinnipiac University,60646701,140200,,275 Mt Carmel Ave,Hamden,CT,06518,www.qu.edu/,2884,8918,3,0,145,217,17188962,22864017,118544.57,105364.13,110286.9382,94108.42955,100,762,313,449,0.102362205,0.056430446,0.035433071,0.551282051,0.612612613,0.538461538,0.012820513,0.027027027,0.023668639,0.012820513,0.018018018,0.023668639,0.044871795,0.045045045,0.047337278,4.666666667,0.531027158,0.075803083,8.0,0.910332271,0.473938235
130253,Sacred Heart University,60776644,140300,SHU,5151 Park Ave,Fairfield,CT,06825-1000,https://www.sacredheart.edu/,3096,11179,4,0,135,224,14987939,21954523,111021.77,98011.26,110286.9382,94108.42955,100,814,365,449,0.044226044,0.065110565,0.011056511,0.454545455,0.588888889,0.490740741,0.0,0.0,0.0,0.0,0.022222222,0.009259259,0.054545455,0.044444444,0.046296296,0.0,0,0.075803083,8.666666667,0.808382303,0.473938235
130314,University of Saint Joseph,60646829,140900,USJ,1678 Asylum Avenue,West Hartford,CT,06117,https://www.usj.edu/,740,1939,4,0,27,87,2528469,7487230,93647.0,86060.11,110286.9382,94108.42955,100,390,109,281,0.133333333,0.105128205,0.017948718,0.4375,0.837209302,0.733333333,0.0,0.023255814,0.022222222,0.0,0.11627907,0.133333333,0.0,0.0,0.0,0.0,0,0.075803083,0.666666667,0.334672021,0.473938235
130493,Southern Connecticut State University,61363115,140600,SCSU,501 Crescent Street,New Haven,CT,06515-1355,www.southernct.edu/,2355,8820,1,0,192,217,21518275,22631050,112074.35,104290.55,110286.9382,94108.42955,100,651,275,376,0.22734255,0.105990783,0.036866359,0.446327684,0.549019608,0.484177215,0.005649718,0.039215686,0.015822785,0.02259887,0.032679739,0.028481013,0.062146893,0.045751634,0.056962025,0.0,0,0.075803083,3.333333333,0.374995313,0.473938235
130590,Trinity College,60646927,141400,"Trinity College, Hartford, Connecticut",300 Summit St,Hartford,CT,06106-3100,https://www.trincoll.edu/,520,2276,3,0,125,117,13570427,11142803,108563.42,95237.63,110286.9382,94108.42955,100,388,166,222,0.115979381,0.105670103,0.036082474,0.288135593,0.517857143,0.41509434,0.033898305,0.017857143,0.028301887,0.033898305,0.053571429,0.047169811,0.0,0.017857143,0.009433962,2.666666667,1.209372638,0.075803083,4.333333333,1.965230537,0.473938235
130697,Wesleyan University,60646959,142400,,45 Wyllys Avenue,Middletown,CT,06459,https://www.wesleyan.edu/,828,3271,3,0,227,207,29403532,24141761,129530.98,116626.86,110286.9382,94108.42955,100,587,200,387,0.083475298,0.081771721,0.044293015,0.348148148,0.554621849,0.421319797,0.007407407,0.025210084,0.015228426,0.014814815,0.067226891,0.045685279,0.014814815,0.084033613,0.040609137,0.0,0,0.075803083,2.666666667,0.819756123,0.473938235
130776,Western Connecticut State University,66000798,138000,"Western, WCSU",181 White Street,Danbury,CT,06810-6826,https://www.wcsu.edu/,1061,4137,1,1,87,99,9517849,10847211,109400.56,109567.79,110286.9382,94108.42955,100,372,178,194,0.075268817,0.110215054,0.024193548,0.51,0.436363636,0.49375,0.02,0.036363636,0.025,0.02,0.036363636,0.025,0.07,0.018181818,0.05,0.666666667,0.150932005,0.075803083,2.333333333,0.528262018,0.473938235
130794,Yale University,60646973,142600,,Woodbridge Hall,New Haven,CT,06520,https://www.yale.edu/,4886,15081,3,1,815,574,177789801,99979245,218147.0,174179.87,110286.9382,94108.42955,100,14882,5340,9542,0.133718586,0.0923263,0.07727456,0.303225806,0.437177281,0.321642429,0.023041475,0.027538726,0.023096664,0.015668203,0.025817556,0.01710864,0.037788018,0.082616179,0.0427716,2.0,0.135354629,0.075803083,22.33333333,1.511460025,0.473938235
130934,Delaware State University,510305893,142800,,1200 N. Dupont Highway,Dover,DE,19901,www.desu.edu/,897,5828,1,0,125,109,10316220,8379178,82529.76,76873.19,110286.9382,94108.42955,100,602,241,361,0.6910299,0.029900332,0.044850498,0.295081967,0.505617978,0.386554622,0.098360656,0.235955056,0.151260504,0.0,0.0,0.0,0.114754098,0.078651685,0.100840336,0.0,0,0.075803083,10.33333333,1.773658313,0.473938235
130943,University of Delaware,516000297,143100,UD,104 Hullihen Hall,Newark,DE,19716,www.udel.edu/,5872,24221,1,0,652,604,90663177,72403772,139053.95,119873.79,110286.9382,94108.42955,100,3531,1367,2164,0.111583121,0.046728972,0.060606061,0.371501272,0.473544974,0.407120743,0.020356234,0.029100529,0.020123839,0.010178117,0.029100529,0.021671827,0.050890585,0.074074074,0.068111455,3.333333333,0.138663561,0.075803083,13.33333333,0.554654242,0.473938235
130989,Goldey-Beacom College,510109178,142900,,4701 Limestone Rd,Wilmington,DE,19808,www.gbc.edu/,333,1074,3,0,11,6,935775,504020,85070.45,84003.33,110286.9382,94108.42955,100,102,43,59,0.058823529,0.058823529,0.029411765,0.5,0.25,0.0,0.0,0.0,0.0,0.0,0.0,0.0,0.0,0.0,0.0,0.0,0,0.075803083,2.666666667,2.635046113,0.473938235
131113,Wilmington University,510107088,794800,,320 Dupont Hwy,New Castle,DE,19720,www.wilmu.edu/,3430,14678,3,0,36,51,3833700,4988100,106491.67,97805.88,110286.9382,94108.42955,100,502,177,325,0.161354582,0.033864542,0.013944223,0.363636364,0.6875,0.0,0.0,0.0625,0.0,0.0,0.0,0.0,0.0,0.0,0.0,0.0,0,0.075803083,0.333333333,0.023775559,0.473938235
131159,American University,530196549,143400,,4400 Massachusetts Ave NW,Washington,DC,20016-8001,www.american.edu/,4418,13019,4,1,419,427,53415575,47580069,127483.47,111428.73,110286.9382,94108.42955,100,1958,745,1213,0.216547497,0.051072523,0.080183861,0.387755102,0.505681818,0.435028249,0.020408163,0.045454545,0.033898305,0.020408163,0.005681818,0.014124294,0.030612245,0.102272727,0.062146893,3.333333333,0.240067219,0.075803083,8.666666667,0.624174769,0.473938235
131283,The Catholic University of America,530196583,143700,,"620 Michigan Avenue, NE",Washington,DC,20064,https://www.catholic.edu/,1302,5171,4,0,203,121,20330441,11614151,100149.96,95984.72,110286.9382,94108.42955,100,1067,473,594,0.174320525,0.087160262,0.056232427,0.260416667,0.357142857,0.320652174,0.020833333,0.015873016,0.02173913,0.0,0.015873016,0.005434783,0.020833333,0.015873016,0.02173913,0.666666667,0.134192163,0.075803083,2.666666667,0.536768653,0.473938235
131399,University of the District of Columbia,274018807,144100,,4200 Connecticut Ave NW,Washington,DC,20008,www.udc.edu/,778,3855,1,1,111,125,10011746,10821415,90195.91,86571.32,110286.9382,94108.42955,100,378,152,226,0.756613757,0.029100529,0.031746032,0.468085106,0.492537313,0.513157895,0.276595745,0.253731343,0.276315789,0.0,0.0,0.013157895,0.021276596,0.029850746,0.039473684,1.333333333,0.37275184,0.075803083,2.666666667,0.745503681,0.473938235
131450,Gallaudet University,530199507,144300,,"800 Florida Ave, NE",Washington,DC,20002-3695,www.gallaudet.edu/,388,1364,3,0,65,99,6379079,9772200,98139.68,98709.09,110286.9382,94108.42955,100,498,212,286,0.261044177,0.0,0.100401606,0.642857143,0.628571429,0.602409639,0.053571429,0.057142857,0.048192771,0.0,0.0,0.0,0.107142857,0.085714286,0.084337349,4.0,3.025718608,0.075803083,34.66666667,26.2228946,0.473938235
131469,George Washington University,530196584,144400,GWU|GW,"1918 F Street, NW",Washington,DC,20052,https://www.gwu.edu/,8619,25568,3,0,597,537,96021912,76197343,160840.72,141894.49,110286.9382,94108.42955,100,3716,1390,2326,0.212325081,0.073735199,0.141550054,0.335511983,0.530660377,0.382911392,0.023965142,0.049528302,0.028481013,0.017429194,0.025943396,0.015822785,0.050108932,0.087264151,0.068037975,4.0,0.154207949,0.075803083,15.33333333,0.591130473,0.473938235
131496,Georgetown University,530196603,144500,Georgetown|GU,37th and O St NW,Washington,DC,20057-0001,www.georgetown.edu/,7746,20392,4,0,603,557,108421305,85851694,179803.16,154132.31,110286.9382,94108.42955,100,4348,1670,2678,0.192732291,0.081416743,0.089926403,0.377118644,0.422222222,0.386949924,0.036016949,0.053333333,0.036418816,0.014830508,0.022222222,0.016691958,0.038135593,0.08,0.053110774,3.333333333,0.158851188,0.075803083,17.0,0.81014106,0.473938235
131520,Howard University,530204707,144800,HU,2400 Sixth St NW,Washington,DC,20059,www.howard.edu/,2443,13416,3,0,416,416,47199263,43200383,113459.77,103847.07,110286.9382,94108.42955,100,1909,671,1238,0.738082766,0.048192771,0.05866946,0.35193133,0.468438538,0.416666667,0.227467811,0.332225914,0.273809524,0.025751073,0.009966777,0.023809524,0.034334764,0.059800664,0.047619048,0.0,0,0.075803083,3.333333333,0.258678669,0.473938235
131876,Trinity Washington University,530196640,146000,"Trinity College, Washington, D.C.",125 Michigan Ave NE,Washington,DC,20017-1094,www.trinitydc.edu/,440,1865,4,0,15,53,1268636,4710228,84575.73,88872.23,110286.9382,94108.42955,100,136,27,109,0.558823529,0.125,0.014705882,1.0,0.7,0.75,0.0,0.35,0.3,0.0,0.0,0.0,0.0,0.05,0.05,0.0,0,0.075803083,0.0,0,0.473938235
131973,Wesley Theological Seminary,530245887,146400,,"4500 Massachusetts Ave., NW",Washington,DC,20016-5690,www.wesleyseminary.edu/,136,450,4,0,8,8,819621,895823,102452.62,111977.88,110286.9382,94108.42955,100,62,23,39,0.338709677,0.14516129,0.032258065,0.4,0.6,0.4,0.2,0.2,0.2,0.0,0.2,0.0,0.0,0.2,0.0,0.0,0,0.075803083,0.0,0,0.473938235
132408,Baptist University of Florida,590799893,2159600,BUF,5400 College Dr,Graceville,FL,32440,www.buf.edu/,50,352,4,0,10,8,485942,436494,48594.2,54561.75,110286.9382,94108.42955,100,81,39,42,0.024691358,0.037037037,0.0,0.2,0.666666667,0.0,0.0,0.166666667,0.0,0.0,0.0,0.0,0.0,0.0,0.0,0.0,0,0.075803083,0.0,0,0.473938235
132471,Barry University,590624364,146600,,11300 NE 2nd Ave,Miami,FL,33161-6695,www.barry.edu/,1881,6836,4,0,115,136,10380734,11974602,90267.25,88048.54,110286.9382,94108.42955,100,480,148,332,0.166666667,0.347916667,0.0375,0.486111111,0.611764706,0.580645161,0.013888889,0.082352941,0.161290323,0.111111111,0.035294118,0.0,0.0,0.070588235,0.032258065,0.0,0,0.075803083,0.666666667,0.095812973,0.473938235
132602,Bethune-Cookman University,590704726,146700,Bethune-Cookman  Bethune-Cookman College  Bethune  Cookman  BCC  B-CC  B-CU,640 Dr Mary McLeod Bethune Blvd,Daytona Beach,FL,32114-3099,https://www.cookman.edu/,373,2515,4,0,72,65,4888038,4387050,67889.42,67493.08,110286.9382,94108.42955,100,256,120,136,0.73046875,0.03125,0.03125,0.4,0.423076923,0.5,0.15,0.192307692,0.205882353,0.0,0.0,0.0,0.15,0.0,0.058823529,0.0,0,0.075803083,7.0,2.566923359,0.473938235
132657,Lynn University,591023117,150500,Lynn University,3601 N. Military Trail,Boca Raton,FL,33431-5598,https://www.lynn.edu/,902,3501,3,0,82,68,6448699,5254400,78642.67,77270.59,110286.9382,94108.42955,100,497,215,282,0.146881288,0.146881288,0.034205231,0.444444444,0.461538462,0.0,0.0,0.019230769,0.0,0.0,0.0,0.0,0.027777778,0.038461538,0.0,0.666666667,0.189393939,0.075803083,7.666666667,2.178030303,0.473938235
132693,Eastern Florida State College,590920675,147000,EFSC,3865 North Wickham Rd,Melbourne,FL,32935,www.easternflorida.edu/,3212,13601,1,0,107,126,6286454,7316668,58751.91,58068.79,110286.9382,94108.42955,100,539,225,314,0.085343228,0.096474954,0.012987013,0.590909091,0.54,0.545454545,0.060606061,0.04,0.038961039,0.015151515,0.0,0.019480519,0.060606061,0.0,0.025974026,0.666666667,0.050836256,0.075803083,0.333333333,0.025418128,0.473938235
132709,Broward College,591216107,150000,BC,111 East Las Olas Blvd,Fort Lauderdale,FL,33301,www.broward.edu/,7690,29140,1,0,153,176,9456432,11002154,61806.75,62512.24,110286.9382,94108.42955,100,1441,522,919,0.339347675,0.316446912,0.042331714,0.511111111,0.586206897,0.55952381,0.044444444,0.144827586,0.103174603,0.133333333,0.137931034,0.119047619,0.044444444,0.020689655,0.01984127,0.0,0,0.075803083,2.333333333,0.07763028,0.473938235
132842,Albizu University-Miami,592060342,1072401,Albizu University-Miami,2173 N.W. 99th Avenue,Miami,FL,33172-2209,https://www.albizu.edu/,235,787,3,0,13,22,1028531,2744035,79117.77,124728.86,110286.9382,94108.42955,100,51,24,27,0.078431373,0.901960784,0.0,0.666666667,0.631578947,0.0,0.166666667,0.105263158,0.0,0.333333333,0.263157895,0.0,0.0,0.0,0.0,0.0,0,0.075803083,0.0,0,0.473938235
132851,College of Central Florida,591213999,147100,"CF, CCF, Central Florida, Central FL College, Central Fla Coll, Central Fla College",3001 SW College Rd,Ocala,FL,34474,www.cf.edu/,1623,5747,1,1,43,83,3057291,6085069,71099.79,73314.08,110286.9382,94108.42955,100,441,156,285,0.140589569,0.142857143,0.022675737,0.545454545,0.636363636,0.573333333,0.045454545,0.015151515,0.04,0.0,0.015151515,0.026666667,0.0,0.03030303,0.013333333,0.0,0,0.075803083,0.333333333,0.060793969,0.473938235
132903,University of Central Florida,592924021,395400,UCF,4000 Central Florida Blvd,Orlando,FL,32816,www.ucf.edu/,18860,69233,1,1,840,652,98754365,60635564,117564.72,92999.33,110286.9382,94108.42955,100,3628,1416,2212,0.108324146,0.214167585,0.071113561,0.284552846,0.392857143,0.321775312,0.016260163,0.025510204,0.020804438,0.027100271,0.025510204,0.018030513,0.027100271,0.058673469,0.040221914,0.0,0,0.075803083,37.0,0.541363064,0.473938235
133021,Chipola College,596004084,147200,Chipola|CJC|Chipola Junior College|Chipola Jr. College,3094 Indian Circle,Marianna,FL,32446-2053,https://www.chipola.edu/,504,1820,1,0,21,22,1257463,1395263,59879.19,63421.05,110286.9382,94108.42955,100,137,54,83,0.131386861,0.01459854,0.0,0.428571429,1.0,0.619047619,0.0,0.0,0.0,0.0,0.0,0.0,0.0,0.0,0.0,0.0,0,0.075803083,0.0,0,0.473938235
133386,Daytona State College,591211226,147500,DSC,1200 W. International Speedway Blvd.,Daytona Beach,FL,32114,www.daytonastate.edu/,2988,11807,1,0,112,111,7858061,7427152,70161.26,66911.28,110286.9382,94108.42955,100,587,220,367,0.165247019,0.109028961,0.028960818,0.453703704,0.576923077,0.474358974,0.027777778,0.057692308,0.038461538,0.009259259,0.057692308,0.025641026,0.0,0.0,0.0,0.0,0,0.075803083,3.333333333,0.287753223,0.473938235
133492,Eckerd College,590859121,148700,,4200 54th Ave S,Saint Petersburg,FL,33711-4700,https://www.eckerd.edu/,413,1986,4,0,79,93,6545033,7233596,82848.52,77780.6,110286.9382,94108.42955,100,221,86,135,0.081447964,0.081447964,0.031674208,0.428571429,0.571428571,0.493975904,0.0,0.0,0.0,0.071428571,0.057142857,0.060240964,0.023809524,0.028571429,0.024096386,1.333333333,0.669008195,0.075803083,5.333333333,2.676032781,0.473938235
133508,Florida SouthWestern State College,591211051,147700,,8099 College Parkway,Fort Myers,FL,33919,https://www.fsw.edu/,2467,13860,1,0,92,103,5871945,6395573,63825.49,62092.94,110286.9382,94108.42955,100,684,290,394,0.076023392,0.176900585,0.014619883,0.0,0.0,0.523809524,0.0,0.0,0.047619048,0.0,0.0,0.00952381,0.0,0.0,0.019047619,0.0,0,0.075803083,0.0,0,0.473938235
133526,Edward Waters University,591146751,147800,,1658 Kings Rd,Jacksonville,FL,32209,www.ew.edu/,133,1175,4,0,27,17,1439543,923349,53316.41,54314.65,110286.9382,94108.42955,100,132,50,82,0.825757576,0.037878788,0.015151515,0.307692308,0.555555556,0.25,0.153846154,0.333333333,0.083333333,0.0,0.0,0.0,0.153846154,0.111111111,0.166666667,0.0,0,0.075803083,0.0,0,0.473938235
133650,Florida Agricultural and Mechanical University,623751831,148000,FAMU|Florida A&M University|Florida A&M University |Rattlers|FAMU Rattlers,1500 S Martin Luther King Jr Blvd,Tallahassee,FL,32307,www.famu.edu/,1967,9265,1,1,294,281,28472582,23962028,96845.52,85274.12,110286.9382,94108.42955,100,1023,393,630,0.842619746,0.007820137,0.027370479,0.282894737,0.520547945,0.371134021,0.177631579,0.369863014,0.268041237,0.013157895,0.01369863,0.013745704,0.019736842,0.006849315,0.010309278,0.0,0,0.075803083,3.333333333,0.361729065,0.473938235
133669,Florida Atlantic University,650385507,148100,FAU,"777 Glades Rd, Administration Bldg., Room 339",Boca Raton,FL,33431-0991,www.fau.edu/,7889,30790,1,0,424,403,45378254,34718149,107024.18,86149.25,110286.9382,94108.42955,100,2283,920,1363,0.196233027,0.178712221,0.048182216,0.314655172,0.469135802,0.393258427,0.021551724,0.053497942,0.035955056,0.034482759,0.04526749,0.035955056,0.030172414,0.04526749,0.035955056,0.0,0,0.075803083,7.333333333,0.247814725,0.473938235
133702,Florida State College at Jacksonville,591149317,148400,FSCJ,501 W State St,Jacksonville,FL,32202,www.fscj.edu/,5220,20530,1,1,145,168,8436674,9626522,58183.96,57300.73,110286.9382,94108.42955,100,955,330,625,0.293193717,0.091099476,0.02408377,0.0,0.0,0.544186047,0.0,0.0,0.046511628,0.0,0.0,0.03255814,0.0,0.0,0.023255814,0.0,0,0.075803083,2.0,0.098217355,0.473938235
133711,Flagler College,591157081,789300,Flagler,74 King Street,Saint Augustine,FL,32084,https://www.flagler.edu/,550,2441,3,0,61,75,4673181,5453571,76609.52,72714.28,110286.9382,94108.42955,100,305,131,174,0.118032787,0.0,0.016393443,0.5,0.534883721,0.0,0.05,0.046511628,0.0,0.0,0.0,0.0,0.0,0.023255814,0.0,0.666666667,0.254161901,0.075803083,2.333333333,0.889566654,0.473938235
133809,Florida College,590737882,148200,,119 N Glen Arven Ave,Temple Terrace,FL,33617,www.floridacollege.edu/,197,657,3,0,27,15,1676880,821482,62106.67,54765.47,110286.9382,94108.42955,100,130,32,98,0.015384615,0.0,0.0,0.1875,0.25,0.208333333,0.0,0.0,0.0,0.0,0.0,0.0,0.0,0.0,0.0,0.0,0,0.075803083,0.0,0,0.473938235
133872,AdventHealth University,593069793,3115500,Florida Hospital College,671 Winyah Drive,Orlando,FL,32803,www.ahu.edu/,476,1692,4,0,28,71,2237935,6121221,79926.25,86214.38,110286.9382,94108.42955,100,202,65,137,0.138613861,0.297029703,0.04950495,0.416666667,0.75862069,0.0,0.166666667,0.034482759,0.0,0.0,0.068965517,0.0,0.0,0.137931034,0.0,0.0,0,0.075803083,3.0,1.863354037,0.473938235
133881,Florida Institute of Technology,596046500,146900,Florida Tech,150 West University Boulevard,Melbourne,FL,32901-6975,https://www.fit.edu/,2417,8516,3,0,195,71,21056265,6385011,107980.85,89929.73,110286.9382,94108.42955,100,632,280,352,0.071202532,0.047468354,0.036392405,0.144927536,0.203125,0.193181818,0.0,0.015625,0.0,0.0,0.0,0.0,0.014492754,0.015625,0.022727273,0.666666667,0.080176388,0.075803083,5.0,0.60132291,0.473938235
133951,Florida International University,650177616,963500,FIU,11200 S. W. 8 Street,Miami,FL,33199,www.fiu.edu/,16193,53953,1,1,729,578,90512850,61990179,124160.29,107249.44,110286.9382,94108.42955,100,3934,1541,2393,0.101423488,0.611337062,0.03685816,0.252365931,0.444759207,0.326855124,0.012618297,0.050991501,0.019434629,0.034700315,0.076487252,0.040636042,0.047318612,0.059490085,0.060070671,0.666666667,0.011988467,0.075803083,26.66666667,0.479538684,0.473938235
133960,The College of the Florida Keys,591209205,148500,,5901 College Rd,Key West,FL,33040,https://www.cfk.edu/,152,854,1,0,11,15,801378,1140177,72852.55,76011.8,110286.9382,94108.42955,100,102,42,60,0.088235294,0.137254902,0.019607843,0.75,0.8,0.75,0.0,0.0,0.0,0.0,0.0,0.0,0.0,0.0,0.0,0.666666667,0.724637681,0.075803083,1.0,1.086956522,0.473938235
133979,Florida Memorial University,590668483,148600,,15800 NW 42 Avenue,Miami Gardens,FL,33054-6199,www.fmuniv.edu/,146,1365,4,0,26,24,1612314,1629786,62012.08,67907.75,110286.9382,94108.42955,100,196,93,103,0.556122449,0.163265306,0.06122449,0.333333333,0.588235294,0.375,0.333333333,0.294117647,0.1875,0.0,0.058823529,0.0625,0.0,0.058823529,0.0,0.0,0,0.075803083,0.333333333,0.293169159,0.473938235
134079,Florida Southern College,590624401,148800,Florida Southern|FSC,111 Lake Hollingsworth Dr,Lakeland,FL,33801-5698,www.flsouthern.edu/,813,3194,4,0,73,93,6419239,7113910,87934.78,76493.66,110286.9382,94108.42955,100,460,167,293,0.05,0.117391304,0.017391304,0.363636364,0.49122807,0.483333333,0.0,0.035087719,0.033333333,0.090909091,0.01754386,0.016666667,0.0,0.01754386,0.016666667,0.0,0,0.075803083,1.333333333,0.406380169,0.473938235
134097,Florida State University,591961248,148900,Florida State|F.S.U.|FSU|F. S. U.|Fla. State University|Fla. State|Fl State University|Fl State|FL State University|FL State|Seminoles|Noles|Florida State Seminoles|Florida State University Seminoles|Fl. State|Fl. State University|The Florida State University|Floridia State University|Florda State University|Florida State Univerisity|Flordia State University|Florida State Unversity|,222 S. Copeland Street,Tallahassee,FL,32306-1037,https://www.fsu.edu/,13376,43234,1,1,928,696,122080501,76074324,131552.26,109302.19,110286.9382,94108.42955,100,5368,2322,3046,0.202309985,0.060543964,0.035022355,0.298479087,0.455012853,0.356321839,0.022813688,0.033419023,0.025287356,0.013307985,0.033419023,0.01954023,0.041825095,0.059125964,0.049425287,2.0,0.04528883,0.075803083,9.0,0.203799733,0.473938235
134130,University of Florida,596002052,153500,,Tigert Hall,Gainesville,FL,32611,https://www.ufl.edu/,17294,54814,1,1,1574,1166,219979863,134295871,139758.49,115176.56,110286.9382,94108.42955,100,12619,4917,7702,0.112607972,0.119264601,0.078056898,0.261622607,0.412322275,0.298812665,0.010027347,0.015797788,0.01121372,0.013673655,0.028436019,0.016490765,0.034639927,0.063191153,0.044195251,2.666666667,0.048299554,0.075803083,57.33333333,1.038440407,0.473938235
134343,Gulf Coast State College,591208155,149000,GCSC,5230 West U.S. Highway 98,Panama City,FL,32401,https://gulfcoast.edu/,896,4959,1,0,48,81,3101222,5082610,64608.79,62748.27,110286.9382,94108.42955,100,284,115,169,0.123239437,0.031690141,0.021126761,0.56,0.608695652,0.588235294,0.04,0.0,0.019607843,0.04,0.0,0.019607843,0.0,0.0,0.0,0.0,0,0.075803083,0.0,0,0.473938235
134495,Hillsborough Community College,591219841,787000,HCC,39 Columbia Drive,Tampa,FL,33606-3584,https://www.hccfl.edu/,5802,20004,1,1,128,175,9208502,12300232,71941.42,70287.04,110286.9382,94108.42955,100,979,355,624,0.213483146,0.230847804,0.04494382,0.55,0.729166667,0.578947368,0.083333333,0.020833333,0.066985646,0.066666667,0.083333333,0.057416268,0.0,0.083333333,0.033492823,0.0,0,0.075803083,3.0,0.153814602,0.473938235
134608,Indian River State College,591206516,149300,,3209 Virginia Ave,Fort Pierce,FL,34981-5596,www.irsc.edu/,3656,15104,1,1,94,117,8093918,9655695,86105.51,82527.31,110286.9382,94108.42955,100,716,265,451,0.189944134,0.201117318,0.023743017,0.5,0.523809524,0.5,0.104166667,0.047619048,0.067164179,0.0,0.047619048,0.029850746,0.041666667,0.0,0.02238806,0.0,0,0.075803083,0.0,0,0.473938235
134945,Jacksonville University,590624412,149500,JU,2800 University Blvd N,Jacksonville,FL,32211-3394,https://www.ju.edu/index.php,1107,3957,3,0,91,145,7427911,11908692,81625.4,82128.91,110286.9382,94108.42955,100,392,146,246,0.165816327,0.091836735,0.010204082,0.431034483,0.528301887,0.510204082,0.0,0.037735849,0.020408163,0.017241379,0.018867925,0.020408163,0.017241379,0.075471698,0.051020408,4.0,1.042481105,0.075803083,2.666666667,0.694987403,0.473938235
135160,Florida Gateway College,590971286,150100,FGC,Highway 90 East,Lake City,FL,32025-2007,https://www.fgc.edu/,864,2837,1,0,26,52,1581884,3113240,60841.69,59870.0,110286.9382,94108.42955,100,140,43,97,0.107142857,0.05,0.014285714,0.0,0.0,0.566666667,0.0,0.0,0.0,0.0,0.0,0.066666667,0.0,0.0,0.0,0.0,0,0.075803083,0.0,0,0.473938235
135188,Lake-Sumter State College,591210132,150200,LSSC,9501 US Hwy 441,Leesburg,FL,34788-8751,www.lssc.edu/,847,5064,1,0,28,40,1585530,2422261,56626.07,60556.52,110286.9382,94108.42955,100,259,102,157,0.108108108,0.057915058,0.023166023,0.5,1.0,0.548387097,0.0,0.5,0.096774194,0.0,0.0,0.0,0.0,0.0,0.0,0.0,0,0.075803083,0.0,0,0.473938235
135364,Luther Rice College & Seminary,591197022,3100900,,3038 Evans Mill Road,Lithonia,GA,30038-9869,www.lutherrice.edu/,140,556,4,0,19,2,918800,99550,48357.89,49775.0,110286.9382,94108.42955,100,20,11,9,0.25,0.0,0.05,0.0,0.142857143,0.0,0.0,0.0,0.0,0.0,0.0,0.0,0.0,0.0,0.0,0.0,0,0.075803083,0.0,0,0.473938235
135391,State College of Florida-Manatee-Sarasota,596031182,150400,SCF,5840 26th St W,Bradenton,FL,34207,www.scf.edu/,1701,8411,1,0,59,86,3709661,5334063,62875.61,62023.99,110286.9382,94108.42955,100,372,108,264,0.067204301,0.110215054,0.024193548,0.452380952,0.625,0.541666667,0.0,0.041666667,0.013888889,0.023809524,0.0,0.013888889,0.0,0.0,0.0,0.0,0,0.075803083,1.0,0.116441546,0.473938235
135717,Miami Dade College,591210485,150600,MDC|Miami Dade College,300 NE 2nd Avenue,Miami,FL,33132-2204,www.mdc.edu/,13529,39139,1,1,319,348,25217722,27314255,79052.42,78489.24,110286.9382,94108.42955,100,4409,1840,2569,0.213200272,0.6237242,0.015422998,0.531428571,0.529411765,0.51782364,0.062857143,0.129411765,0.099437148,0.291428571,0.219607843,0.240150094,0.011428571,0.023529412,0.022514071,0.0,0,0.075803083,3.333333333,0.070554203,0.473938235
135726,University of Miami,590624458,153600,,University of Miami,Coral Gables,FL,33146,www.miami.edu/,5270,19593,3,1,662,451,95570696,54745932,144366.61,121387.88,110286.9382,94108.42955,100,7762,2918,4844,0.104096882,0.454264365,0.06544705,0.288676236,0.362606232,0.30461165,0.011164274,0.033994334,0.013349515,0.043062201,0.059490085,0.040048544,0.038277512,0.042492918,0.041262136,0.0,0,0.075803083,5.0,0.257705391,0.473938235
136145,North Florida College,591214592,150800,,325 NW Turner Davis Dr,Madison,FL,32340,https://www.nfc.edu/,374,1281,1,0,13,15,755549,757042,58119.15,50469.47,110286.9382,94108.42955,100,83,19,64,0.156626506,0.060240964,0.012048193,0.0,0.0,0.352941176,0.0,0.0,0.0,0.0,0.0,0.0,0.0,0.0,0.0,0.0,0,0.075803083,0.0,0,0.473938235
136172,University of North Florida,592976169,984100,UNF,1 UNF Drive,Jacksonville,FL,32224-7699,https://www.unf.edu/,4226,16453,1,1,270,298,24594585,24317311,91091.06,81601.71,110286.9382,94108.42955,100,1168,442,726,0.161815068,0.089041096,0.04880137,0.478632479,0.393103448,0.421259843,0.008547009,0.027586207,0.015748031,0.017094017,0.020689655,0.019685039,0.05982906,0.020689655,0.039370079,0.0,0,0.075803083,8.333333333,0.507944248,0.473938235
136215,Nova Southeastern University,591083502,150900,,3300 S. University Drive,Fort Lauderdale,FL,33328-2004,www.nova.edu/,6012,20877,3,0,178,166,21480560,18113649,120677.3,109118.37,110286.9382,94108.42955,100,2889,862,2027,0.215645552,0.272066459,0.051574939,0.452261307,0.502057613,0.428571429,0.030150754,0.04526749,0.142857143,0.070351759,0.094650206,0.035714286,0.025125628,0.04526749,0.0,0.0,0,0.075803083,16.66666667,0.795620903,0.473938235
136233,Northwest Florida State College,591214054,151000,NWFSC,100 College Boulevard,Niceville,FL,32578-1295,https://www.nwfsc.edu/,1278,5160,1,1,32,44,2000522,2582327,62516.31,58689.25,110286.9382,94108.42955,100,385,150,235,0.057142857,0.077922078,0.031168831,0.25,0.0,0.32,0.0,0.0,0.04,0.0,0.0,0.0,0.0,0.0,0.0,0.0,0,0.075803083,0.0,0,0.473938235
136330,Palm Beach Atlantic University,591092732,884900,Palm Beach Atlantic  PBA,901 S. Flagler Drive,West Palm Beach,FL,33401,www.pba.edu/,691,3875,4,0,90,79,7907959,6395109,87866.21,80950.75,110286.9382,94108.42955,100,333,142,191,0.084084084,0.081081081,0.006006006,0.311111111,0.444444444,0.0,0.044444444,0.037037037,0.0,0.0,0.0,0.0,0.0,0.018518519,0.0,0.0,0,0.075803083,0.666666667,0.174155347,0.473938235
136358,Palm Beach State College,591216000,151200,,4200 Congress Ave,Lake Worth,FL,33461-4796,www.palmbeachstate.edu/,4813,24369,1,0,135,175,8449439,11129132,62588.44,63595.04,110286.9382,94108.42955,100,931,356,575,0.242749731,0.227712137,0.048335124,0.637931034,0.486486486,0.641891892,0.068965517,0.162162162,0.074324324,0.068965517,0.054054054,0.067567568,0.034482759,0.054054054,0.006756757,0.0,0,0.075803083,0.0,0,0.473938235
136400,Pasco-Hernando State College,591385831,1065200,,10230 Ridge Road,New Port Richey,FL,34654-5199,https://www.phsc.edu/,1760,9449,1,1,59,81,3552985,4840144,60220.08,59754.86,110286.9382,94108.42955,100,358,116,242,0.094972067,0.125698324,0.01396648,0.5625,0.56,0.571428571,0.03125,0.08,0.047619048,0.0625,0.0,0.031746032,0.0625,0.04,0.0,0.0,0,0.075803083,0.0,0,0.473938235
136473,Pensacola State College,591207555,151300,Pensacola State,1000 College Blvd,Pensacola,FL,32504-8998,www.pensacolastate.edu/,1983,8518,1,0,64,82,3352592,4437718,52384.25,54118.51,110286.9382,94108.42955,100,453,151,302,0.158940397,0.061810155,0.01986755,0.5,0.583333333,0.50617284,0.026315789,0.0,0.024691358,0.026315789,0.0,0.024691358,0.026315789,0.083333333,0.024691358,1.333333333,0.167063442,0.075803083,0.666666667,0.083531721,0.473938235
136516,Polk State College,591209033,151400,Polk State,999 Avenue H NE,Winter Haven,FL,33881-4299,www.polk.edu/,1879,7963,1,0,70,83,4632965,5294716,66185.21,63791.76,110286.9382,94108.42955,100,519,210,309,0.208092486,0.107899807,0.026974952,0.0,0.0,0.523364486,0.0,0.0,0.056074766,0.0,0.0,0.028037383,0.0,0.0,0.0,0.0,0,0.075803083,0.0,0,0.473938235
136950,Rollins College,590624440,151500,Rollins,1000 Holt Avenue,Winter Park,FL,32789-4499,www.rollins.edu/,839,3013,3,0,106,122,10522065,9935831,99264.76,81441.24,110286.9382,94108.42955,100,468,152,316,0.096153846,0.188034188,0.02991453,0.5,0.476190476,0.488549618,0.0,0.047619048,0.022900763,0.041666667,0.047619048,0.045801527,0.041666667,0.031746032,0.038167939,2.0,0.660283922,0.075803083,4.666666667,1.540662485,0.473938235
137032,Saint Leo University,591237047,152600,St. Leo University   St Leo University,33701 County Road 52,Saint Leo,FL,33574-6665,www.saintleo.edu/,2565,10231,4,0,52,55,4642561,4327683,89280.02,78685.15,110286.9382,94108.42955,100,559,217,342,0.137745975,0.169946333,0.021466905,0.5,0.463414634,0.507246377,0.041666667,0.048780488,0.057971014,0.041666667,0.024390244,0.014492754,0.0,0.0,0.0,0.0,0,0.075803083,2.666666667,0.260365814,0.473938235
137078,St Petersburg College,591211489,152800,"SPC, Saint Petersburg College, St. Petersburg College",244 Second Ave. N,St. Petersburg,FL,33701,www.spcollege.edu/,5421,23350,1,0,113,168,7851253,11162105,69480.12,66441.1,110286.9382,94108.42955,100,1095,419,676,0.156164384,0.098630137,0.065753425,0.0,0.0,0.533333333,0.0,0.0,0.051282051,0.0,0.0,0.056410256,0.0,0.0,0.015384615,0.0,0,0.075803083,0.333333333,0.014183794,0.473938235
137096,Santa Fe College,591207627,151900,,3000 Northwest 83rd Street,Gainesville,FL,32606-6210,www.sfcollege.edu/,2851,12698,1,1,118,154,7518951,9542305,63719.92,61963.02,110286.9382,94108.42955,100,623,236,387,0.147672552,0.093097913,0.032102729,0.0,0.0,0.528301887,0.0,0.0,0.018867925,0.0,0.0,0.050314465,0.0,0.0,0.025157233,0.0,0,0.075803083,0.666666667,0.052373845,0.473938235
137209,Seminole State College of Florida,591210158,152000,Seminole State,100 Weldon Blvd,Sanford,FL,32773-6199,https://www.seminolestate.edu/,4344,14104,1,0,82,118,6116705,8717364,74593.96,73875.97,110286.9382,94108.42955,100,699,259,440,0.125894134,0.223175966,0.040057225,0.0,0.0,0.631578947,0.0,0.0,0.045112782,0.0,0.0,0.037593985,0.0,0.0,0.022556391,0.0,0,0.075803083,0.0,0,0.473938235
137281,Saint Johns River State College,591033399,152300,St. Johns River Community College SJRCC St Johns River Community College St Johns River State College St. Johns River State College SJRSC,5001 Saint Johns Ave,Palatka,FL,32177,www.sjrstate.edu/,1163,7066,1,0,61,77,3534268,4522145,57938.82,58729.16,110286.9382,94108.42955,100,323,129,194,0.092879257,0.040247678,0.012383901,0.5625,0.0,0.440677966,0.03125,0.0,0.050847458,0.0,0.0,0.0,0.0625,0.0,0.033898305,0.0,0,0.075803083,0.0,0,0.473938235
137315,South Florida State College,591218159,152200,,600 W College Dr,Avon Park,FL,33825-9356,www.southflorida.edu/,576,2976,1,0,25,42,1612565,2810157,64502.6,66908.5,110286.9382,94108.42955,100,281,105,176,0.06405694,0.181494662,0.03202847,0.0,0.0,0.633333333,0.0,0.0,0.066666667,0.0,0.0,0.033333333,0.0,0.0,0.0,0.0,0,0.075803083,0.0,0,0.473938235
137351,University of South Florida,593102112,153700,University of South Florida USF,4202 East Fowler Ave,Tampa,FL,33620-9951,www.usf.edu/,13973,48572,1,1,782,704,90895498,67811434,116234.65,96323.06,110286.9382,94108.42955,100,6649,2517,4132,0.12603399,0.161828846,0.079560836,0.34194831,0.466403162,0.381679389,0.017892644,0.033596838,0.026717557,0.039761431,0.041501976,0.036895674,0.031809145,0.079051383,0.050890585,0.0,0,0.075803083,10.0,0.201612903,0.473938235
137476,St. Thomas University,590949880,146800,St Thomas University Saint Thomas University Miami Catholic University,16401 NW 37th Ave,Miami Gardens,FL,33054-6459,www.stu.edu/,1108,6455,4,0,52,44,4854972,3647931,93364.85,82907.52,110286.9382,94108.42955,100,311,144,167,0.260450161,0.154340836,0.01607717,0.45,0.526315789,0.333333333,0.05,0.052631579,0.0,0.1,0.0,0.0,0.05,0.0,0.0,0.0,0,0.075803083,2.0,0.313971743,0.473938235
137546,Stetson University,590624416,153100,,421 N Woodland Blvd,DeLand,FL,32723,https://www.stetson.edu/,1197,3669,3,0,135,128,13031557,12029784,96530.05,93982.69,110286.9382,94108.42955,100,589,235,354,0.076400679,0.15959253,0.020373514,0.466666667,0.454545455,0.458598726,0.022222222,0.025974026,0.025477707,0.033333333,0.025974026,0.025477707,0.022222222,0.038961039,0.031847134,4.666666667,1.188051595,0.075803083,2.0,0.509164969,0.473938235
137564,Southeastern University,590722789,152100,SEU,1000 Longfellow Blvd,Lakeland,FL,33801-6034,https://www.seu.edu/,1525,10400,4,0,62,67,4908681,4941172,79172.27,73748.84,110286.9382,94108.42955,100,420,166,254,0.088095238,0.15,0.004761905,0.377777778,0.512820513,0.0,0.022222222,0.051282051,0.0,0.0,0.051282051,0.0,0.022222222,0.025641026,0.0,0.0,0,0.075803083,1.0,0.099561928,0.473938235
137759,Tallahassee Community College,591141270,153300,,444 Appleyard Dr,Tallahassee,FL,32304-2895,www.tcc.fl.edu/,2881,11699,1,0,81,137,4500357,7461041,55559.96,54460.15,110286.9382,94108.42955,100,686,272,414,0.435860058,0.071428571,0.021865889,0.571428571,0.655172414,0.609090909,0.090909091,0.103448276,0.109090909,0.051948052,0.0,0.045454545,0.038961039,0.034482759,0.036363636,0.666666667,0.059175099,0.075803083,1.333333333,0.118350198,0.473938235
137847,The University of Tampa,590624459,153800,,401 W Kennedy Blvd,Tampa,FL,33606-1490,https://www.ut.edu/,2487,11054,3,0,238,234,22962073,20990903,96479.3,89704.71,110286.9382,94108.42955,100,496,191,305,0.118951613,0.102822581,0.030241935,0.379310345,0.381294964,0.360215054,0.0,0.014388489,0.010752688,0.017241379,0.014388489,0.010752688,0.017241379,0.021582734,0.021505376,1.333333333,0.126190927,0.075803083,4.666666667,0.441668244,0.473938235
137953,Trinity Baptist College,412270181,3101900,,800 Hammond Blvd,Jacksonville,FL,32221,www.tbc.edu/,96,397,4,0,8,6,363852,290026,45481.5,48337.67,110286.9382,94108.42955,100,41,18,23,0.219512195,0.0,0.048780488,0.166666667,0.666666667,0.0,0.0,0.333333333,0.0,0.166666667,0.0,0.0,0.0,0.0,0.0,0.0,0,0.075803083,0.0,0,0.473938235
138187,Valencia College,591216316,675000,,1800 S Kirkman Road,Orlando,FL,32811,valenciacollege.edu/,12661,42524,1,0,252,365,13966541,21459609,55422.78,58793.45,110286.9382,94108.42955,100,1997,768,1229,0.162243365,0.36004006,0.057085628,0.0,0.0,0.589005236,0.0,0.0,0.057591623,0.0,0.0,0.047120419,0.0,0.0,0.044502618,0.0,0,0.075803083,4.333333333,0.099915456,0.473938235
138275,Warner University,591275800,884800,,13895 Hwy 27,Lake Wales,FL,33859-8797,www.warner.edu/academics/undergraduate_programs/admissions/criteria-for-admission/,180,891,4,0,20,13,1040385,632422,52019.25,48647.85,110286.9382,94108.42955,100,107,60,47,0.121495327,0.112149533,0.009345794,0.25,0.555555556,0.0,0.0,0.111111111,0.0,0.0,0.111111111,0.0,0.0,0.0,0.0,0.0,0,0.075803083,1.333333333,1.570475069,0.473938235
138293,Webber International University,592139553,154000,,1201 N Scenic Hwy,Babson Park,FL,33827-0096,www.webber.edu/,162,930,3,0,13,14,790240,824511,60787.69,58893.64,110286.9382,94108.42955,100,103,58,45,0.233009709,0.038834951,0.029126214,0.0,0.428571429,0.0,0.0,0.0,0.0,0.0,0.0,0.0,0.0,0.0,0.0,0.0,0,0.075803083,0.666666667,0.588408355,0.473938235
138354,University of West Florida,596001874,395500,University of West Florida,11000 University Parkway,Pensacola,FL,32514-5750,uwf.edu/,4140,14371,1,1,166,156,16958414,13725236,102159.12,87982.28,110286.9382,94108.42955,100,956,354,602,0.103556485,0.055439331,0.031380753,0.306818182,0.384615385,0.341317365,0.0,0.012820513,0.005988024,0.022727273,0.0,0.011976048,0.068181818,0.025641026,0.047904192,0.0,0,0.075803083,5.333333333,0.394448142,0.473938235
138558,Abraham Baldwin Agricultural College,586002072,154100,ABAC,2802 Moore Hwy,Tifton,GA,31793-2601,https://www.abac.edu/,642,3768,1,0,66,64,4619831,4509657,69997.44,70463.39,110286.9382,94108.42955,100,283,99,184,0.155477032,0.077738516,0.007067138,0.35483871,0.542857143,0.461538462,0.0,0.057142857,0.025641026,0.0,0.028571429,0.012820513,0.032258065,0.057142857,0.038461538,0.0,0,0.075803083,0.333333333,0.091399324,0.473938235
138600,Agnes Scott College,580566116,154200,,141 E. College Ave.,Decatur,GA,30030-3770,www.agnesscott.edu/,222,1077,4,0,26,69,2347498,5969096,90288.38,86508.64,110286.9382,94108.42955,100,198,33,165,0.343434343,0.060606061,0.035353535,0.548387097,0.826086957,0.666666667,0.032258065,0.130434783,0.074074074,0.0,0.043478261,0.018518519,0.032258065,0.130434783,0.074074074,0.0,0,0.075803083,0.666666667,0.598444045,0.473938235
138716,Albany State University,586001996,154400,,504 College Drive,Albany,GA,31705,https://www.asurams.edu/,1411,6544,1,0,88,120,6790693,8507089,77166.97,70892.41,110286.9382,94108.42955,100,472,164,308,0.726694915,0.006355932,0.012711864,0.365853659,0.545454545,0.426829268,0.243902439,0.159090909,0.182926829,0.024390244,0.022727273,0.024390244,0.048780488,0.045454545,0.048780488,0.0,0,0.075803083,9.333333333,1.473529102,0.473938235
138761,Andrew College,580568687,154500,,501College St,Cuthbert,GA,39840-5550,www.andrewcollege.edu/,52,294,4,0,10,15,506600,859800,50660.0,57320.0,110286.9382,94108.42955,100,42,18,24,0.19047619,0.0,0.0,1.0,0.75,0.875,0.0,0.0,0.0,0.0,0.0,0.0,0.0,0.0,0.0,0.0,0,0.075803083,0.666666667,2.699055331,0.473938235
138868,Point University,586044761,154700,Point U,507 West 10th Street,West Point,GA,31833,point.edu/,196,2827,4,0,25,29,1438045,1480696,57521.8,51058.48,110286.9382,94108.42955,100,175,80,95,0.245714286,0.04,0.0,0.25,0.727272727,0.0,0.083333333,0.272727273,0.0,0.0,0.0,0.0,0.0,0.0,0.0,0.0,0,0.075803083,0.666666667,0.330851944,0.473938235
138901,Atlanta Metropolitan State College,581190222,1216500,AMSC,"1630 Metropolitan Parkway, SW",Atlanta,GA,30310-4448,https://www.atlm.edu/,288,1551,1,0,17,13,1279252,881573,75250.12,67813.31,110286.9382,94108.42955,100,70,17,53,0.857142857,0.0,0.014285714,0.0,0.333333333,0.333333333,0.0,0.166666667,0.111111111,0.0,0.0,0.0,0.0,0.166666667,0.111111111,0.0,0,0.075803083,0.0,0,0.473938235
138947,Clark Atlanta University,581825259,155900,CAU,"223 James P Brawley Drive, SW",Atlanta,GA,30314-4391,www.cau.edu/,633,4135,4,0,107,100,8953852,7371557,83680.86,73715.57,110286.9382,94108.42955,100,460,168,292,0.945652174,0.0,0.030434783,0.159090909,0.5,0.39047619,0.136363636,0.397058824,0.295238095,0.0,0.014705882,0.00952381,0.022727273,0.044117647,0.057142857,0.0,0,0.075803083,2.333333333,0.583333333,0.473938235
139144,Berry College,580566133,155400,,2277 Martha Berry Hwy NW,Mount Berry,GA,30149,https://www.berry.edu/,549,2370,3,0,93,78,8056362,6201053,86627.55,79500.68,110286.9382,94108.42955,100,346,143,203,0.075144509,0.057803468,0.01734104,0.289473684,0.444444444,0.388235294,0.0,0.0,0.0,0.0,0.037037037,0.023529412,0.0,0.037037037,0.023529412,0.666666667,0.282485876,0.075803083,5.666666667,2.401129944,0.473938235
139199,Brenau University,580566143,155600,,500 Washington Street SE,Gainesville,GA,30501-3668,www.brenau.edu/,753,2420,3,0,39,91,3083416,7503826,79061.95,82459.63,110286.9382,94108.42955,100,207,63,144,0.1352657,0.09178744,0.009661836,0.647058824,0.659090909,0.0,0.0,0.136363636,0.0,0.0,0.0,0.0,0.0,0.0,0.0,0.0,0,0.075803083,1.0,0.369822485,0.473938235
139205,Brewton-Parker College,580619030,155700,BPC,201 David-Eliza Fountain Circle,Mount Vernon,GA,30445,https://www.bpc.edu/,126,1123,4,0,20,15,1136000,898350,56800.0,59890.0,110286.9382,94108.42955,100,73,38,35,0.178082192,0.01369863,0.01369863,0.166666667,0.428571429,0.0,0.0,0.0,0.0,0.0,0.0,0.0,0.0,0.0,0.0,0.0,0,0.075803083,0.0,0,0.473938235
139250,College of Coastal Georgia,580939565,155800,CCGA,One College Drive,Brunswick,GA,31520-3644,https://www.ccga.edu/,577,3189,1,0,39,57,3052092,4360531,78258.77,76500.54,110286.9382,94108.42955,100,170,70,100,0.311764706,0.052941176,0.0,0.409090909,0.64,0.522727273,0.0,0.04,0.022727273,0.0,0.04,0.022727273,0.0,0.0,0.0,0.0,0,0.075803083,3.0,0.953288847,0.473938235
139311,Clayton  State University,581048855,897600,,2000 Clayton State Boulevard,Morrow,GA,30260-0285,www.clayton.edu/,1179,5842,1,0,82,106,6958379,8077863,84858.28,76206.25,110286.9382,94108.42955,100,348,130,218,0.442528736,0.034482759,0.068965517,0.470588235,0.534883721,0.481818182,0.117647059,0.162790698,0.118181818,0.0,0.023255814,0.009090909,0.044117647,0.023255814,0.036363636,0.0,0,0.075803083,14.66666667,2.508408871,0.473938235
139366,Columbus State University,586011208,156100,"CSU, Columbus State",4225 University Ave,Columbus,GA,31907-5645,www.columbusstate.edu/,1602,7610,1,0,155,141,13038067,11141190,84116.56,79015.53,110286.9382,94108.42955,100,524,188,336,0.33778626,0.030534351,0.02480916,0.424528302,0.430379747,0.416666667,0.047169811,0.075949367,0.055555556,0.0,0.012658228,0.005555556,0.066037736,0.037974684,0.05,0.666666667,0.089138477,0.075803083,12.0,1.604492579,0.473938235
139393,Covenant College,430719506,348400,,14049 Scenic Highway,Lookout Mountain,GA,30750-4164,www.covenant.edu/,181,928,4,0,43,18,3457571,1253495,80408.63,69638.61,110286.9382,94108.42955,100,166,82,84,0.012048193,0.006024096,0.0,0.129032258,0.4375,0.222222222,0.0,0.0625,0.027777778,0.0,0.0625,0.0,0.0,0.0625,0.027777778,0.0,0,0.075803083,1.333333333,1.504890895,0.473938235
139463,Dalton State College,580975068,395600,"DSC, Dalton State",650 College Drive,Dalton,GA,30720-3797,https://www.daltonstate.edu/index.cms,710,4902,1,0,62,77,4763143,5590961,76824.89,72609.88,110286.9382,94108.42955,100,167,59,108,0.011976048,0.107784431,0.011976048,0.490566038,0.621621622,0.56,0.018867925,0.0,0.02,0.0,0.0,0.0,0.0,0.054054054,0.01,0.666666667,0.147264561,0.075803083,2.666666667,0.589058243,0.473938235
139621,East Georgia State College,581138587,1099700,EGSC,131 College Circle,Swainsboro,GA,30401,https://www.ega.edu/,228,1756,1,0,25,23,1603872,1442516,64154.88,62718.09,110286.9382,94108.42955,100,117,39,78,0.273504274,0.034188034,0.008547009,0.5,0.388888889,0.432432432,0.0,0.0,0.0,0.055555556,0.0,0.027027027,0.055555556,0.0,0.027027027,0.0,0,0.075803083,9.0,4.805125467,0.473938235
139630,Emmanuel University,580633977,156300,,181 Spring St,Franklin Springs,GA,30639,www.ec.edu/,133,896,4,0,21,12,963124,548575,45863.05,45714.58,110286.9382,94108.42955,100,101,51,50,0.148514851,0.00990099,0.0,0.25,0.363636364,0.0,0.0,0.090909091,0.0,0.0,0.0,0.0,0.0,0.090909091,0.0,0.0,0,0.075803083,0.666666667,0.784313725,0.473938235
139658,Emory University,580566256,156400,,201 Dowman Drive,Atlanta,GA,30322,www.emory.edu/,4728,15046,4,1,519,535,84435196,73656924,162688.24,137676.49,110286.9382,94108.42955,100,12265,4319,7946,0.289604566,0.043783123,0.128169588,0.362012987,0.461052632,0.374496644,0.037337662,0.050526316,0.037583893,0.00487013,0.012631579,0.006711409,0.061688312,0.090526316,0.067114094,14.0,0.94333266,0.075803083,29.33333333,1.976506525,0.473938235
139700,Georgia Highlands College,581086067,950700,GHC,"3175 Cedartown Highway, S.E.",Rome,GA,30161-3897,www.highlands.edu/,841,4955,1,0,42,62,2618335,4061258,62341.31,65504.16,110286.9382,94108.42955,100,221,92,129,0.149321267,0.031674208,0.0,0.552631579,0.476190476,0.537313433,0.026315789,0.142857143,0.074626866,0.0,0.0,0.0,0.0,0.0,0.0,0.0,0,0.075803083,0.666666667,0.139821029,0.473938235
139719,Fort Valley State University,586002062,156600,,1005 State University Dr,Fort Valley,GA,31030-4313,www.fvsu.edu/,380,2763,1,1,60,56,4584608,3842859,76410.13,68622.48,110286.9382,94108.42955,100,444,159,285,0.876126126,0.002252252,0.024774775,0.181818182,0.44,0.320754717,0.090909091,0.28,0.188679245,0.0,0.0,0.0,0.060606061,0.08,0.075471698,0.0,0,0.075803083,9.0,3.454894434,0.473938235
139755,Georgia Institute of Technology-Main Campus,586002023,156900,Georgia Tech,225 North Ave,Atlanta,GA,30332-0530,www.gatech.edu/,11220,47946,1,1,811,354,121910083,44925435,150320.69,126908.01,110286.9382,94108.42955,100,8366,4580,3786,0.307554387,0.048051638,0.070404016,0.189616253,0.308333333,0.233979136,0.006772009,0.020833333,0.011922504,0.004514673,0.0125,0.007451565,0.045146727,0.1,0.064083458,0.0,0,0.075803083,13.33333333,0.294360061,0.473938235
139764,Georgia Southwestern State University,586001997,157300,"GSW, Georgia Southwestern",800 Georgia Southwestern State University Dr.,Americus,GA,31709-4693,https://gsw.edu/,849,3408,1,0,56,66,4206524,5085517,75116.5,77053.29,110286.9382,94108.42955,100,180,64,116,0.205555556,0.011111111,0.011111111,0.390243902,0.454545455,0.426229508,0.0,0.0,0.0,0.0,0.0,0.0,0.048780488,0.045454545,0.049180328,0.0,0,0.075803083,2.333333333,0.760043431,0.473938235
139861,Georgia College & State University,586002064,160200,Georgia College,231 W Hancock Street,Milledgeville,GA,31061,www.gcsu.edu/,1698,6811,1,0,166,176,13630888,13677924,82113.78,77715.48,110286.9382,94108.42955,100,515,169,346,0.254368932,0.013592233,0.013592233,0.454545455,0.6,0.516304348,0.0,0.053333333,0.02173913,0.018181818,0.026666667,0.02173913,0.054545455,0.026666667,0.043478261,1.0,0.158353127,0.075803083,1.666666667,0.263921879,0.473938235
139931,Georgia Southern University,586002059,157200,,1332 Southern Drive,Statesboro,GA,30460-8126,www.georgiasouthern.edu/,5323,26041,1,0,451,457,39863877,35129265,88389.97,76869.29,110286.9382,94108.42955,100,1789,741,1048,0.292342091,0.031302404,0.010620458,0.389121339,0.441947566,0.411646586,0.029288703,0.04494382,0.036144578,0.012552301,0.014981273,0.014056225,0.037656904,0.026217228,0.030120482,0.0,0,0.075803083,12.33333333,0.484020774,0.473938235
139940,Georgia State University,581845423,157400,,33 Gilmer St,Atlanta,GA,30303-3083,www.gsu.edu/,8087,34974,1,1,645,677,72810071,62912759,112883.83,92928.74,110286.9382,94108.42955,100,3606,1329,2277,0.538546866,0.044370494,0.048252912,0.385321101,0.483754513,0.419417476,0.03058104,0.072202166,0.044660194,0.003058104,0.02166065,0.009708738,0.048929664,0.054151625,0.050485437,2.0,0.054770512,0.075803083,12.0,0.328623069,0.473938235
139959,University of Georgia,586001998,159800,,Administration Building,Athens,GA,30602,www.uga.edu/,11109,41615,1,1,1281,984,162353103,109961314,126739.35,111749.3,110286.9382,94108.42955,100,9305,3538,5767,0.147447609,0.035679742,0.035357335,0.28707483,0.449612403,0.34987795,0.021768707,0.025193798,0.02359642,0.014965986,0.011627907,0.013832384,0.032653061,0.052325581,0.039869813,7.333333333,0.180592837,0.075803083,12.66666667,0.311933082,0.473938235
139968,Gordon State College,581132449,157500,Gordon,419 College Dr,Barnesville,GA,30204,https://www.gordonstate.edu/,446,3129,1,0,40,41,2776116,2811585,69402.9,68575.24,110286.9382,94108.42955,100,135,46,89,0.355555556,0.014814815,0.0,0.388888889,0.533333333,0.434782609,0.027777778,0.133333333,0.043478261,0.0,0.0,0.0,0.055555556,0.0,0.043478261,0.0,0,0.075803083,0.0,0,0.473938235
140234,LaGrange College,580566199,157800,,601 Broad Street,Lagrange,GA,30240-2999,www.lagrange.edu/,172,671,4,0,27,26,1676334,1621331,62086.44,62358.88,110286.9382,94108.42955,100,90,41,49,0.177777778,0.033333333,0.0,0.368421053,0.6,0.451612903,0.052631579,0.0,0.032258065,0.0,0.0,0.0,0.0,0.0,0.0,0.0,0,0.075803083,1.666666667,2.454590083,0.473938235
140252,Life University,581216007,2074800,,1269 Barclay Circle,Marietta,GA,30060,www.life.edu/,674,2711,3,0,62,54,5074881,4546573,81852.92,84195.8,110286.9382,94108.42955,100,337,119,218,0.379821958,0.053412463,0.020771513,0.583333333,0.5,0.0,0.166666667,0.1,0.0,0.0,0.0,0.0,0.083333333,0.033333333,0.0,0.0,0,0.075803083,0.666666667,0.242160068,0.473938235
140340,Herzing University-Atlanta,271503981,962106,,50 Hurt Plaza SE  Ste. 400,Atlanta,GA,30303,https://www.herzing.edu/,194,555,3,0,1,9,77634,799104,77634.0,88789.33,110286.9382,94108.42955,100,9,4,5,0.666666667,0.0,0.0,0.666666667,1.0,0.0,0.666666667,0.5,0.0,0.0,0.0,0.0,0.0,0.0,0.0,0.0,0,0.075803083,0.333333333,0.502765209,0.473938235
140447,Mercer University,580566167,158000,,1501 Mercer University Drive,Macon,GA,31207,https://www.mercer.edu/,2612,9124,3,0,199,213,18423193,19017764,92578.86,89285.28,110286.9382,94108.42955,100,1198,477,721,0.252086811,0.031719533,0.025876461,0.346456693,0.5,0.407035176,0.047244094,0.051282051,0.040201005,0.007874016,0.032051282,0.025125628,0.031496063,0.051282051,0.035175879,2.0,0.224997188,0.075803083,15.0,1.687478907,0.473938235
140553,Morehouse College,580566205,158200,,830 Westview Dr SW,Atlanta,GA,30314,www.morehouse.edu/,387,2738,3,0,90,54,7007061,4022232,77856.23,74485.78,110286.9382,94108.42955,100,445,190,255,0.916853933,0.006741573,0.015730337,0.243902439,0.380952381,0.338028169,0.146341463,0.30952381,0.23943662,0.024390244,0.0,0.014084507,0.048780488,0.023809524,0.042253521,0.0,0,0.075803083,1.333333333,0.519413063,0.473938235
140696,Oglethorpe University,580568698,158600,Oglethorpe,"4484 Peachtree Road, NE",Atlanta,GA,30319-2797,oglethorpe.edu/,234,1522,3,0,47,41,3344633,2684979,71162.4,65487.29,110286.9382,94108.42955,100,152,54,98,0.263157895,0.131578947,0.046052632,0.375,0.6,0.517241379,0.0,0.0,0.0,0.0625,0.0,0.034482759,0.0625,0.066666667,0.068965517,4.0,2.682763246,0.075803083,1.0,0.670690812,0.473938235
140818,Piedmont University,580566212,158800,,1021 Central Ave,Demorest,GA,30535-0010,https://www.piedmont.edu/,567,1840,4,0,41,51,3040735,3518911,74164.27,68998.25,110286.9382,94108.42955,100,173,73,100,0.063583815,0.028901734,0.005780347,0.413793103,0.566666667,0.5,0.068965517,0.0,0.2,0.0,0.0,0.0,0.0,0.0,0.0,1.333333333,0.72345813,0.075803083,2.0,1.085187195,0.473938235
140872,Reinhardt University,580603153,158900,,7300 Reinhardt Circle,Waleska,GA,30183-2981,www.reinhardt.edu/,333,1170,4,0,32,39,1789813,2217939,55931.66,56870.23,110286.9382,94108.42955,100,136,52,84,0.110294118,0.058823529,0.0,0.625,0.272727273,0.5,0.0,0.0,0.0,0.0,0.0,0.0,0.0,0.0,0.0,0.0,0,0.075803083,1.0,0.876424189,0.473938235
140951,Savannah College of Art and Design,581357177,2141500,SCAD,342 Bull St,Savannah,GA,31402-3146,www.scad.edu/,3652,17575,3,0,428,336,41911285,30060220,97923.56,89464.94,110286.9382,94108.42955,100,1087,366,721,0.157313707,0.057037718,0.052437902,0.439790576,0.0,0.0,0.02617801,0.0,0.0,0.006544503,0.0,0.0,0.032722513,0.0,0.0,0.0,0,0.075803083,4.0,0.243694407,0.473938235
140960,Savannah State University,586002069,159000,,3219 College Street,Savannah,GA,31404-5310,www.savannahstate.edu/,581,3078,1,0,70,47,5482088,3820809,78315.54,81293.81,110286.9382,94108.42955,100,204,93,111,0.75,0.039215686,0.009803922,0.230769231,0.575757576,0.368421053,0.076923077,0.121212121,0.122807018,0.0,0.0,0.0,0.038461538,0.121212121,0.070175439,0.0,0,0.075803083,10.66666667,3.621958121,0.473938235
140988,Shorter University,580593431,159100,Shorter,315 Shorter Ave,Rome,GA,30165,https://www.shorter.edu/,355,1447,4,0,39,38,1945019,1830573,49872.28,48172.97,110286.9382,94108.42955,100,130,49,81,0.138461538,0.184615385,0.0,0.214285714,0.346153846,0.153846154,0.0,0.0,0.0,0.0,0.0,0.0,0.0,0.0,0.0,0.0,0,0.075803083,0.0,0,0.473938235
141060,Spelman College,580566243,159400,,350 Spelman Lane SW,Atlanta,GA,30314-4399,www.spelman.edu/,825,3633,3,0,51,144,4323211,12057801,84768.84,83734.73,110286.9382,94108.42955,100,409,89,320,0.897310513,0.009779951,0.012224939,0.7,0.74137931,0.719512195,0.5,0.534482759,0.5,0.0,0.017241379,0.012195122,0.133333333,0.051724138,0.085365854,0.0,0,0.075803083,2.666666667,0.859660434,0.473938235
141167,Thomas University,580644897,155500,TU,1501 Millpond Rd,Thomasville,GA,31792,www.thomasu.edu/,540,1583,3,0,20,39,963451,2403738,48172.55,61634.31,110286.9382,94108.42955,100,122,62,60,0.262295082,0.008196721,0.0,0.833333333,0.692307692,0.0,0.0,0.0,0.0,0.0,0.0,0.0,0.0,0.076923077,0.0,0.0,0,0.075803083,0.0,0,0.473938235
141185,Toccoa Falls College,580685908,159600,,107 Kincaid Drive,Toccoa Falls,GA,30598,https://tfc.edu/,184,2532,4,0,24,15,1254149,793873,52256.21,52924.87,110286.9382,94108.42955,100,104,39,65,0.038461538,0.0,0.009615385,0.1,0.222222222,0.142857143,0.0,0.0,0.0,0.0,0.0,0.0,0.1,0.0,0.142857143,0.0,0,0.075803083,0.333333333,0.162919518,0.473938235
141237,Truett McConnell University,580531392,159700,,100 Alumni Dr,Cleveland,GA,30528,https://truett.edu/,205,2714,4,0,29,18,1665479,1073869,57430.31,59659.39,110286.9382,94108.42955,100,158,79,79,0.025316456,0.025316456,0.006329114,0.181818182,0.416666667,0.0,0.090909091,0.0,0.0,0.0,0.0,0.0,0.0,0.0,0.0,0.0,0,0.075803083,0.0,0,0.473938235
141264,Valdosta State University,586002072,159900,VSU; Valdosta State; Valdosta State College; V-State,1500 N Patterson St,Valdosta,GA,31698,www.valdosta.edu/,2588,10151,1,0,183,205,15088027,14457192,82448.23,70522.89,110286.9382,94108.42955,100,541,210,331,0.292051756,0.036968577,0.011090573,0.407407407,0.506849315,0.446078431,0.007407407,0.04109589,0.014705882,0.014814815,0.04109589,0.024509804,0.037037037,0.068493151,0.049019608,0.0,0,0.075803083,2.0,0.195905574,0.473938235
141325,Wesleyan College,580593438,160000,,4760 Forsyth Road,Macon,GA,31210-4462,https://www.wesleyancollege.edu/,124,641,4,0,16,32,961524,1985625,60095.25,62050.78,110286.9382,94108.42955,100,94,18,76,0.212765957,0.021276596,0.042553191,0.666666667,0.764705882,0.696969697,0.0,0.0,0.0,0.0,0.0,0.0,0.0,0.117647059,0.060606061,0.0,0,0.075803083,2.0,3.03030303,0.473938235
141334,University of West Georgia,586002055,160100,,1601 Maple St,Carrollton,GA,30118-0001,www.westga.edu/,3133,12728,1,0,177,245,15501364,19026266,87578.33,77658.23,110286.9382,94108.42955,100,863,309,554,0.149478563,0.042873696,0.01622248,0.417266187,0.554455446,0.454545455,0.014388489,0.069306931,0.034632035,0.014388489,0.01980198,0.017316017,0.050359712,0.01980198,0.038961039,0.0,0,0.075803083,11.0,0.924913815,0.473938235
141361,Young Harris College,580593414,160400,YHC Young Harris,1 College Street,Young Harris,GA,30582,www.yhc.edu/,172,1420,4,0,36,29,1999290,1674725,55535.83,57749.14,110286.9382,94108.42955,100,95,36,59,0.010526316,0.010526316,0.010526316,0.357142857,0.454545455,0.433333333,0.0,0.0,0.0,0.071428571,0.0,0.033333333,0.0,0.090909091,0.066666667,0.666666667,0.441208912,0.075803083,0.333333333,0.220604456,0.473938235
141486,Chaminade University of Honolulu,990272261,160500,,3140 Waialae Avenue,Honolulu,HI,96816-1578,https://www.chaminade.edu/,605,2602,4,0,44,49,3891951,4264966,88453.43,87040.12,110286.9382,94108.42955,100,202,70,132,0.00990099,0.123762376,0.331683168,0.277777778,0.588235294,0.375,0.055555556,0.0,0.03125,0.0,0.029411765,0.0,0.0,0.205882353,0.0625,0.0,0,0.075803083,0.0,0,0.473938235
141565,University of Hawaii at Hilo,996000354,161100,UH Hilo / UHH,200 W Kawili St,Hilo,HI,96720-4091,https://hilo.hawaii.edu/,584,2781,1,0,94,84,10692998,8877264,113755.3,105681.71,110286.9382,94108.42955,100,292,119,173,0.010273973,0.061643836,0.380136986,0.44,0.320754717,0.390625,0.0,0.0,0.0,0.0,0.0,0.0,0.173333333,0.094339623,0.140625,0.0,0,0.075803083,4.333333333,1.455604076,0.473938235
141574,University of Hawaii at Manoa,996000354,161000,UH Manoa / UHM,2500 Campus Road,Honolulu,HI,96822-2217,https://manoa.hawaii.edu/,4176,19256,1,1,512,469,72460146,55585533,141523.72,118519.26,110286.9382,94108.42955,100,2516,1069,1447,0.008346582,0.036168521,0.542130366,0.403547672,0.498316498,0.431593794,0.006651885,0.0,0.004231312,0.00886918,0.01010101,0.008462623,0.115299335,0.178451178,0.129760226,0.0,0,0.075803083,5.666666667,0.297088532,0.473938235
141644,Hawaii Pacific University,990113930,727900,,1 Aloha Tower Drive,Honolulu,HI,96813,https://www.hpu.edu/,743,4748,3,0,82,99,7071819,8767786,86241.7,88563.49,110286.9382,94108.42955,100,330,147,183,0.036363636,0.066666667,0.315151515,0.407407407,0.434782609,0.0,0.0,0.0,0.0,0.037037037,0.02173913,0.0,0.074074074,0.130434783,0.0,0.0,0,0.075803083,0.333333333,0.068362045,0.473938235
141680,Honolulu Community College,996000354,161200,Honolulu CC / HCC,874 Dillingham Blvd,Honolulu,HI,96817-4505,https://www.honolulu.hawaii.edu/,606,3204,1,1,45,27,3996420,2347692,88809.33,86951.56,110286.9382,94108.42955,100,147,56,91,0.006802721,0.040816327,0.585034014,0.421052632,0.333333333,0.37704918,0.0,0.0,0.0,0.0,0.0,0.0,0.315789474,0.277777778,0.196721311,0.0,0,0.075803083,1.333333333,0.434452047,0.473938235
141796,Kapiolani Community College,996000354,161300,Kapiolani CC / KCC,4303 Diamond Head Road,Honolulu,HI,96816-4421,https://www.kapiolani.hawaii.edu/,688,5822,1,1,80,81,7784424,7560864,97305.3,93344.0,110286.9382,94108.42955,100,159,62,97,0.0,0.044025157,0.578616352,0.446808511,0.433333333,0.467213115,0.0,0.0,0.008196721,0.021276596,0.033333333,0.024590164,0.127659574,0.2,0.155737705,0.0,0,0.075803083,0.0,0,0.473938235
141802,Kauai Community College,996000354,161400,Kauai CC / KCC,3-1901 Kaumualii Highway,Lihue,HI,96766-9500,https://www.kauai.hawaii.edu/,191,1298,1,1,24,20,2168988,1935612,90374.5,96780.6,110286.9382,94108.42955,100,75,28,47,0.0,0.106666667,0.386666667,0.454545455,0.25,0.40625,0.0,0.0,0.0,0.0,0.0,0.0,0.181818182,0.25,0.125,0.0,0,0.075803083,0.666666667,0.509683996,0.473938235
141811,Leeward Community College,996000354,454900,Leeward CC / LCC,96-045 Ala Ike,Pearl City,HI,96782-3366,www.leeward.hawaii.edu/,960,6059,1,1,54,63,5106120,5455296,94557.78,86592.0,110286.9382,94108.42955,100,174,67,107,0.011494253,0.040229885,0.591954023,0.444444444,0.692307692,0.5,0.0,0.0,0.0,0.027777778,0.115384615,0.04,0.25,0.230769231,0.24,0.0,0,0.075803083,0.0,0,0.473938235
141839,University of Hawaii Maui College,996000354,161500,UH Maui College / Maui College,310 W Kaahumanu Ave,Kahului,HI,96732-1617,maui.hawaii.edu/,350,2647,1,0,29,32,2501676,2918040,86264.69,91188.75,110286.9382,94108.42955,100,128,41,87,0.0078125,0.046875,0.3984375,0.571428571,0.416666667,0.489361702,0.0,0.0,0.0,0.0,0.0,0.0,0.214285714,0.0,0.127659574,0.0,0,0.075803083,0.333333333,0.134843581,0.473938235
141981,University of Hawaii-West Oahu,996000354,2107800,UH West Oahu / UHWO,91-1001 Farrington Highway,Kapolei,HI,96707-4507,https://westoahu.hawaii.edu/,600,2863,1,0,46,42,4718052,4254552,102566.35,101298.86,110286.9382,94108.42955,100,163,60,103,0.012269939,0.042944785,0.503067485,0.375,0.565217391,0.454545455,0.09375,0.043478261,0.072727273,0.0,0.0,0.0,0.125,0.043478261,0.090909091,0.0,0,0.075803083,0.333333333,0.114429569,0.473938235
141990,Windward Community College,996000354,1122000,Windward CC / WCC,45-720 Keaahala Rd,Kaneohe,HI,96744-3528,https://windward.hawaii.edu/,287,2743,1,1,24,19,2137740,1664832,89072.5,87622.74,110286.9382,94108.42955,100,95,30,65,0.021052632,0.063157895,0.326315789,0.357142857,0.555555556,0.393939394,0.0,0.0,0.0,0.0,0.0,0.0,0.0,0.222222222,0.090909091,0.0,0,0.075803083,0.666666667,0.279642058,0.473938235
142115,Boise State University,820290701,161600,Boise State,1910 University Dr,Boise,ID,83725,https://www.boisestate.edu/,5229,26670,1,1,403,412,37996692,33818639,94284.6,82084.08,110286.9382,94108.42955,100,2087,868,1219,0.013416387,0.090560613,0.034978438,0.402777778,0.473684211,0.421994885,0.0,0.0,0.0,0.023148148,0.021929825,0.017902813,0.032407407,0.030701754,0.035805627,6.666666667,0.255281128,0.075803083,5.666666667,0.216988959,0.473938235
142276,Idaho State University,826000924,162000,ISU,921 S 8th Ave,Pocatello,ID,83209,www.isu.edu/,2568,12614,1,1,310,293,26989157,23291587,87061.8,79493.47,110286.9382,94108.42955,100,1121,467,654,0.014272971,0.061552186,0.018733274,0.396825397,0.467741935,0.404878049,0.0,0.008064516,0.0,0.0,0.008064516,0.004878049,0.023809524,0.024193548,0.024390244,0.666666667,0.054196136,0.075803083,8.0,0.65035363,0.473938235
142285,University of Idaho,826000945,162600,UIdaho,875 Perimeter Drive MS 2282,Moscow,ID,83844-2282,www.uidaho.edu/,2255,11849,1,1,322,202,31925590,17135597,99147.8,84829.69,110286.9382,94108.42955,100,1757,751,1006,0.007398976,0.051792829,0.015367103,0.255813953,0.365168539,0.281045752,0.0,0.005617978,0.0,0.0,0.033707865,0.016339869,0.011627907,0.04494382,0.032679739,0.666666667,0.057935749,0.075803083,8.666666667,0.75316474,0.473938235
142294,The College of Idaho,820200906,161700,C of I,2112 Cleveland Blvd,Caldwell,ID,83605-4432,www.collegeofidaho.edu/,281,1076,3,0,49,35,3418653,2472344,69768.43,70638.4,110286.9382,94108.42955,100,184,102,82,0.02173913,0.119565217,0.010869565,0.4,0.416666667,0.414634146,0.0,0.0,0.0,0.0,0.0,0.0,0.0,0.0,0.0,0.666666667,0.616142945,0.075803083,2.333333333,2.156500308,0.473938235
142328,Lewis-Clark State College,826000935,162100,LC State,500 8th Ave,Lewiston,ID,83501-2698,www.lcsc.edu/,753,3706,1,1,61,84,4261886,5631629,69866.98,67043.2,110286.9382,94108.42955,100,222,77,145,0.004504505,0.022522523,0.022522523,0.425,0.649122807,0.62195122,0.0,0.0,0.0,0.0,0.01754386,0.012195122,0.0,0.0,0.0,1.333333333,0.35593522,0.075803083,2.333333333,0.622886635,0.473938235
142443,North Idaho College,826000936,162300,NIC,1000 West Garden Avenue,Coeur d'Alene,ID,83814-2199,https://www.nic.edu/,952,3979,1,1,55,59,3938547,4130917,71609.95,70015.54,110286.9382,94108.42955,100,566,227,339,0.010600707,0.042402827,0.017667845,0.525,0.418604651,0.475609756,0.0,0.0,0.0,0.025,0.0,0.012195122,0.0,0.0,0.0,0.0,0,0.075803083,0.0,0,0.473938235
142461,Northwest Nazarene University,820200907,162400,Northwest Nazarene University/Northwest Nazarene College/NNU/NNC,623 S. University Blvd.,Nampa,ID,83686-5897,https://www.nnu.edu/,505,1774,4,0,51,47,3203763,2942725,62818.88,62611.17,110286.9382,94108.42955,100,190,78,112,0.010526316,0.052631579,0.015789474,0.3,0.578947368,0.444444444,0.0,0.0,0.0,0.0,0.052631579,0.027777778,0.0,0.026315789,0.0,0.0,0,0.075803083,0.333333333,0.187476565,0.473938235
142559,College of Southern Idaho,820261628,161900,,315 Falls Ave.,Twin Falls,ID,83301,www.csi.edu/,1118,8775,1,1,69,75,4328857,4718273,62737.06,62910.31,110286.9382,94108.42955,100,401,159,242,0.012468828,0.099750623,0.017456359,0.509803922,0.5625,0.0,0.0,0.0,0.0,0.019607843,0.0,0.0,0.0,0.0625,0.0,0.0,0,0.075803083,0.666666667,0.082345191,0.473938235
142832,Adler University,362515281,2068100,,17 North Dearborn Street,Chicago,IL,60602,https://www.adler.edu/,517,1674,3,0,18,42,1560967,3736814,86720.39,88971.76,110286.9382,94108.42955,100,159,49,110,0.238993711,0.088050314,0.125786164,0.714285714,0.625,0.0,0.142857143,0.125,0.0,0.142857143,0.0625,0.0,0.0,0.0625,0.0,0.0,0,0.075803083,0.0,0,0.473938235
143048,School of the Art Institute of Chicago,362167725,175300,,36 S Wabash,Chicago,IL,60603,www.saic.edu/,902,3401,3,0,75,62,8046959,6293432,107292.79,101506.97,110286.9382,94108.42955,100,400,136,264,0.1075,0.1225,0.08,0.433962264,0.413793103,0.423423423,0.018867925,0.034482759,0.027027027,0.037735849,0.017241379,0.027027027,0.018867925,0.068965517,0.045045045,0.0,0,0.075803083,0.0,0,0.473938235
143084,Augustana College,362166962,163300,,639 38th St,Rock Island,IL,61201-2296,www.augustana.edu/,545,2484,4,0,94,99,7125197,7064800,75799.97,71361.62,110286.9382,94108.42955,100,368,169,199,0.057065217,0.089673913,0.010869565,0.416666667,0.619047619,0.482142857,0.0,0.0,0.0,0.013888889,0.0,0.008928571,0.097222222,0.071428571,0.089285714,0.0,0,0.075803083,2.0,0.851426139,0.473938235
143118,Aurora University,362166964,163400,,347 S Gladstone Ave,Aurora,IL,60506-4892,https://aurora.edu/,2219,5935,3,0,50,73,4225378,6077006,84507.56,83246.66,110286.9382,94108.42955,100,336,141,195,0.044642857,0.12797619,0.017857143,0.578947368,0.489361702,0.528301887,0.0,0.0,0.0,0.0,0.042553191,0.037735849,0.052631579,0.0,0.018867925,0.0,0,0.075803083,0.333333333,0.056325335,0.473938235
143215,Southwestern Illinois College,370896981,163600,"SWIC, Belleville Area College, BAC",2500 Carlyle Ave,Belleville,IL,62221-5899,https://www.swic.edu/,2141,7955,1,0,63,94,4503172,6116322,71478.92,65067.26,110286.9382,94108.42955,100,486,207,279,0.230452675,0.024691358,0.012345679,0.563636364,0.529411765,0.527027027,0.054545455,0.058823529,0.054054054,0.018181818,0.0,0.013513514,0.018181818,0.029411765,0.027027027,0.0,0,0.075803083,4.0,0.556483027,0.473938235
143279,Black Hawk College,362482309,163800,BHC,6600-34th Avenue,Moline,IL,61265-5899,www.bhc.edu/,766,3853,1,0,41,52,2789802,3424278,68043.95,65851.5,110286.9382,94108.42955,100,272,112,160,0.040441176,0.077205882,0.014705882,0.617021277,0.444444444,0.625,0.021276596,0.0,0.013888889,0.0,0.0,0.0,0.0,0.0,0.013888889,0.0,0,0.075803083,0.0,0,0.473938235
143288,Blackburn College,370661491,163900,,700 College Ave,Carlinville,IL,62626,www.blackburn.edu/,69,389,4,0,19,20,1316921,1183605,69311.63,59180.25,110286.9382,94108.42955,100,86,39,47,0.034883721,0.0,0.011627907,0.526315789,0.0,0.411764706,0.0,0.0,0.0,0.0,0.0,0.0,0.052631579,0.0,0.058823529,0.0,0,0.075803083,0.0,0,0.473938235
143358,Bradley University,370661494,164100,,1501 W BRADLEY AVE,Peoria,IL,61625-0001,www.bradley.edu/,1525,5217,3,0,195,146,18304384,11740584,93868.64,80414.96,110286.9382,94108.42955,100,555,255,300,0.106306306,0.023423423,0.025225225,0.253164557,0.380952381,0.333333333,0.012658228,0.011904762,0.011904762,0.0,0.0,0.0,0.012658228,0.05952381,0.035714286,0.0,0,0.075803083,8.0,1.44092219,0.473938235
143613,Carl Sandburg College,370896983,726500,,2400 Tom L. Wilson Boulevard,Galesburg,IL,61401,www.sandburg.edu/,337,1688,1,0,16,25,1004670,1430000,62791.88,57200.0,110286.9382,94108.42955,100,178,73,105,0.08988764,0.061797753,0.02247191,0.0,0.0,0.551724138,0.0,0.0,0.0,0.0,0.0,0.0,0.0,0.0,0.034482759,0.0,0,0.075803083,0.666666667,0.394944708,0.473938235
143853,Midwestern University-Downers Grove,363377698,165700,,555 31st Street,Downers Grove,IL,60515-5514,https://www.midwestern.edu/,879,2671,3,0,71,80,10914841,11645106,153730.15,145563.83,110286.9382,94108.42955,100,476,144,332,0.094537815,0.138655462,0.077731092,0.642857143,0.62195122,0.608695652,0.0,0.024390244,0.014492754,0.023809524,0.036585366,0.028985507,0.095238095,0.109756098,0.086956522,0.0,0,0.075803083,0.0,0,0.473938235
143978,The Chicago School at Chicago,363005527,2155307,The Chicago School of Professional Psychology at Chicago,325 N Wells Street,Chicago,IL,60654,https://www.thechicagoschool.edu/in-the-community/locations/,350,1243,3,0,17,40,1764923,4231811,103819.0,105795.28,110286.9382,94108.42955,100,46,13,33,0.195652174,0.086956522,0.065217391,0.733333333,0.64,0.0,0.133333333,0.12,0.0,0.066666667,0.08,0.0,0.066666667,0.04,0.0,0.0,0,0.075803083,0.0,0,0.473938235
144005,Chicago State University,362580815,169400,CSU,9501 S. King Drive,Chicago,IL,60628-1598,www.csu.edu/,500,2324,1,1,72,80,5822720,6563852,80871.11,82048.15,110286.9382,94108.42955,100,341,134,207,0.604105572,0.058651026,0.017595308,0.463414634,0.56097561,0.50617284,0.243902439,0.195121951,0.209876543,0.0,0.0,0.0,0.024390244,0.024390244,0.024691358,0.0,0,0.075803083,0.333333333,0.143864192,0.473938235
144050,University of Chicago,362177139,177400,,5801 S Ellis Ave,Chicago,IL,60637,www.uchicago.edu/,6175,18339,3,0,1039,621,204795171,88987040,197107.96,143296.36,110286.9382,94108.42955,100,10069,3912,6157,0.172410368,0.088688052,0.09156818,0.274122807,0.444444444,0.283908046,0.016447368,0.038986355,0.016091954,0.006578947,0.01754386,0.009195402,0.036184211,0.083820663,0.034482759,0.0,0,0.075803083,11.66666667,0.636167003,0.473938235
144157,City Colleges of Chicago-Kennedy-King College,362606230,165400,,6301 S Halsted St,Chicago,IL,60621-2709,www.ccc.edu/colleges/kennedy/pages/default.aspx,471,2780,1,1,31,37,2923801,3753881,94316.16,101456.24,110286.9382,94108.42955,100,314,139,175,0.74522293,0.092356688,0.00955414,0.666666667,0.75,0.571428571,0.666666667,0.6875,0.448979592,0.0,0.0,0.040816327,0.0,0.0625,0.040816327,0.0,0,0.075803083,0.0,0,0.473938235
144166,City Colleges of Chicago-Malcolm X College,362606236,165000,,1900 W Jackson Blvd,Chicago,IL,60612-3197,www.ccc.edu/colleges/malcolm-x/pages/default.aspx,1544,8011,1,1,40,85,3873926,8828161,96848.15,103860.72,110286.9382,94108.42955,100,378,155,223,0.523809524,0.17989418,0.029100529,0.571428571,0.764705882,0.673913043,0.285714286,0.235294118,0.27173913,0.0,0.058823529,0.043478261,0.142857143,0.117647059,0.086956522,0.0,0,0.075803083,1.0,0.136724091,0.473938235
144175,City Colleges of Chicago-Olive-Harvey College,362606236,976700,,10001 S Woodlawn Ave,Chicago,IL,60628-1696,www.ccc.edu/colleges/olive-harvey/Pages/default.aspx,464,2747,1,1,17,25,1765120,2815065,103830.59,112602.6,110286.9382,94108.42955,100,305,143,162,0.714754098,0.121311475,0.006557377,0.666666667,0.692307692,0.583333333,0.333333333,0.384615385,0.361111111,0.0,0.076923077,0.055555556,0.0,0.076923077,0.027777778,0.0,0,0.075803083,0.333333333,0.158654609,0.473938235
144184,City Colleges of Chicago-Harry S Truman College,362606236,164800,,1145 W Wilson Ave.,Chicago,IL,60640-6063,www.ccc.edu/colleges/truman/Pages/default.aspx,517,6185,1,1,30,34,3175115,3328580,105837.17,97899.41,110286.9382,94108.42955,100,352,171,181,0.301136364,0.196022727,0.107954545,0.333333333,0.571428571,0.519230769,0.0,0.142857143,0.057692308,0.0,0.142857143,0.076923077,0.0,0.0,0.038461538,1.333333333,0.252095544,0.075803083,1.333333333,0.252095544,0.473938235
144193,City Colleges of Chicago-Richard J Daley College,362606236,164900,,7500 S Pulaski Rd,Chicago,IL,60652-1299,ccc.edu/colleges/daley/pages/default.aspx,1173,5836,1,1,26,26,2779524,2843792,106904.77,109376.62,110286.9382,94108.42955,100,251,128,123,0.3187251,0.370517928,0.003984064,0.4,0.727272727,0.545454545,0.2,0.363636364,0.181818182,0.0,0.181818182,0.113636364,0.2,0.090909091,0.045454545,0.0,0,0.075803083,1.333333333,0.278532136,0.473938235
144209,City Colleges of Chicago-Harold Washington College,362606236,165200,,30 E Lake St,Chicago,IL,60601-2449,www.ccc.edu/colleges/washington/Pages/default.aspx,1357,5859,1,0,41,57,4881450,6124622,119059.76,107449.51,110286.9382,94108.42955,100,257,100,157,0.428015564,0.214007782,0.050583658,0.588235294,0.703703704,0.571428571,0.176470588,0.074074074,0.120879121,0.117647059,0.074074074,0.076923077,0.0,0.037037037,0.032967033,0.0,0,0.075803083,0.666666667,0.119925646,0.473938235
144218,City Colleges of Chicago-Wilbur Wright College,362606236,165500,,4300 N Narragansett,Chicago,IL,60634-1500,ccc.edu/colleges/wright/pages/default.aspx,1050,7789,1,0,37,43,4185530,5083897,113122.43,118230.16,110286.9382,94108.42955,100,251,114,137,0.143426295,0.38247012,0.047808765,0.666666667,0.68,0.542857143,0.0,0.0,0.0,0.222222222,0.08,0.085714286,0.0,0.04,0.042857143,0.0,0,0.075803083,0.666666667,0.088794175,0.473938235
144281,Columbia College Chicago,366112087,166500,,600 South Michigan Ave,Chicago,IL,60605-1996,www.colum.edu/,1382,6529,3,0,132,98,11374497,7981162,86170.43,81440.43,110286.9382,94108.42955,100,523,222,301,0.187380497,0.116634799,0.045889101,0.418604651,0.411214953,0.413333333,0.0,0.028037383,0.02,0.023255814,0.018691589,0.02,0.046511628,0.037383178,0.04,0.666666667,0.100310964,0.075803083,6.333333333,0.952954158,0.473938235
144351,Concordia University-Chicago,362191242,166600,Concordia University Chicago,7400 Augusta,River Forest,IL,60305-1499,www.cuchicago.edu/,1609,5066,4,1,96,135,2382054,4386704,24813.06,32494.1,110286.9382,94108.42955,100,222,72,150,0.103603604,0.135135135,0.013513514,0.513513514,0.75862069,0.461538462,0.0,0.034482759,0.0,0.0,0.068965517,0.0,0.027027027,0.0,0.038461538,0.666666667,0.124517495,0.075803083,1.0,0.186776242,0.473938235
144564,Danville Area Community College,370889813,166900,DACC/Danville Community College/Danville Junior College,2000 E Main St,Danville,IL,61832-5118,www.dacc.edu/,409,2149,1,1,24,32,1592668,2065617,66361.17,64550.53,110286.9382,94108.42955,100,164,70,94,0.115853659,0.048780488,0.006097561,0.571428571,0.0,0.625,0.0,0.0,0.03125,0.0,0.0,0.03125,0.0,0.0,0.0,0.0,0,0.075803083,0.666666667,0.346500347,0.473938235
144740,DePaul University,362167048,167100,,1 E Jackson Blvd,Chicago,IL,60604,https://www.depaul.edu/,5743,21348,4,0,454,409,52326187,40062902,115255.92,97953.31,110286.9382,94108.42955,100,1454,589,865,0.119669876,0.151994498,0.054332875,0.385964912,0.482539683,0.435992579,0.021929825,0.031746032,0.027829314,0.030701754,0.044444444,0.037105751,0.043859649,0.053968254,0.048237477,0.0,0,0.075803083,5.333333333,0.254976016,0.473938235
144865,College of DuPage,362594972,665600,COD,425 Fawell Blvd.,Glen Ellyn,IL,60137-6599,www.cod.edu/,3014,23216,1,0,117,148,13234702,15842954,113117.11,107046.99,110286.9382,94108.42955,100,892,325,567,0.051569507,0.119955157,0.056053812,0.525862069,0.444444444,0.55513308,0.025862069,0.018518519,0.022813688,0.017241379,0.018518519,0.022813688,0.068965517,0.037037037,0.053231939,1.333333333,0.060774572,0.075803083,0.666666667,0.030387286,0.473938235
144892,Eastern Illinois University,376013590,167400,EIU|E.I.U.|Eastern Illinois,600 Lincoln Avenue,Charleston,IL,61920,https://www.eiu.edu/,2402,8804,1,0,197,188,18156674,15133541,92165.86,80497.56,110286.9382,94108.42955,100,625,299,326,0.0448,0.0224,0.0128,0.44,0.49122807,0.451923077,0.013333333,0.035087719,0.019230769,0.013333333,0.01754386,0.014423077,0.04,0.035087719,0.038461538,0.0,0,0.075803083,3.333333333,0.376350156,0.473938235
144944,Elgin Community College,362600170,167500,ECC,1700 Spartan Drive,Elgin,IL,60123-7193,www.elgin.edu/,1703,9614,1,1,74,70,7593674,7167167,102617.22,102388.1,110286.9382,94108.42955,100,542,216,326,0.081180812,0.254612546,0.062730627,0.483333333,0.428571429,0.490384615,0.016666667,0.035714286,0.019230769,0.066666667,0.035714286,0.067307692,0.033333333,0.0,0.028846154,0.0,0,0.075803083,0.333333333,0.037411149,0.473938235
144962,Elmhurst University,362169145,167600,,190 Prospect Ave,Elmhurst,IL,60126-3296,www.elmhurst.edu/,1065,3906,4,0,66,102,5242046,8031359,79424.94,78738.81,110286.9382,94108.42955,100,293,121,172,0.098976109,0.129692833,0.044368601,0.595744681,0.621621622,0.631578947,0.021276596,0.054054054,0.013157895,0.042553191,0.0,0.026315789,0.021276596,0.0,0.013157895,0.0,0,0.075803083,4.333333333,1.161440186,0.473938235
144971,Eureka College,370673484,167800,EC,300 E. College Avenue,Eureka,IL,61530,www.eureka.edu/,119,527,4,0,14,18,740194,892944,52871.0,49608.0,110286.9382,94108.42955,100,86,41,45,0.069767442,0.0,0.011627907,0.333333333,0.625,0.529411765,0.0,0.0,0.0,0.0,0.0625,0.058823529,0.0,0.0625,0.058823529,0.0,0,0.075803083,2.333333333,4.174120453,0.473938235
145275,Garrett-Evangelical Theological Seminary,362167085,168200,,2121 Sheridan Road,Evanston,IL,60201-3298,www.garrett.edu/,57,299,4,0,14,11,1179457,1167002,84246.93,106091.09,110286.9382,94108.42955,100,45,14,31,0.111111111,0.133333333,0.133333333,0.454545455,0.454545455,0.533333333,0.181818182,0.0,0.133333333,0.090909091,0.090909091,0.066666667,0.090909091,0.090909091,0.133333333,0.0,0,0.075803083,0.0,0,0.473938235
145336,Governors State University,362684803,914500,GSU,1 University Pky,University Park,IL,60484,www.govst.edu/,1239,4337,1,1,102,138,9803339,11965280,96111.17,86704.93,110286.9382,94108.42955,100,520,156,364,0.378846154,0.092307692,0.026923077,0.425,0.575757576,0.528846154,0.05,0.121212121,0.096153846,0.0,0.045454545,0.028846154,0.1,0.060606061,0.076923077,0.0,0,0.075803083,1.0,0.225886605,0.473938235
145372,Greenville University,370681530,168400,,315 E. College Ave.,Greenville,IL,62246,www.greenville.edu/,290,1053,4,0,30,20,1905439,1064537,63514.63,53226.85,110286.9382,94108.42955,100,141,68,73,0.078014184,0.035460993,0.007092199,0.166666667,0.384615385,0.277777778,0.0,0.0,0.0,0.0,0.0,0.0,0.0,0.0,0.0,0.666666667,0.612745098,0.075803083,0.333333333,0.306372549,0.473938235
145521,Highland Community College,362616076,168100,,2998 W Pearl City Rd,Freeport,IL,61032-9341,www.highland.edu/,452,1369,1,1,23,22,2275731,2033139,98944.83,92415.41,110286.9382,94108.42955,100,141,58,83,0.078014184,0.035460993,0.028368794,0.0,0.0,0.463414634,0.0,0.0,0.0,0.0,0.0,0.024390244,0.0,0.0,0.024390244,0.0,0,0.075803083,1.333333333,1.126126126,0.473938235
145558,Rosalind Franklin University of Medicine and Science,362181973,165900,RFUMS,3333 Green Bay Road,North Chicago,IL,60064-3095,www.rosalindfranklin.edu/,577,1949,3,0,48,64,7015952,8781108,146165.67,137204.81,110286.9382,94108.42955,100,565,216,349,0.097345133,0.113274336,0.169911504,0.3125,0.433333333,0.315789474,0.0,0.033333333,0.0,0.0,0.016666667,0.0,0.0,0.1,0.026315789,0.0,0,0.075803083,1.333333333,0.687285223,0.473938235
145600,University of Illinois Chicago,376000511,177600,UIC|U of I-Chicago|Illinois-Chicago|U of I-Medical Center|University of Illinois-Medical Center|,601 S Morgan,Chicago,IL,60607,www.uic.edu/,8962,33522,1,1,893,956,130150490,123566969,145745.23,129254.15,110286.9382,94108.42955,100,10760,3170,7590,0.214591078,0.194144981,0.162732342,0.377567141,0.5,0.392592593,0.017377567,0.040192926,0.024338624,0.02685624,0.057877814,0.04021164,0.061611374,0.109324759,0.075132275,0.666666667,0.019754842,0.075803083,37.0,1.096393754,0.473938235
145619,Benedictine University,362722198,176700,,5700 College Rd,Lisle,IL,60532-0900,https://ben.edu/,1325,2989,4,0,55,44,4675958,3585755,85017.42,81494.43,110286.9382,94108.42955,100,229,102,127,0.100436681,0.113537118,0.056768559,0.414634146,0.472222222,0.441176471,0.024390244,0.0,0.014705882,0.0,0.027777778,0.0,0.048780488,0.055555556,0.058823529,2.0,0.640409862,0.075803083,2.333333333,0.747144839,0.473938235
145628,Illinois College of Optometry,362310478,168900,,3241 S Michigan Ave,Chicago,IL,60616-3878,www.ico.edu/,117,483,3,0,10,37,1494417,4558328,149441.7,123198.05,110286.9382,94108.42955,100,143,60,83,0.223776224,0.286713287,0.06993007,0.8,0.739130435,0.75,0.0,0.0,0.0,0.0,0.043478261,0.035714286,0.2,0.086956522,0.107142857,0.0,0,0.075803083,0.0,0,0.473938235
145637,University of Illinois Urbana-Champaign,376000511,177500,Illinois|Illinios|Ilinois|Ilinios|Urbana|Champaign|Champagne|Champaign-Urbana|Champagne-Urbana|Urbana-Champaign|Urbana-Champagne|University of Illinois at Urbana|University of Illinois at Champaign|University of Illinois at Champagne|University of Illinois at Champaign-Urbana|University of Illinois at Champagne-Urbana|UIUC|UICU|University of Illinois at UC|University of Illinois at CU,601 E John Street,Champaign,IL,61820-5711,www.illinois.edu/,16497,56563,1,1,1427,1060,198193092,124039158,138887.94,117018.07,110286.9382,94108.42955,100,9301,3949,5352,0.091280507,0.041608429,0.053435115,0.29704142,0.449744463,0.336990596,0.024852071,0.023850085,0.022727273,0.027218935,0.032367973,0.029780564,0.039053254,0.091993186,0.062695925,3.333333333,0.05856584,0.075803083,54.33333333,0.954623187,0.473938235
145646,Illinois Wesleyan University,370662594,169600,IWU|Wesleyan,1312 N Park St,Bloomington,IL,61702-2900,www.iwu.edu/,347,1576,3,0,60,48,4907933,3589170,81798.88,74774.38,110286.9382,94108.42955,100,277,118,159,0.057761733,0.083032491,0.007220217,0.212121212,0.578947368,0.4,0.0,0.026315789,0.014285714,0.060606061,0.0,0.028571429,0.03030303,0.0,0.014285714,0.0,0,0.075803083,1.0,0.654878847,0.473938235
145682,Illinois Central College,370892531,675300,ICC,1 College Drive,East Peoria,IL,61635-0001,icc.edu/,1191,7578,1,1,71,87,5645969,6724198,79520.69,77289.63,110286.9382,94108.42955,100,469,184,285,0.142857143,0.017057569,0.012793177,0.54,0.416666667,0.488549618,0.02,0.0,0.015267176,0.01,0.0,0.007633588,0.03,0.083333333,0.030534351,0.666666667,0.094643195,0.075803083,1.666666667,0.236607988,0.473938235
145691,Illinois College,370661211,168800,,1101 West College Ave,Jacksonville,IL,62650-2299,www.ic.edu/,283,958,4,0,37,36,2617855,2428499,70752.84,67458.31,110286.9382,94108.42955,100,184,81,103,0.032608696,0.027173913,0.0,0.428571429,0.333333333,0.416666667,0.0,0.0,0.0,0.047619048,0.055555556,0.055555556,0.0,0.111111111,0.055555556,0.0,0,0.075803083,2.0,1.943634597,0.473938235
145707,Olney Central College,370906196,174200,Olney Central College,305 N West Street,Olney,IL,62450,https://www.iecc.edu/occ,372,880,1,1,14,26,880329,1648939,62880.64,63420.73,110286.9382,94108.42955,100,52,21,31,0.0,0.0,0.0,0.5,0.8,0.583333333,0.0,0.0,0.0,0.0,0.0,0.0,0.0,0.0,0.0,0.0,0,0.075803083,0.0,0,0.473938235
145725,Illinois Institute of Technology,362170136,169100,Illinois Tech,10 West 35th Street,Chicago,IL,60616,https://www.iit.edu/,1927,8563,3,0,253,106,34427756,12755214,136078.09,120332.21,110286.9382,94108.42955,100,731,342,389,0.151846785,0.071135431,0.053351573,0.201680672,0.287671233,0.229946524,0.008403361,0.0,0.005347594,0.008403361,0.01369863,0.010695187,0.050420168,0.095890411,0.069518717,0.0,0,0.075803083,2.666666667,0.384079889,0.473938235
145813,Illinois State University,376014070,169200,,North and School Streets,Normal,IL,61790-1000,illinoisstate.edu/,5281,20989,1,1,423,484,36611693,36110845,86552.47,74609.18,110286.9382,94108.42955,100,2186,921,1265,0.08600183,0.049862763,0.020585544,0.40077821,0.520547945,0.456842105,0.011673152,0.01369863,0.012631579,0.003891051,0.00456621,0.004210526,0.050583658,0.050228311,0.050526316,0.0,0,0.075803083,8.333333333,0.40290738,0.473938235
145831,Illinois Valley Community College,362614257,170500,IVCC,815 N Orlando Smith Road,Oglesby,IL,61348-9692,https://www.ivcc.edu/,687,2594,1,1,32,39,2700464,2918097,84389.5,74823.0,110286.9382,94108.42955,100,207,75,132,0.004830918,0.057971014,0.0,0.0,0.0,0.535714286,0.0,0.0,0.0,0.0,0.0,0.0,0.0,0.0,0.0,0.0,0,0.075803083,0.0,0,0.473938235
146205,John A Logan College,370905504,807600,,700 Logan College Drive,Carterville,IL,62918-2500,https://www.jalc.edu/,699,3120,1,0,29,36,2079970,2735741,71723.1,75992.81,110286.9382,94108.42955,100,229,87,142,0.061135371,0.004366812,0.008733624,0.666666667,0.5,0.557692308,0.047619048,0.0,0.038461538,0.047619048,0.0,0.019230769,0.0,0.0,0.038461538,0.0,0,0.075803083,0.0,0,0.473938235
146278,John Wood Community College,421027794,1281300,,1301 S 48th Street,Quincy,IL,62305-8736,www.jwcc.edu/,430,1866,1,0,22,18,1428730,1081716,64942.27,60095.33,110286.9382,94108.42955,100,146,52,94,0.006849315,0.006849315,0.006849315,0.4,0.0,0.333333333,0.0,0.0,0.0,0.0,0.0,0.0,0.0,0.0,0.0,0.0,0,0.075803083,0.0,0,0.473938235
146296,Joliet Junior College,362638684,169900,,1215 Houbolt Rd,Joliet,IL,60431-8938,www.jjc.edu/,1787,9863,1,1,93,113,10489812,12593908,112793.68,111450.51,110286.9382,94108.42955,100,647,245,402,0.092735703,0.14064915,0.013910355,0.535211268,0.607142857,0.534161491,0.028169014,0.035714286,0.02484472,0.035211268,0.0,0.037267081,0.014084507,0.035714286,0.02484472,0.0,0,0.075803083,0.0,0,0.473938235
146339,Judson University,362515868,170000,,1151 N State St,Elgin,IL,60123-1498,www.judsonu.edu/,283,1058,4,0,28,19,1705411,1337470,60907.54,70393.16,110286.9382,94108.42955,100,127,63,64,0.133858268,0.173228346,0.015748031,0.315789474,0.5,0.333333333,0.052631579,0.071428571,0.0,0.0,0.0,0.0,0.052631579,0.0,0.0,0.0,0,0.075803083,1.333333333,1.370332306,0.473938235
146348,Kankakee Community College,362612340,769000,,100 College Drive,Kankakee,IL,60901,https://www.kcc.edu/,418,2404,1,0,21,38,1581876,2684455,75327.43,70643.55,110286.9382,94108.42955,100,189,81,108,0.142857143,0.074074074,0.010582011,0.630434783,0.0,0.630434783,0.043478261,0.0,0.043478261,0.02173913,0.0,0.02173913,0.0,0.0,0.0,0.0,0,0.075803083,0.0,0,0.473938235
146366,Kaskaskia College,370892167,170100,,27210 College Rd,Centralia,IL,62801,https://www.kaskaskia.edu/,780,3447,1,1,33,35,2926999,2782436,88696.94,79498.17,110286.9382,94108.42955,100,175,61,114,0.028571429,0.011428571,0.005714286,0.545454545,0.333333333,0.466666667,0.0,0.0,0.0,0.0,0.0,0.0,0.0,0.0,0.0,0.0,0,0.075803083,0.0,0,0.473938235
146418,Kishwaukee College,362610920,768400,,21193 Malta Rd,Malta,IL,60150-9699,www.kish.edu/,572,2807,1,1,23,32,1620769,2202641,70468.22,68832.53,110286.9382,94108.42955,100,179,70,109,0.05027933,0.083798883,0.005586592,0.0,0.0,0.531914894,0.0,0.0,0.021276596,0.0,0.0,0.0,0.0,0.0,0.0,0.0,0,0.075803083,0.333333333,0.129148909,0.473938235
146427,Knox College,370673513,170400,,2 E South St,Galesburg,IL,61401,https://www.knox.edu/,243,1001,3,0,61,50,4129803,3286240,67701.69,65724.8,110286.9382,94108.42955,100,299,133,166,0.076923077,0.053511706,0.006688963,0.386666667,0.5,0.402985075,0.026666667,0.0,0.014925373,0.013333333,0.0,0.014925373,0.013333333,0.0,0.014925373,0.0,0,0.075803083,4.0,3.780718336,0.473938235
146472,College of Lake County,362648760,769400,,19351 W Washington St.,Grayslake,IL,60030-1198,www.clcillinois.edu/,3407,12290,1,1,102,114,11434271,12927972,112100.7,113403.26,110286.9382,94108.42955,100,629,244,385,0.095389507,0.236883943,0.054054054,0.0,0.0,0.552795031,0.0,0.0,0.037267081,0.0,0.0,0.037267081,0.0,0.0,0.049689441,1.333333333,0.11443939,0.075803083,0.666666667,0.057219695,0.473938235
146481,Lake Forest College,362167770,170600,,555 N Sheridan Road,Lake Forest,IL,60045-2338,www.lakeforest.edu/,379,1818,3,0,52,60,4321915,4685276,83113.75,78087.93,110286.9382,94108.42955,100,242,100,142,0.078512397,0.099173554,0.045454545,0.333333333,0.514285714,0.435483871,0.0,0.028571429,0.016129032,0.0,0.057142857,0.032258065,0.0,0.057142857,0.032258065,4.666666667,2.662103061,0.075803083,1.0,0.570450656,0.473938235
146506,Lake Land College,370896233,764400,,5001 Lake Land Blvd,Mattoon,IL,61938,www.lakelandcollege.edu/,2110,3699,1,0,91,75,5372961,4411101,59043.53,58814.68,110286.9382,94108.42955,100,390,144,246,0.033333333,0.020512821,0.007692308,0.0,0.0,0.532467532,0.0,0.0,0.0,0.0,0.0,0.0,0.0,0.0,0.012987013,0.0,0,0.075803083,0.0,0,0.473938235
146603,Lewis and Clark Community College,370919339,1002000,,5800 Godfrey Rd,Godfrey,IL,62035,www.lc.edu/,957,4196,1,0,37,51,3162732,4252335,85479.24,83379.12,110286.9382,94108.42955,100,287,103,184,0.080139373,0.024390244,0.010452962,0.595238095,0.625,0.554054054,0.023809524,0.083333333,0.027027027,0.0,0.041666667,0.0,0.0,0.041666667,0.013513514,0.0,0,0.075803083,0.666666667,0.167799312,0.473938235
146612,Lewis University,362167773,170700,Lewis College  Lewis College of Science and Technology  Lewis School of Aeronautics  Lewis Holy Name School of Aeronautics  Lewis Holy Name Technical School  Holy Name Technical School,One University Parkway,Romeoville,IL,60446-2200,www.lewisu.edu/,2162,6636,4,0,111,129,10490233,11232872,94506.6,87076.53,110286.9382,94108.42955,100,400,161,239,0.05,0.1125,0.03,0.466666667,0.586206897,0.52173913,0.016666667,0.051724138,0.02173913,0.033333333,0.034482759,0.032608696,0.033333333,0.051724138,0.054347826,2.666666667,0.409437535,0.075803083,2.666666667,0.409437535,0.473938235
146685,Lincoln Land Community College,370900960,717000,LLCC | Lincoln Land,5250 Shepherd Rd,Springfield,IL,62794-9256,www.llcc.edu/,1439,5238,1,1,54,66,5093792,5861325,94329.48,88807.95,110286.9382,94108.42955,100,304,124,180,0.059210526,0.036184211,0.016447368,0.5,1.0,0.538461538,0.028571429,0.0,0.021978022,0.014285714,0.0,0.010989011,0.014285714,0.0,0.010989011,0.0,0,0.075803083,0.666666667,0.150015002,0.473938235
146719,Loyola University Chicago,361408475,171000,,1032 W. Sheridan Rd,Chicago,IL,60660,https://www.luc.edu/,5130,17397,4,0,428,470,47872930,48345333,111852.64,102862.41,110286.9382,94108.42955,100,2100,804,1296,0.132857143,0.132380952,0.069047619,0.417721519,0.468,0.411027569,0.016877637,0.036,0.01754386,0.016877637,0.036,0.027568922,0.029535865,0.044,0.032581454,0.0,0,0.075803083,5.666666667,0.335325562,0.473938235
147004,McHenry County College,362640702,769100,"MCC, McHenry, McHenrey",8900 US Hwy 14,Crystal Lake,IL,60012-2761,www.mchenry.edu/,1206,9051,1,1,36,54,3881388,5454261,107816.33,101004.83,110286.9382,94108.42955,100,311,99,212,0.01607717,0.128617363,0.038585209,0.0,0.0,0.597222222,0.0,0.0,0.013888889,0.0,0.0,0.0,0.0,0.0,0.041666667,0.0,0,0.075803083,0.0,0,0.473938235
147013,McKendree University,370661219,172200,,701 College Rd,Lebanon,IL,62254-1291,https://www.mckendree.edu/,506,2075,4,0,27,40,1859156,2521697,68857.63,63042.42,110286.9382,94108.42955,100,173,94,79,0.121387283,0.052023121,0.005780347,0.636363636,0.4375,0.578947368,0.0,0.0,0.0,0.045454545,0.0,0.026315789,0.0,0.0,0.0,1.333333333,0.680272109,0.075803083,0.666666667,0.340136054,0.473938235
147129,Methodist College,370661223,622800,,7600 N. Academic Drive,Peoria,IL,61615,www.methodistcol.edu/,169,391,3,0,0,22,0,1367681,,62167.32,110286.9382,94108.42955,100,45,18,27,0.111111111,0.111111111,0.022222222,1.0,1.0,0.0,0.0,0.0,0.0,0.0,0.0,0.0,0.0,0.0,0.0,0.0,0,0.075803083,0.0,0,0.473938235
147244,Millikin University,370706154,172400,,1184 W Main St,Decatur,IL,62522-2084,https://millikin.edu/,443,1659,3,0,57,59,3798480,3757060,66640.0,63678.98,110286.9382,94108.42955,100,193,82,111,0.093264249,0.020725389,0.0,0.32,0.529411765,0.438596491,0.0,0.0,0.0,0.0,0.0,0.0,0.04,0.0,0.01754386,0.0,0,0.075803083,2.333333333,1.291274673,0.473938235
147341,Monmouth College,370661228,172500,,700 E Broadway,Monmouth,IL,61462-1998,www.monmouthcollege.edu/,183,727,4,0,38,27,2326716,1674098,61229.37,62003.63,110286.9382,94108.42955,100,123,56,67,0.024390244,0.040650407,0.0,0.444444444,0.285714286,0.387096774,0.0,0.0,0.0,0.0,0.0,0.0,0.0,0.0,0.0,0.0,0,0.075803083,2.666666667,3.476749239,0.473938235
147369,Moody Bible Institute,362167792,172700,Moody Theological Seminary and Graduate School; Moody Theological Seminary and Graduate School--Michigan; Moody Bible Institute Aviation--Spokane,820 N LaSalle Blvd,Chicago,IL,60610-3284,https://www.moody.edu/,592,2216,4,0,50,20,4149936,1544125,82998.72,77206.25,110286.9382,94108.42955,100,638,358,280,0.10031348,0.095611285,0.068965517,0.1875,0.411764706,0.0,0.0,0.117647059,0.0,0.03125,0.0,0.0,0.0,0.0,0.0,0.0,0,0.075803083,3.666666667,1.521438451,0.473938235
147378,Moraine Valley Community College,362614971,769200,MVCC/Moraine/Moraine Valley/Moraine Valley CC,9000 W. College Parkway,Palos Hills,IL,60465-0937,www.morainevalley.edu/,2606,11144,1,1,74,108,6534033,9051827,88297.74,83813.21,110286.9382,94108.42955,100,588,179,409,0.141156463,0.132653061,0.023809524,0.582278481,0.5,0.579881657,0.025316456,0.047619048,0.053254438,0.012658228,0.0,0.01183432,0.012658228,0.023809524,0.017751479,2.0,0.190276853,0.075803083,0.666666667,0.063425618,0.473938235
147411,Morton College,362615274,172800,,3801 S Central Ave,Cicero,IL,60804-4398,www.morton.edu/,561,3653,1,1,32,35,2673324,2732086,83541.38,78059.6,110286.9382,94108.42955,100,190,70,120,0.036842105,0.415789474,0.005263158,0.0,0.0,0.5,0.0,0.0,0.034482759,0.0,0.0,0.034482759,0.0,0.0,0.0,0.0,0,0.075803083,2.333333333,0.621724842,0.473938235
147536,National Louis University,362167804,173300,,122 S Michigan Ave,Chicago,IL,60603,www.nl.edu/,2095,8270,3,0,58,140,4265041,10029318,73535.19,71637.99,110286.9382,94108.42955,100,543,152,391,0.149171271,0.228360958,0.044198895,0.666666667,0.709090909,0.627906977,0.055555556,0.090909091,0.023255814,0.0,0.036363636,0.023255814,0.055555556,0.072727273,0.11627907,0.0,0,0.075803083,1.333333333,0.177187154,0.473938235
147590,National University of Health Sciences,361521940,173200,National College of Chiropractic,200 E Roosevelt Rd,Lombard,IL,60148-4583,https://www.nuhs.edu/,122,513,3,0,27,24,1864794,1533324,69066.44,63888.5,110286.9382,94108.42955,100,96,30,66,0.083333333,0.145833333,0.03125,0.363636364,0.333333333,0.333333333,0.0,0.0,0.0,0.0,0.166666667,0.0,0.0,0.0,0.0,0.0,0,0.075803083,0.333333333,0.669344043,0.473938235
147660,North Central College,362169157,173400,NCC|North Central|Cardinals|North Central University|University of Naperville|Naperville University,30 N Brainard St,Naperville,IL,60540,northcentralcollege.edu/,707,2856,4,0,71,108,6504053,9057363,91606.38,83864.47,110286.9382,94108.42955,100,343,138,205,0.084548105,0.04664723,0.032069971,0.351851852,0.727272727,0.494382022,0.0,0.036363636,0.011235955,0.0,0.018181818,0.011235955,0.0,0.090909091,0.056179775,0.0,0,0.075803083,3.666666667,1.360544218,0.473938235
147679,North Park University,361557840,173500,,3225 W Foster Ave,Chicago,IL,60625-4895,www.northpark.edu/,634,2624,4,0,46,61,3578364,4478376,77790.52,73416.0,110286.9382,94108.42955,100,289,131,158,0.089965398,0.176470588,0.069204152,0.386363636,0.6,0.395833333,0.022727273,0.066666667,0.041666667,0.0,0.0,0.0,0.045454545,0.033333333,0.020833333,0.0,0,0.075803083,2.0,0.751879699,0.473938235
147703,Northern Illinois University,366008480,173700,,1425 W. Lincoln Hwy.,Dekalb,IL,60115-2828,www.niu.edu/,4002,15504,1,1,397,423,41718798,39661648,105085.13,93762.76,110286.9382,94108.42955,100,1876,770,1106,0.099680171,0.074093817,0.033049041,0.381974249,0.508474576,0.442516269,0.004291845,0.021186441,0.015184382,0.012875536,0.008474576,0.010845987,0.081545064,0.101694915,0.093275488,1.333333333,0.085202462,0.075803083,28.66666667,1.831852941,0.473938235
147767,Northwestern University,362167817,173900,,633 Clark St,Evanston,IL,60208,www.northwestern.edu/,8516,23203,3,0,899,650,177356188,97343990,197281.63,149759.98,110286.9382,94108.42955,100,8565,3324,5241,0.093403386,0.096205487,0.107530648,0.337723424,0.5,0.326395459,0.017873942,0.04340836,0.025543992,0.019755409,0.051446945,0.02743614,0.045155221,0.073954984,0.038789026,4.666666667,0.201488134,0.075803083,9.0,0.388584258,0.473938235
147776,Northeastern Illinois University,366009515,169300,,5500 N Saint Louis Ave,Chicago,IL,60625-4699,www.neiu.edu/,1561,5504,1,1,115,135,10038238,10636175,87289.03,78786.48,110286.9382,94108.42955,100,490,203,287,0.146938776,0.271428571,0.12244898,0.509090909,0.5,0.525,0.072727273,0.044444444,0.066666667,0.054545455,0.044444444,0.066666667,0.072727273,0.077777778,0.075,0.0,0,0.075803083,1.333333333,0.231642344,0.473938235
147800,Oakton College,362681999,989600,,1600 E Golf Rd.,Des Plaines,IL,60016-1268,www.oakton.edu/,1601,7032,1,1,57,84,5423171,7628421,95143.35,90814.54,110286.9382,94108.42955,100,449,185,264,0.095768374,0.118040089,0.08908686,0.54,0.791666667,0.614035088,0.06,0.125,0.078947368,0.02,0.041666667,0.035087719,0.04,0.125,0.070175439,0.0,0,0.075803083,0.0,0,0.473938235
147828,Olivet Nazarene University,362191252,174100,,One University Avenue,Bourbonnais,IL,60914-2271,https://www.olivet.edu/,930,3275,4,0,63,48,4368431,3077761,69340.17,64120.02,110286.9382,94108.42955,100,409,193,216,0.04400978,0.014669927,0.024449878,0.279069767,0.486486486,0.0,0.023255814,0.027027027,0.0,0.0,0.0,0.0,0.0,0.0,0.0,0.0,0,0.075803083,2.666666667,0.819252432,0.473938235
147916,Parkland College,370892090,711800,,2400 W Bradley Ave,Champaign,IL,61821-1899,https://www.parkland.edu/,1215,6018,1,1,71,74,5667078,6176192,79818.0,83462.05,110286.9382,94108.42955,100,316,148,168,0.14556962,0.03164557,0.025316456,0.517857143,0.634615385,0.5625,0.017857143,0.038461538,0.026785714,0.017857143,0.0,0.008928571,0.035714286,0.0,0.017857143,0.666666667,0.11724704,0.075803083,0.666666667,0.11724704,0.473938235
148007,Prairie State College,362603931,164000,,202 South Halsted Street,Chicago Heights,IL,60411-8226,prairiestate.edu/,629,3045,1,0,29,51,2539581,3967037,87571.76,77785.04,110286.9382,94108.42955,100,365,134,231,0.490410959,0.136986301,0.01369863,0.538461538,0.666666667,0.590909091,0.076923077,0.185185185,0.121212121,0.025641026,0.037037037,0.03030303,0.0,0.074074074,0.03030303,0.0,0,0.075803083,0.0,0,0.473938235
148131,Quincy University,370661231,174500,,1800 College Ave,Quincy,IL,62301-2699,https://www.quincy.edu/,244,1280,4,0,34,19,1927543,1117718,56692.44,58827.26,110286.9382,94108.42955,100,138,65,73,0.050724638,0.014492754,0.014492754,0.176470588,0.4,0.25,0.0,0.0,0.0,0.0,0.0,0.0,0.058823529,0.0,0.041666667,0.0,0,0.075803083,0.666666667,0.510073961,0.473938235
148256,Rend Lake College,370899219,711900,,468 N Ken Gray Pkwy,Ina,IL,62846,www.rlc.edu/,833,1871,1,1,22,21,1619985,1640012,73635.68,78095.81,110286.9382,94108.42955,100,201,83,118,0.029850746,0.004975124,0.0,0.56,0.384615385,0.512820513,0.0,0.0,0.0,0.0,0.0,0.0,0.0,0.0,0.0,0.0,0,0.075803083,0.0,0,0.473938235
148292,Richland Community College,370953403,1087900,,One College Park,Decatur,IL,62521-8513,https://www.richland.edu/,603,2214,1,0,22,25,1536746,1721613,69852.09,68864.52,110286.9382,94108.42955,100,157,69,88,0.133757962,0.025477707,0.006369427,0.6875,0.363636364,0.575757576,0.0625,0.0,0.03030303,0.0,0.0,0.0,0.0,0.0,0.0,0.0,0,0.075803083,1.0,0.481927711,0.473938235
148380,Rock Valley College,362557781,174700,,3301 N Mulford Rd,Rockford,IL,61114-5699,www.rockvalleycollege.edu/,1190,5480,1,0,57,60,3884201,4119812,68143.88,68663.53,110286.9382,94108.42955,100,321,117,204,0.112149533,0.109034268,0.012461059,0.536585366,0.448979592,0.543209877,0.024390244,0.020408163,0.012345679,0.0,0.020408163,0.012345679,0.024390244,0.0,0.012345679,0.0,0,0.075803083,0.0,0,0.473938235
148405,Rockford University,362167842,174800,Rockford University,5050 E State St,Rockford,IL,61108-2311,www.rockford.edu/,306,1249,3,0,30,44,1842989,2485862,61432.97,56496.86,110286.9382,94108.42955,100,101,40,61,0.04950495,0.059405941,0.02970297,0.428571429,0.416666667,0.388888889,0.0,0.0,0.0,0.0,0.0,0.0,0.071428571,0.0,0.027777778,0.0,0,0.075803083,1.333333333,1.128986734,0.473938235
148487,Roosevelt University,362167854,174900,,430 S Michigan Ave,Chicago,IL,60605-1394,www.roosevelt.edu/,1232,4015,3,0,79,76,6851916,5796016,86733.11,76263.37,110286.9382,94108.42955,100,352,160,192,0.153409091,0.119318182,0.028409091,0.368421053,0.441860465,0.407894737,0.052631579,0.046511628,0.039473684,0.026315789,0.0,0.013157895,0.026315789,0.093023256,0.065789474,0.0,0,0.075803083,0.666666667,0.178970917,0.473938235
148496,Dominican University,362167855,175000,Dominican,7900 W Division Street,River Forest,IL,60305,https://www.dom.edu/,807,3424,4,1,58,85,4787268,6300997,82539.1,74129.38,110286.9382,94108.42955,100,348,124,224,0.086206897,0.235632184,0.045977011,0.574074074,0.558823529,0.552941176,0.037037037,0.0,0.023529412,0.0,0.117647059,0.035294118,0.055555556,0.058823529,0.047058824,0.0,0,0.075803083,4.0,1.251564456,0.473938235
148511,Rush University,362174823,980000,Rush University Medical Center,600 S. Paulina St. STE 440,Chicago,IL,60612,www.rushu.rush.edu/,931,2782,3,0,64,177,16238373,21021470,253724.58,118765.37,110286.9382,94108.42955,100,333,81,252,0.231231231,0.144144144,0.078078078,0.374269006,0.530701754,0.463659148,0.046783626,0.030701754,0.037593985,0.005847953,0.030701754,0.020050125,0.076023392,0.153508772,0.120300752,0.666666667,0.232288037,0.075803083,7.333333333,2.555168409,0.473938235
148575,Saint Francis Medical Center College of Nursing,370662569,624000,St. Francis Medical Center College of Nursing SFMCCoN,511 NE Greenleaf St,Peoria,IL,61603-3783,www.sfmccon.edu/,139,523,4,0,4,31,251947,2471097,62986.75,79712.81,110286.9382,94108.42955,100,22,6,16,0.136363636,0.0,0.0,1.0,0.666666667,0.0,0.0,0.0,0.0,0.0,0.0,0.0,0.0,0.0,0.0,0.0,0,0.075803083,0.0,0,0.473938235
148584,University of St Francis,362170999,166400,,500 N Wilcox St,Joliet,IL,60435-6188,https://www.stfrancis.edu/,983,3185,4,0,31,52,2448010,3636644,78968.06,69935.46,110286.9382,94108.42955,100,196,90,106,0.081632653,0.091836735,0.015306122,0.347826087,0.6875,0.5,0.043478261,0.0625,0.055555556,0.0,0.0625,0.027777778,0.086956522,0.0,0.055555556,0.0,0,0.075803083,1.333333333,0.404408048,0.473938235
148627,Saint Xavier University,362177133,176800,St. Xavier University   St Xavier University,3700 W 103rd St,Chicago,IL,60655,https://www.sxu.edu/,961,3457,4,0,56,68,4038916,4945084,72123.5,72721.82,110286.9382,94108.42955,100,293,110,183,0.109215017,0.139931741,0.006825939,0.52173913,0.482758621,0.479166667,0.0,0.034482759,0.020833333,0.0,0.0,0.0,0.0,0.034482759,0.020833333,0.0,0,0.075803083,3.0,0.851546977,0.473938235
148654,University of Illinois Springfield,376000511,933300,UIS,One University Plaza,Springfield,IL,62703-5407,www.uis.edu/,1173,4661,1,1,101,93,9279975,7506753,91880.94,80717.77,110286.9382,94108.42955,100,509,206,303,0.064833006,0.027504912,0.011787819,0.41025641,0.466666667,0.447368421,0.025641026,0.013333333,0.01754386,0.0,0.013333333,0.00877193,0.051282051,0.093333333,0.078947368,1.333333333,0.317611561,0.075803083,8.333333333,1.985072257,0.473938235
148672,Sauk Valley Community College,362588599,175200,,173 Illinois Rt 2,Dixon,IL,61021-9112,www.svcc.edu/,483,1433,1,0,21,26,1443633,1671424,68744.43,64285.54,110286.9382,94108.42955,100,124,47,77,0.024193548,0.080645161,0.0,0.470588235,0.727272727,0.526315789,0.0,0.0,0.0,0.0,0.090909091,0.052631579,0.0,0.0,0.0,0.0,0,0.075803083,0.0,0,0.473938235
148821,Shawnee Community College,370903840,769300,,8364 Shawnee College Rd,Ullin,IL,62992,https://shawneecc.edu/,322,1142,1,0,13,14,1003430,1013820,77186.92,72415.71,110286.9382,94108.42955,100,90,29,61,0.2,0.0,0.0,0.0,0.0,0.5,0.0,0.0,0.0,0.0,0.0,0.0,0.0,0.0,0.0,0.0,0,0.075803083,0.0,0,0.473938235
148876,St. Augustine College,363108821,2185400,St. Augustine College,1345 W. Argyle St.,Chicago,IL,60640-3501,www.staugustine.edu/,173,774,3,0,10,5,760516,197919,76051.6,39583.8,110286.9382,94108.42955,100,86,32,54,0.058139535,0.755813953,0.081395349,0.333333333,0.0,0.0,0.0,0.0,0.0,0.066666667,0.0,0.0,0.066666667,0.0,0.0,0.0,0,0.075803083,0.0,0,0.473938235
148885,University of Saint Mary of the Lake,362171077,176500,University of St. Mary of the Lake University,1000 E Maple Ave,Mundelein,IL,60060-1174,https://usml.edu/,56,203,4,0,5,6,465123,518232,93024.6,86372.0,110286.9382,94108.42955,100,123,62,61,0.056910569,0.308943089,0.008130081,0.333333333,0.0,0.0,0.0,0.0,0.0,0.0,0.0,0.0,0.0,0.0,0.0,0.0,0,0.075803083,0.0,0,0.473938235
148937,Southeastern Illinois College,370906582,175700,SIC,3575 College Road,Harrisburg,IL,62946,www.sic.edu/,236,1392,1,1,17,16,1122315,949480,66018.53,59342.5,110286.9382,94108.42955,100,90,31,59,0.033333333,0.044444444,0.0,0.0,0.0,0.391304348,0.0,0.0,0.0,0.0,0.0,0.0,0.0,0.0,0.0,0.0,0,0.075803083,0.333333333,0.241721054,0.473938235
148991,Spoon River College,370895488,164300,SRC|Spoon|Spoon River,23235 North County 22,Canton,IL,61520-8622,www.src.edu/,396,1225,1,0,12,17,825688,978066,68807.33,57533.29,110286.9382,94108.42955,100,108,38,70,0.009259259,0.0,0.009259259,0.0,0.0,0.56,0.0,0.0,0.0,0.0,0.0,0.0,0.0,0.0,0.0,0.0,0,0.075803083,0.0,0,0.473938235
149028,Saint Anthony College of Nursing,362167864,998700,"SACN, St. Anthony College of Nursing",3301 N. Mulford Road,Rockford,IL,61114,https://www.sacn.edu/,110,228,4,0,3,18,278758,1470443,92919.33,81691.28,110286.9382,94108.42955,100,16,1,15,0.125,0.0625,0.0625,0.0,1.0,0.0,0.0,0.0,0.0,0.0,0.0,0.0,0.0,0.0,0.0,0.0,0,0.075803083,0.0,0,0.473938235
149222,Southern Illinois University-Carbondale,376005961,175800,,Lincoln Drive,Carbondale,IL,62901-4512,https://siu.edu/,2879,11359,1,1,400,263,31820983,18119429,79552.46,68895.17,110286.9382,94108.42955,100,3724,1095,2629,0.090494092,0.020139635,0.029269603,0.319248826,0.404929577,0.300911854,0.03286385,0.01056338,0.015197568,0.009389671,0.01056338,0.006079027,0.046948357,0.056338028,0.048632219,1.333333333,0.120044416,0.075803083,16.33333333,1.470544101,0.473938235
149231,Southern Illinois University-Edwardsville,370986220,175900,SIUE,Il State Rte 157,Edwardsville,IL,62026-1259,www.siue.edu/,3280,12045,1,1,278,323,27366117,25538885,98439.27,79067.76,110286.9382,94108.42955,100,1282,430,852,0.168486739,0.03276131,0.017160686,0.424242424,0.424460432,0.411764706,0.005050505,0.014388489,0.009803922,0.015151515,0.021582734,0.016339869,0.065656566,0.086330935,0.078431373,0.0,0,0.075803083,3.0,0.239635754,0.473938235
149365,South Suburban College,362597699,176900,SSC Thornton Junior College|Thornton Community College,15800 South State Street,South Holland,IL,60473-1200,https://www.ssc.edu/,401,3873,1,0,28,38,2408419,2578878,86014.96,67865.21,110286.9382,94108.42955,100,238,96,142,0.521008403,0.096638655,0.012605042,0.0,0.0,0.527272727,0.0,0.0,0.2,0.0,0.0,0.0,0.0,0.0,0.018181818,0.0,0,0.075803083,0.0,0,0.473938235
149505,Trinity Christian College,362387148,177100,,6601 W College Dr,Palos Heights,IL,60463-0929,www.trnty.edu/,219,883,4,0,32,31,2297470,2121904,71795.94,68448.52,110286.9382,94108.42955,100,130,59,71,0.169230769,0.130769231,0.015384615,0.333333333,0.611111111,0.423076923,0.0,0.0,0.0,0.0,0.0,0.0,0.0,0.055555556,0.038461538,0.0,0,0.075803083,0.0,0,0.473938235
149514,Trinity International University-Illinois,362216176,177200,,2065 Half Day Rd,Deerfield,IL,60015-1283,https://www.tiu.edu/,285,852,4,0,20,8,1647575,616570,82378.75,77071.25,110286.9382,94108.42955,100,131,68,63,0.083969466,0.167938931,0.106870229,0.2,0.272727273,0.3,0.0,0.0,0.0,0.0,0.0,0.0,0.0,0.090909091,0.05,0.0,0,0.075803083,1.333333333,1.073537305,0.473938235
149532,Triton College,362537114,177300,,2000 5th Ave,River Grove,IL,60171-1995,www.triton.edu/,1476,9262,1,1,51,52,3906364,3910307,76595.37,75198.21,110286.9382,94108.42955,100,570,229,341,0.154385965,0.319298246,0.038596491,0.0,0.0,0.47826087,0.0,0.0,0.086956522,0.0,0.0,0.028985507,0.0,0.0,0.014492754,0.0,0,0.075803083,1.0,0.116063138,0.473938235
149639,VanderCook College of Music,362539399,177800,,3140 South Federal Street,Chicago,IL,60616-3731,https://www.vandercook.edu/,50,340,3,0,4,5,357981,374974,89495.25,74994.8,110286.9382,94108.42955,100,16,5,11,0.0,0.3125,0.125,0.75,0.5,0.0,0.0,0.0,0.0,0.25,0.0,0.0,0.0,0.25,0.0,0.0,0,0.075803083,0.0,0,0.473938235
149727,Waubonsee Community College,366153030,693100,Waubonsee,Rte 47 at Waubonsee Drive,Sugar Grove,IL,60554-9454,https://www.waubonsee.edu/,1367,8324,1,0,40,48,4389510,5339057,109737.75,111230.35,110286.9382,94108.42955,100,592,249,343,0.050675676,0.219594595,0.021959459,0.615384615,0.52,0.552631579,0.0,0.0,0.0,0.038461538,0.0,0.013157895,0.038461538,0.08,0.052631579,0.0,0,0.075803083,0.666666667,0.088995684,0.473938235
149763,Oak Point University,362182170,2214100,Oak Point,2122 York Road,Oak Brook,IL,60523,https://oakpoint.edu/,208,451,3,0,7,29,761396,2934331,108770.86,101183.83,110286.9382,94108.42955,100,36,11,25,0.361111111,0.111111111,0.083333333,1.0,0.5,0.0,0.0,0.166666667,0.0,0.0,0.0,0.0,0.0,0.0,0.0,0.0,0,0.075803083,0.0,0,0.473938235
149772,Western Illinois University,370910458,178000,,1 University Circle,Macomb,IL,61455,www.wiu.edu/,2014,7073,1,1,236,198,21266547,15758103,90112.49,79586.38,110286.9382,94108.42955,100,748,336,412,0.040106952,0.014705882,0.017379679,0.349753695,0.486111111,0.386029412,0.009852217,0.0,0.007352941,0.0,0.041666667,0.011029412,0.054187192,0.083333333,0.0625,0.0,0,0.075803083,5.666666667,0.741419164,0.473938235
149781,Wheaton College,362182171,178100,,501 College Ave,Wheaton,IL,60187-5593,www.wheaton.edu/,708,2799,4,0,127,66,12062667,5709089,94981.63,86501.35,110286.9382,94108.42955,100,540,223,317,0.068518519,0.025925926,0.094444444,0.25,0.345238095,0.301587302,0.0,0.0,0.0,0.015625,0.0,0.007936508,0.015625,0.05952381,0.031746032,0.0,0,0.075803083,6.666666667,2.310803004,0.473938235
149842,William Rainey Harper College,362582782,396100,Harper College,1200 W Algonquin Rd,Palatine,IL,60067-7398,https://www.harpercollege.edu/index.php,3039,13069,1,1,73,123,7628701,12062803,104502.75,98071.57,110286.9382,94108.42955,100,729,276,453,0.056241427,0.171467764,0.074074074,0.594936709,0.576923077,0.613496933,0.012658228,0.0,0.006134969,0.025316456,0.038461538,0.030674847,0.050632911,0.038461538,0.061349693,0.0,0,0.075803083,0.333333333,0.026808214,0.473938235
150066,Anderson University,350867954,178500,,1100 E 5th St,Anderson,IN,46012-3495,https://anderson.edu/,300,1255,4,0,45,40,2783752,2282317,61861.16,57057.92,110286.9382,94108.42955,100,186,84,102,0.043010753,0.016129032,0.010752688,0.296296296,0.4375,0.307692308,0.037037037,0.0625,0.025641026,0.037037037,0.0,0.025641026,0.0,0.0,0.0,0.0,0,0.075803083,1.0,0.775193798,0.473938235
150136,Ball State University,356000221,178600,BSU|Ball U,2000 W. University Ave,Muncie,IN,47306,https://www.bsu.edu/,5427,20440,1,0,479,489,37704813,34809269,78715.68,71184.6,110286.9382,94108.42955,100,1876,785,1091,0.07196162,0.022921109,0.01652452,0.367231638,0.470852018,0.423857868,0.028248588,0.004484305,0.015228426,0.0,0.01793722,0.010152284,0.050847458,0.058295964,0.055837563,1.333333333,0.067418382,0.075803083,13.0,0.657329221,0.473938235
150145,Bethel University,350935587,178700,,1001 Bethel Circle,Mishawaka,IN,46545-5591,https://betheluniversity.edu/,324,1222,4,0,23,34,1382640,1865760,60114.78,54875.29,110286.9382,94108.42955,100,170,78,92,0.047058824,0.058823529,0.0,0.333333333,0.555555556,0.466666667,0.0,0.0,0.0,0.0,0.0,0.0,0.111111111,0.0,0.033333333,0.0,0,0.075803083,8.333333333,6.4499484,0.473938235
150163,Butler University,350867977,178800,,4600 Sunset Ave,Indianapolis,IN,46208,www.butler.edu/,1423,5763,3,0,177,197,16247720,16947972,91795.03,86030.31,110286.9382,94108.42955,100,891,345,546,0.065095398,0.059483726,0.016835017,0.477876106,0.541666667,0.47027027,0.017699115,0.020833333,0.021621622,0.008849558,0.020833333,0.010810811,0.026548673,0.041666667,0.032432432,1.333333333,0.2413273,0.075803083,11.0,1.990950226,0.473938235
150172,Calumet College of Saint Joseph,351087173,183400,"CCSJ, CAL COLLEGE, CALUMET COLLEGE;  Calumet College of St. Joseph   Calumet College of St Joseph",2400 New York Ave,Whiting,IN,46394,www.ccsj.edu/,191,674,4,0,15,13,943294,701835,62886.27,53987.31,110286.9382,94108.42955,100,86,52,34,0.104651163,0.244186047,0.0,0.333333333,0.333333333,0.333333333,0.0,0.0,0.0,0.0,0.166666667,0.111111111,0.0,0.0,0.0,0.0,0,0.075803083,0.0,0,0.473938235
150288,Concordia Theological Seminary,370673478,2087600,,6600 N Clinton St,Fort Wayne,IN,46825-4996,https://ctsfw.edu/,70,296,4,0,20,1,1618913,72101,80945.65,72101.0,110286.9382,94108.42955,100,87,49,38,0.034482759,0.08045977,0.0,0.0,0.0,0.0,0.0,0.0,0.0,0.0,0.0,0.0,0.0,0.0,0.0,0.0,0,0.075803083,0.0,0,0.473938235
150400,DePauw University,350869045,179200,DePauw,313 S Locust St,Greencastle,IN,46135-1772,www.depauw.edu/,345,1819,3,0,94,81,8778095,7241587,93383.99,89402.31,110286.9382,94108.42955,100,347,124,223,0.066282421,0.031700288,0.014409222,0.447058824,0.512195122,0.465517241,0.011764706,0.048780488,0.025862069,0.023529412,0.0,0.025862069,0.082352941,0.097560976,0.094827586,4.666666667,2.663622527,0.075803083,3.666666667,2.092846271,0.473938235
150455,Earlham College,350868073,179300,Earlham,801 National Rd West,Richmond,IN,47374-4095,https://earlham.edu/,164,696,4,0,49,53,3885490,3748205,79295.71,70720.85,110286.9382,94108.42955,100,246,96,150,0.077235772,0.024390244,0.016260163,0.34375,0.5,0.44,0.0,0.0,0.0,0.03125,0.045454545,0.04,0.0,0.0,0.0,0.0,0,0.075803083,0.666666667,0.984736583,0.473938235
150534,University of Evansville,350868074,179500,UE | Aces | Evansville | Purple Aces,1800 Lincoln Avenue,Evansville,IN,47722,https://www.evansville.edu/,485,2109,4,0,73,75,6239490,5813240,85472.47,77509.87,110286.9382,94108.42955,100,283,105,178,0.049469965,0.028268551,0.007067138,0.256410256,0.631578947,0.44,0.0,0.026315789,0.013333333,0.0,0.052631579,0.026666667,0.0,0.078947368,0.04,0.0,0,0.075803083,1.333333333,0.661047761,0.473938235
150604,Franklin College,350868086,179800,Franklin College of Indiana,101 Branigin Blvd,Franklin,IN,46131-2623,www.franklincollege.edu/,198,966,4,0,36,36,2262025,2335406,62834.03,64872.39,110286.9382,94108.42955,100,169,80,89,0.029585799,0.023668639,0.01183432,0.409090909,0.363636364,0.393939394,0.0,0.0,0.0,0.0,0.090909091,0.03030303,0.0,0.0,0.0,0.0,0,0.075803083,2.0,2.085505735,0.473938235
150668,Goshen College,352158366,179900,,1700 S Main St,Goshen,IN,46526-4794,www.goshen.edu/,174,824,4,1,26,39,1727914,2460859,66458.23,63098.95,110286.9382,94108.42955,100,212,102,110,0.051886792,0.103773585,0.009433962,0.551724138,0.4375,0.62962963,0.034482759,0.0,0.037037037,0.034482759,0.0,0.074074074,0.0,0.0,0.0,1.333333333,1.736111111,0.075803083,0.0,0,0.473938235
150677,Grace College and Theological Seminary,350868095,180000,,1 Lancer Way,Winona Lake,IN,46590-1274,www.grace.edu/,473,2271,4,0,32,22,2401958,1434802,75061.19,65218.27,110286.9382,94108.42955,100,194,85,109,0.030927835,0.036082474,0.015463918,0.3,0.3,0.0,0.0,0.0,0.0,0.0,0.0,0.0,0.0,0.0,0.0,0.0,0,0.075803083,1.0,0.484261501,0.473938235
150756,Hanover College,350868096,180100,,517 Ball Drive,Hanover,IN,47243,www.hanover.edu/,287,1157,4,0,57,47,4352809,3653244,76365.07,77728.6,110286.9382,94108.42955,100,179,82,97,0.033519553,0.005586592,0.0,0.382978723,0.592592593,0.442622951,0.0,0.0,0.0,0.021276596,0.074074074,0.032786885,0.042553191,0.037037037,0.049180328,3.333333333,2.965599051,0.075803083,0.333333333,0.296559905,0.473938235
150774,Holy Cross College,351148835,726300,,54515 State Road 933 North,Notre Dame,IN,46556-0308,www.hcc-nd.edu/,110,547,4,0,14,14,868327,860028,62023.36,61430.57,110286.9382,94108.42955,100,82,41,41,0.085365854,0.06097561,0.012195122,0.333333333,0.5,0.428571429,0.0,0.0,0.0,0.0,0.0,0.0,0.0,0.0,0.0,0.0,0,0.075803083,0.0,0,0.473938235
150941,Huntington University,350868101,180300,,2303 College Ave,Huntington,IN,46750,www.huntington.edu/,288,1504,4,0,40,36,2774798,2770392,69369.95,76955.33,110286.9382,94108.42955,100,157,76,81,0.025477707,0.025477707,0.006369427,0.368421053,0.375,0.346153846,0.0,0.0,0.0,0.0,0.0,0.0,0.0,0.0,0.0,0.0,0,0.075803083,0.0,0,0.473938235
150987,Ivy Tech Community College,351180631,991700,,50 W. Fall Creek Parkway N. Drive,Indianapolis,IN,46208-5752,www.ivytech.edu/,23308,100077,1,0,448,659,25743958,39097593,57464.19,59328.67,110286.9382,94108.42955,100,3163,1229,1934,0.121087575,0.04046791,0.015807777,0.608695652,0.621848739,0.0,0.028985507,0.046218487,0.0,0.014492754,0.012605042,0.0,0.028985507,0.016806723,0.0,0.0,0,0.075803083,2.0,0.022295301,0.473938235
151102,Purdue University Fort Wayne,356002041,182800,IPFW|IUPUFW|Purdue University-Fort Wayne|Purdue-Fort Wayne|Purdue Fort Wayne,2101 E Coliseum Blvd,Fort Wayne,IN,46805-1499,www.pfw.edu/,1369,8874,1,0,166,90,13153332,6790487,79236.94,75449.86,110286.9382,94108.42955,100,728,322,406,0.059065934,0.04532967,0.035714286,0.241935484,0.455696203,0.35971223,0.0,0.0,0.0,0.016129032,0.037974684,0.028776978,0.080645161,0.151898734,0.122302158,0.666666667,0.073510494,0.075803083,5.0,0.551328702,0.473938235
151111,Indiana University-Indianapolis,356001673,181300,IU Indianapolis,420 University Blvd,Indianapolis,IN,46202-5143,https://indianapolis.iu.edu/,7313,25497,1,1,466,519,50498185,46162243,108365.2,88944.59,110286.9382,94108.42955,100,5543,1842,3701,0.128811113,0.046545192,0.058271694,0.297979798,0.428981349,0.318595579,0.003367003,0.030129125,0.013003901,0.006734007,0.011477762,0.010403121,0.035353535,0.076040172,0.053315995,12.0,0.461911544,0.075803083,122.3333333,4.708931573,0.473938235
151263,University of Indianapolis,350868107,180400,UIndy,1400 E Hanna Ave,Indianapolis,IN,46227-3697,https://uindy.edu/,1356,5447,4,0,102,145,7803932,10644986,76509.14,73413.7,110286.9382,94108.42955,100,437,180,257,0.102974828,0.04576659,0.029748284,0.538461538,0.551724138,0.54954955,0.0,0.034482759,0.027027027,0.0,0.0,0.0,0.051282051,0.022988506,0.036036036,0.0,0,0.075803083,14.0,2.789956158,0.473938235
151306,University of Southern Indiana,351308176,180800,USI,8600 University Blvd,Evansville,IN,47712,www.usi.edu/,2155,9282,1,0,164,175,12928922,12786983,78834.89,73068.47,110286.9382,94108.42955,100,644,229,415,0.035714286,0.013975155,0.02173913,0.413793103,0.473214286,0.436363636,0.0,0.026785714,0.012121212,0.017241379,0.008928571,0.012121212,0.034482759,0.035714286,0.036363636,0.0,0,0.075803083,7.666666667,0.835330864,0.473938235
151324,Indiana State University,356001670,180700,Indiana State ISU,210 N 7th St,Terre Haute,IN,47809,https://www.indstate.edu/,2199,8304,1,1,174,188,14752975,14659679,84787.21,77977.02,110286.9382,94108.42955,100,954,381,573,0.067085954,0.027253669,0.011530398,0.427350427,0.517647059,0.463054187,0.025641026,0.011764706,0.019704433,0.008547009,0.023529412,0.014778325,0.05982906,0.082352941,0.068965517,0.0,0,0.075803083,12.0,1.386001386,0.473938235
151333,Indiana University-Kokomo,356001673,181400,IU Kokomo | IUK | IU KO,2300 S Washington St,Kokomo,IN,46902-9003,www.iuk.edu/,612,2892,1,0,46,78,3342153,5345927,72655.5,68537.53,110286.9382,94108.42955,100,143,53,90,0.062937063,0.013986014,0.013986014,0.454545455,0.606060606,0.433333333,0.0,0.03030303,0.0,0.0,0.0,0.0,0.0,0.090909091,0.033333333,0.0,0,0.075803083,0.666666667,0.234246896,0.473938235
151342,Indiana University-South Bend,356001673,181600,IUSB | IU SB | IU South Bend,1700 Mishawaka Ave,South Bend,IN,46615-7111,https://iusb.edu/,801,4446,1,0,92,106,6517587,7400581,70843.34,69816.8,110286.9382,94108.42955,100,233,94,139,0.111587983,0.051502146,0.0472103,0.523809524,0.418181818,0.395833333,0.047619048,0.0,0.03125,0.0,0.0,0.0,0.047619048,0.054545455,0.052083333,1.333333333,0.3082139,0.075803083,1.0,0.231160425,0.473938235
151351,Indiana University-Bloomington,356001673,180900,IUB | IU Bloomington,107 South Indiana Ave.,Bloomington,IN,47405-7000,www.indiana.edu/,11489,47527,1,1,1184,914,151500155,95309773,127956.21,104277.65,110286.9382,94108.42955,100,6349,2813,3536,0.041738857,0.039848795,0.035753662,0.325385694,0.425887265,0.33825079,0.009817672,0.020876827,0.009483667,0.012622721,0.029227557,0.016859852,0.036465638,0.052192067,0.048472076,3.333333333,0.070914442,0.075803083,33.0,0.702052973,0.473938235
151360,Indiana University-Northwest,356001673,181500,IUN | IU Northwest,3400 Broadway,Gary,IN,46408-1197,www.iun.edu/,666,3045,1,0,47,72,3892056,5081324,82809.7,70573.94,110286.9382,94108.42955,100,191,80,111,0.32460733,0.157068063,0.02617801,0.416666667,0.428571429,0.387755102,0.0,0.047619048,0.040816327,0.083333333,0.0,0.040816327,0.083333333,0.047619048,0.06122449,0.0,0,0.075803083,1.333333333,0.416927246,0.473938235
151379,Indiana University-Southeast,356001673,181700,IUSE | IU SE | IU Southeast,4201 Grant Line Rd,New Albany,IN,47150,https://ius.edu/,908,3752,1,0,61,99,5021024,7249944,82311.87,73231.76,110286.9382,94108.42955,100,199,79,120,0.050251256,0.020100503,0.015075377,0.576923077,0.5,0.493975904,0.019230769,0.02173913,0.024096386,0.0,0.02173913,0.012048193,0.076923077,0.065217391,0.084337349,0.0,0,0.075803083,7.0,1.906318083,0.473938235
151388,Indiana University-East,356001673,181100,IUE | IU East,2325 Chester Blvd,Richmond,IN,47374-1289,www.iue.edu/,682,2985,1,0,41,61,3229929,4680821,78778.76,76734.77,110286.9382,94108.42955,100,151,60,91,0.066225166,0.0,0.006622517,0.647058824,0.448275862,0.552631579,0.0,0.0,0.0,0.0,0.0,0.0,0.058823529,0.034482759,0.052631579,0.0,0,0.075803083,0.0,0,0.473938235
151777,Manchester University,380868127,182000,,604 E. College Ave,North Manchester,IN,46962,https://www.manchester.edu/,316,1175,4,0,41,46,3147819,3900461,76776.07,84792.63,110286.9382,94108.42955,100,175,78,97,0.028571429,0.034285714,0.005714286,0.48,0.551724138,0.487804878,0.0,0.034482759,0.024390244,0.0,0.0,0.0,0.0,0.034482759,0.024390244,0.666666667,0.547795125,0.075803083,5.666666667,4.656258559,0.473938235
151786,Marian University,350868175,182100,Marian,3200 Cold Spring Rd,Indianapolis,IN,46222-1997,www.marian.edu/,994,3586,4,0,65,92,4917244,6822593,75649.91,74158.62,110286.9382,94108.42955,100,587,244,343,0.170357751,0.071550256,0.015332198,0.176470588,0.535714286,0.264705882,0.0,0.142857143,0.029411765,0.058823529,0.0,0.0,0.058823529,0.035714286,0.058823529,1.333333333,0.360262992,0.075803083,4.666666667,1.260920472,0.473938235
151801,Indiana Wesleyan University-Marion,350885591,182200,IWU,4201 South Washington Street,Marion,IN,46953-4974,https://www.indwes.edu/,576,2207,4,0,96,122,7024958,8452336,73176.65,69281.44,110286.9382,94108.42955,100,708,287,421,0.06920904,0.026836158,0.005649718,0.455696203,0.508474576,0.0,0.012658228,0.084745763,0.0,0.0,0.033898305,0.0,0.012658228,0.0,0.0,0.0,0,0.075803083,1.333333333,0.512229479,0.473938235
152080,University of Notre Dame,350868188,184000,Notre Dame | Fighting Irish | ND,400 Main Building,Notre Dame,IN,46556,www.nd.edu/,3842,13174,4,0,880,425,146682510,55125267,166684.67,129706.51,110286.9382,94108.42955,100,5142,2307,2835,0.074290159,0.079735511,0.040062233,0.220750552,0.32046332,0.254703329,0.004415011,0.011583012,0.005788712,0.015452539,0.019305019,0.015918958,0.024282561,0.034749035,0.026049204,1.333333333,0.101742338,0.075803083,9.0,0.686760778,0.473938235
152099,Oakland City University,350869063,182400,,138 N Lucretia St,Oakland City,IN,47660-1099,www.oak.edu/,268,650,4,0,17,11,1001676,630716,58922.12,57337.82,110286.9382,94108.42955,100,107,51,56,0.046728972,0.0,0.0,0.444444444,0.333333333,0.0,0.0,0.0,0.0,0.0,0.0,0.0,0.0,0.0,0.0,0.0,0,0.075803083,0.0,0,0.473938235
152318,Rose-Hulman Institute of Technology,350868149,183000,R-HIT|RHIT|Rose Polytechnic|Rose Polytechnic Institute|RP|RPI|Rose-Hulman|Rose Hulman|Rose-Hulman Institute|Rose Hulman Institute|Rose,5500 Wabash Avenue,Terre Haute,IN,47803-3920,https://www.rose-hulman.edu/,390,2250,3,0,134,57,14634634,5877765,109213.69,103118.68,110286.9382,94108.42955,100,341,180,161,0.052785924,0.002932551,0.020527859,0.243243243,0.349206349,0.287878788,0.013513514,0.0,0.007575758,0.0,0.0,0.0,0.027027027,0.031746032,0.03030303,0.0,0,0.075803083,0.333333333,0.15234613,0.473938235
152336,University of Saint Francis-Fort Wayne,350886846,183200,"University of Saint Francis of Fort Wayne, Indiana  University of Saint Francis  Saint Francis College  University of St. Francis-Fort Wayne   University of St Francis-Fort Wayne  USF",2701 Spring St,Fort Wayne,IN,46808-3994,https://www.sf.edu/,579,1852,4,0,38,85,2730635,5894452,71858.82,69346.49,110286.9382,94108.42955,100,208,80,128,0.024038462,0.048076923,0.004807692,0.416666667,0.47826087,0.459459459,0.0,0.0,0.0,0.0,0.0,0.0,0.0,0.0,0.0,0.0,0,0.075803083,0.0,0,0.473938235
152381,Saint Mary-of-the-Woods College,351065063,183500,St. Mary-of-the-Woods College   St Mary-of-the-Woods College,1 St Mary of Woods Coll,Saint Mary of the Woods,IN,47876-1099,www.smwc.edu/,257,1227,4,0,18,36,972537,1977288,54029.83,54924.67,110286.9382,94108.42955,100,149,70,79,0.040268456,0.013422819,0.013422819,0.4,0.777777778,0.714285714,0.0,0.0,0.0,0.0,0.111111111,0.071428571,0.0,0.0,0.0,0.0,0,0.075803083,0.0,0,0.473938235
152390,Saint Mary's College,350868158,183600,St. Mary's College   St Mary's College,133 Le Mans Hall,Notre Dame,IN,46556,https://www.saintmarys.edu/,373,1518,4,0,43,111,3254556,7858691,75687.35,70799.02,110286.9382,94108.42955,100,271,69,202,0.040590406,0.062730627,0.011070111,0.652173913,0.632653061,0.652777778,0.043478261,0.0,0.013888889,0.0,0.040816327,0.041666667,0.043478261,0.020408163,0.027777778,0.0,0,0.075803083,0.0,0,0.473938235
152530,Taylor University,350868181,183800,,1846 Main Street,Upland,IN,46989-1001,https://www.taylor.edu/,442,2398,4,0,78,48,5455255,3188818,69939.17,66433.71,110286.9382,94108.42955,100,305,137,168,0.016393443,0.009836066,0.009836066,0.191489362,0.388888889,0.281690141,0.0,0.0,0.0,0.021276596,0.027777778,0.014084507,0.021276596,0.055555556,0.028169014,0.0,0,0.075803083,0.0,0,0.473938235
152567,Trine University,350715530,183900,,1 University Ave,Angola,IN,46703-1764,www.trine.edu/,600,4471,3,0,91,65,7443872,4842016,81800.79,74492.55,110286.9382,94108.42955,100,298,133,165,0.016778523,0.0,0.023489933,0.260869565,0.432432432,0.0,0.0,0.027027027,0.0,0.0,0.0,0.0,0.0,0.0,0.0,0.0,0,0.075803083,1.0,0.244618395,0.473938235
152600,Valparaiso University,350868125,184200,Valpo|VU,US Highway 30 and Sturdy Road,Valparaiso,IN,46383,https://www.valpo.edu/,857,2846,4,0,108,103,8027008,7535036,74324.15,73155.69,110286.9382,94108.42955,100,428,152,276,0.030373832,0.053738318,0.014018692,0.333333333,0.46969697,0.407079646,0.0,0.0,0.0,0.0,0.015151515,0.008849558,0.0,0.045454545,0.026548673,0.0,0,0.075803083,4.0,1.352265044,0.473938235
152637,Vincennes University,356004137,184300,,1002 N First St,Vincennes,IN,47591,https://www.vinu.edu/,2111,18438,1,0,74,80,4294124,4393594,58028.7,54919.92,110286.9382,94108.42955,100,739,257,482,0.048714479,0.027063599,0.0067659,0.714285714,0.548387097,0.625,0.0,0.0,0.0,0.0,0.0,0.0,0.0,0.0,0.0,0.666666667,0.039746418,0.075803083,3.0,0.17885888,0.473938235
152673,Wabash College,350868202,184400,,301 West Wabash Avenue,Crawfordsville,IN,47933-0352,www.wabash.edu/,175,845,3,0,63,35,5397116,2821355,85668.51,80610.14,110286.9382,94108.42955,100,211,115,96,0.071090047,0.028436019,0.009478673,0.296296296,0.4,0.366666667,0.0,0.0,0.0,0.0,0.0,0.0,0.0,0.025,0.016666667,0.0,0,0.075803083,0.666666667,0.798403194,0.473938235
152798,Allen College,421351526,3069100,,1990 Heath St,Waterloo,IA,50703-1999,www.allencollege.edu/,216,489,3,0,7,35,754315,2833670,107759.29,80962.0,110286.9382,94108.42955,100,32,4,28,0.03125,0.03125,0.0625,0.7,0.866666667,0.0,0.0,0.0,0.0,0.1,0.0,0.0,0.0,0.066666667,0.0,0.0,0,0.075803083,0.0,0,0.473938235
152992,Briar Cliff University,420707124,184600,,3303 Rebecca Street,Sioux City,IA,51104,www.briarcliff.edu/,177,940,4,0,28,31,1721568,2032070,61484.57,65550.65,110286.9382,94108.42955,100,130,57,73,0.046153846,0.1,0.0,0.0,0.555555556,0.3,0.0,0.0,0.0,0.0,0.0,0.0,0.0,0.0,0.0,0.0,0,0.075803083,0.333333333,0.359582884,0.473938235
153001,Buena Vista University,420680404,184700,,610 W 4th St,Storm Lake,IA,50588,https://www.bvu.edu/,609,1951,4,0,32,32,2234739,2201750,69835.59,68804.69,110286.9382,94108.42955,100,257,92,165,0.011673152,0.081712062,0.015564202,0.538461538,0.466666667,0.461538462,0.0,0.0,0.0,0.0,0.0,0.0,0.0,0.0,0.0,0.0,0,0.075803083,0.666666667,0.337894915,0.473938235
153108,Central College,420680344,185000,,812 University,Pella,IA,50219,www.central.edu/,219,1095,4,0,45,43,3200039,2894392,71111.98,67311.44,110286.9382,94108.42955,100,367,150,217,0.027247956,0.005449591,0.010899183,0.37037037,0.470588235,0.448275862,0.0,0.0,0.0,0.037037037,0.0,0.017241379,0.0,0.029411765,0.017241379,0.0,0,0.075803083,1.333333333,1.140575991,0.473938235
153126,Clarke University,420680408,185200,,1550 Clarke Dr,Dubuque,IA,52001-3198,www.clarke.edu/,220,1025,4,0,24,53,1514085,3326440,63086.88,62763.02,110286.9382,94108.42955,100,190,84,106,0.057894737,0.031578947,0.010526316,0.8125,0.523809524,0.631578947,0.0,0.0,0.0,0.0,0.0,0.0,0.0,0.0,0.0,0.0,0,0.075803083,0.0,0,0.473938235
153144,Coe College,420686467,185400,,1220 First Ave NE,Cedar Rapids,IA,52402-5092,www.coe.edu/,250,1278,4,0,55,56,3568864,3426349,64888.44,61184.8,110286.9382,94108.42955,100,181,83,98,0.060773481,0.033149171,0.033149171,0.333333333,0.571428571,0.431034483,0.0,0.0,0.0,0.0,0.035714286,0.017241379,0.0,0.0,0.0,3.333333333,2.637130802,0.075803083,1.666666667,1.318565401,0.473938235
153162,Cornell College,420680335,185600,,600 First St. SW,Mount Vernon,IA,52314-1098,www.cornellcollege.edu/,182,1084,4,0,39,43,2821120,3037341,72336.41,70635.84,110286.9382,94108.42955,100,220,87,133,0.022727273,0.013636364,0.009090909,0.6,0.533333333,0.592592593,0.0,0.0,0.0,0.0,0.0,0.0,0.05,0.066666667,0.055555556,0.0,0,0.075803083,0.0,0,0.473938235
153214,Des Moines Area Community College,420926354,712000,DMACC,2006 Ankeny Blvd,Ankeny,IA,50023-3993,https://www.dmacc.edu/,3885,24418,1,1,169,186,13306457,14162059,78736.43,76140.1,110286.9382,94108.42955,100,511,171,340,0.035225049,0.054794521,0.025440313,0.535564854,0.552631579,0.0,0.008368201,0.0,0.0,0.012552301,0.0,0.0,0.008368201,0.026315789,0.0,0.0,0,0.075803083,0.0,0,0.473938235
153250,Dordt University,420772559,185900,,700 7th St SE,Sioux Center,IA,51250-1606,https://www.dordt.edu/,431,1929,4,0,64,34,4695761,2262623,73371.27,66547.74,110286.9382,94108.42955,100,196,79,117,0.015306122,0.0,0.005102041,0.3,0.333333333,0.0,0.0,0.066666667,0.0,0.0,0.0,0.0,0.0,0.0,0.0,0.0,0,0.075803083,1.0,0.537345513,0.473938235
153269,Drake University,420680460,186000,Drake,2507 University Avenue,Des Moines,IA,50311-4505,www.drake.edu/,1405,4504,3,0,151,151,15064025,13947580,99761.75,92368.08,110286.9382,94108.42955,100,683,238,445,0.068814056,0.083455344,0.016105417,0.45,0.484848485,0.44198895,0.008333333,0.02020202,0.016574586,0.008333333,0.0,0.005524862,0.016666667,0.050505051,0.038674033,0.0,0,0.075803083,2.666666667,0.569192458,0.473938235
153278,University of Dubuque,420680323,189100,,2000 University Ave,Dubuque,IA,52001,www.dbq.edu/,423,1795,4,1,45,45,3296596,3339595,73257.69,74213.22,110286.9382,94108.42955,100,297,141,156,0.037037037,0.016835017,0.013468013,0.238095238,0.451612903,0.133333333,0.0,0.0,0.0,0.0,0.0,0.0,0.047619048,0.032258065,0.066666667,0.0,0,0.075803083,8.666666667,4.87987988,0.473938235
153296,Ellsworth Community College,420926714,186200,Iowa Valley Community College District,1100 College Ave,Iowa Falls,IA,50126,https://ecc.iavalley.edu/,175,685,1,0,16,11,1090658,744719,68166.12,67701.73,110286.9382,94108.42955,100,41,19,22,0.048780488,0.024390244,0.0,0.428571429,0.5,0.0,0.0,0.0,0.0,0.0,0.0,0.0,0.0,0.0,0.0,0.0,0,0.075803083,0.333333333,0.464252553,0.473938235
153311,Eastern Iowa Community College District,420924364,407500,Eastern Iowa Community Colleges,101 W Third Street,Davenport,IA,52801-1221,www.eicc.edu/,1159,7128,1,0,52,70,3289679,4283934,63263.06,61199.06,110286.9382,94108.42955,100,260,64,196,0.061538462,0.061538462,0.015384615,0.75,0.684210526,0.0,0.0,0.0,0.0,0.0,0.0,0.0,0.0,0.0,0.0,0.0,0,0.075803083,0.0,0,0.473938235
153320,Faith Baptist Bible College and Theological Seminary,470394397,712100,"FBBC&TS, FBBC",1900 NW 4th St,Ankeny,IA,50023-2152,https://faith.edu/,72,586,4,0,15,5,792048,228984,52803.2,45796.8,110286.9382,94108.42955,100,139,65,74,0.0,0.014388489,0.007194245,0.0,0.2,0.0,0.0,0.0,0.0,0.0,0.0,0.0,0.0,0.0,0.0,0.0,0,0.075803083,0.0,0,0.473938235
153366,Graceland University-Lamoni,420707114,186600,,1 University Place,Lamoni,IA,50140,www.graceland.edu/,354,1195,4,0,29,42,1936017,3053824,66759.21,72710.1,110286.9382,94108.42955,100,198,84,114,0.050505051,0.0,0.0,0.55,0.555555556,0.47826087,0.0,0.0,0.0,0.0,0.0,0.0,0.05,0.0,0.043478261,0.0,0,0.075803083,0.666666667,0.538938292,0.473938235
153375,Grand View University,420681049,186700,,1200 Grandview Ave,Des Moines,IA,50316,www.grandview.edu/,474,1796,4,0,43,50,3426736,3786812,79691.53,75736.24,110286.9382,94108.42955,100,151,62,89,0.01986755,0.039735099,0.013245033,0.275862069,0.6,0.375,0.0,0.0,0.0,0.0,0.0,0.0,0.0,0.0,0.0,0.0,0,0.075803083,0.333333333,0.182448458,0.473938235
153384,Grinnell College,420680387,186800,Grinnell,1121 Park Street,Grinnell,IA,50112-1690,www.grinnell.edu/,390,1775,3,0,107,102,12109578,10795372,113173.63,105836.98,110286.9382,94108.42955,100,650,253,397,0.038461538,0.026153846,0.016923077,0.4,0.428571429,0.394736842,0.016666667,0.047619048,0.035087719,0.066666667,0.031746032,0.052631579,0.016666667,0.047619048,0.035087719,0.0,0,0.075803083,2.666666667,1.516012886,0.473938235
153472,Indian Hills Community College,420923689,840300,IHCC|Indian Hills College|The Hills,525 Grandview Ave,Ottumwa,IA,52501,https://www.indianhills.edu/,699,3236,1,1,61,59,4099331,3958594,67202.15,67094.81,110286.9382,94108.42955,100,272,92,180,0.022058824,0.066176471,0.003676471,0.513513514,0.275862069,0.0,0.0,0.0,0.0,0.0,0.0,0.0,0.0,0.0,0.0,0.0,0,0.075803083,2.333333333,0.694237826,0.473938235
153524,Iowa Central Community College,410906391,186500,,One Triton Circle,Fort Dodge,IA,50501,www.iowacentral.edu/,1220,4909,1,0,51,42,3866055,3303466,75805.0,78653.95,110286.9382,94108.42955,100,338,149,189,0.026627219,0.023668639,0.00295858,0.615384615,0.333333333,0.0,0.0,0.0,0.0,0.0,0.0,0.0,0.0,0.0,0.0,0.0,0,0.075803083,1.666666667,0.329511006,0.473938235
153533,Iowa Lakes Community College,420929936,186400,,19 S 7th St,Estherville,IA,51334-2295,www.iowalakes.edu/,350,2024,1,0,34,32,2208310,2122944,64950.29,66342.0,110286.9382,94108.42955,100,235,95,140,0.0,0.012765957,0.0,0.62962963,0.5,0.0,0.0,0.0,0.0,0.0,0.0,0.0,0.0,0.0,0.0,0.0,0,0.075803083,0.333333333,0.170068027,0.473938235
153603,Iowa State University,426004224,186900,ISU,1750 Beardshear Hall,Ames,IA,50011-2103,https://www.iastate.edu/,7258,30177,1,1,871,561,109355414,58947470,125551.57,105075.7,110286.9382,94108.42955,100,4736,1883,2853,0.019636824,0.034839527,0.047508446,0.279783394,0.461685824,0.325986079,0.010830325,0.009578544,0.006960557,0.010830325,0.022988506,0.013921114,0.023465704,0.086206897,0.059164733,1.333333333,0.044490418,0.075803083,26.33333333,0.878685753,0.473938235
153630,Iowa Western Community College,420925013,459800,,2700 College Rd,Council Bluffs,IA,51503-1057,www.iwcc.edu/,1145,5503,1,1,55,53,3247015,3052244,59036.64,57589.51,110286.9382,94108.42955,100,376,175,201,0.050531915,0.04787234,0.007978723,0.818181818,0.666666667,0.0,0.0,0.0,0.0,0.0,0.0,0.0,0.0,0.0,0.0,0.666666667,0.124797205,0.075803083,3.666666667,0.686384625,0.473938235
153658,University of Iowa,426004813,189200,Iowa,101 Jessup Hall,Iowa City,IA,52242-1316,https://uiowa.edu/,7840,30042,1,1,683,621,94148338,67308937,137845.3,108387.98,110286.9382,94108.42955,100,8370,3185,5185,0.035005974,0.035842294,0.052688172,0.299485861,0.460732984,0.317659352,0.010282776,0.013089005,0.011494253,0.017994859,0.023560209,0.020898642,0.023136247,0.057591623,0.037617555,3.333333333,0.111055583,0.075803083,61.66666667,2.054528291,0.473938235
153737,Kirkwood Community College,420924685,407600,,6301 Kirkwood Blvd SW,Cedar Rapids,IA,52406-2068,www.kirkwood.edu/,2126,12660,1,0,130,108,9757019,8210395,75053.99,76022.18,110286.9382,94108.42955,100,738,278,460,0.036585366,0.04200542,0.020325203,0.397590361,0.533333333,0.0,0.0,0.0,0.0,0.012048193,0.022222222,0.0,0.0,0.0,0.0,1.333333333,0.107474878,0.075803083,2.666666667,0.214949755,0.473938235
153825,Loras College,420680412,187300,,1450 Alta Vista,Dubuque,IA,52004-0178,www.loras.edu/,332,1213,4,0,42,42,2785994,2388748,66333.19,56874.95,110286.9382,94108.42955,100,189,89,100,0.026455026,0.026455026,0.010582011,0.454545455,0.454545455,0.444444444,0.0,0.0,0.0,0.0,0.0,0.0,0.0,0.03030303,0.018518519,0.0,0,0.075803083,1.666666667,1.263583523,0.473938235
153834,Luther College,420680466,187400,Luther Norse,700 College Drive,Decorah,IA,52101-1045,https://www.luther.edu/,383,1463,4,0,74,63,5647722,4413211,76320.57,70050.97,110286.9382,94108.42955,100,271,114,157,0.014760148,0.04797048,0.007380074,0.344827586,0.52,0.436893204,0.0,0.0,0.0,0.017241379,0.04,0.029126214,0.0,0.0,0.0,0.0,0,0.075803083,5.666666667,3.519668737,0.473938235
153861,Maharishi International University,421315493,1111300,,1000 North 4th Street,Fairfield,IA,52557,https://www.miu.edu/,710,2666,3,1,91,48,4411380,1781228,48476.7,37108.92,110286.9382,94108.42955,100,343,156,187,0.055393586,0.084548105,0.151603499,0.214285714,0.333333333,0.0,0.035714286,0.0,0.0,0.0,0.0,0.0,0.0,0.055555556,0.0,3.333333333,1.247038284,0.075803083,2.666666667,0.997630627,0.473938235
153922,Marshalltown Community College,420926714,187500,Iowa Valley Community College District,3700 S Center St,Marshalltown,IA,50158,https://mcc.iavalley.edu/,316,1870,1,0,27,18,1934153,1198039,71635.3,66557.72,110286.9382,94108.42955,100,92,25,67,0.010869565,0.119565217,0.02173913,0.277777778,0.454545455,0.0,0.0,0.0,0.0,0.0,0.0,0.0,0.0,0.0,0.0,0.0,0,0.075803083,0.0,0,0.473938235
153977,Mercy College of Health Sciences,421511682,627300,,928 6th Ave,Des Moines,IA,50309-1239,https://www.mchs.edu/,481,907,4,0,6,52,477150,3630770,79525.0,69822.5,110286.9382,94108.42955,100,64,19,45,0.078125,0.015625,0.03125,0.6,0.666666667,0.0,0.0,0.0,0.0,0.0,0.0,0.0,0.0,0.0,0.0,0.0,0,0.075803083,0.0,0,0.473938235
154004,Morningside University,420680400,187900,,1501 Morningside Ave,Sioux City,IA,51106-1751,https://www.morningside.edu/,551,2158,4,0,35,36,2397116,2413076,68489.03,67029.89,110286.9382,94108.42955,100,198,93,105,0.035353535,0.04040404,0.035353535,0.470588235,0.461538462,0.463414634,0.058823529,0.0,0.024390244,0.058823529,0.0,0.024390244,0.0,0.0,0.0,1.333333333,0.592856084,0.075803083,0.0,0,0.473938235
154013,Mount Mercy University,420681046,188000,Mount Mercy College,1330 Elmhurst Dr NE,Cedar Rapids,IA,52402-4797,www.mtmercy.edu/,451,1451,4,0,31,40,1906179,2411448,61489.65,60286.2,110286.9382,94108.42955,100,176,81,95,0.147727273,0.028409091,0.017045455,0.5625,0.411764706,0.466666667,0.0,0.0,0.0,0.0625,0.058823529,0.066666667,0.0625,0.058823529,0.033333333,0.0,0,0.075803083,0.0,0,0.473938235
154095,University of Northern Iowa,426004333,189000,UNI Panthers Northern Iowa,1227 W 27th St,Cedar Falls,IA,50614-0005,https://www.uni.edu/,2325,9013,1,1,201,206,15963544,14639474,79420.62,71065.41,110286.9382,94108.42955,100,1064,407,657,0.044172932,0.038533835,0.015977444,0.389830508,0.469230769,0.45210728,0.0,0.007692308,0.003831418,0.0,0.015384615,0.007662835,0.042372881,0.046153846,0.042145594,2.666666667,0.298118129,0.075803083,15.33333333,1.714179244,0.473938235
154101,Northwestern College,420698196,188300,,101 Seventh St SW,Orange City,IA,51041,https://www.nwciowa.edu/,396,1665,4,0,42,42,2934489,2909579,69868.79,69275.69,110286.9382,94108.42955,100,210,94,116,0.004761905,0.038095238,0.0,0.333333333,0.470588235,0.41025641,0.0,0.0,0.0,0.03030303,0.0,0.025641026,0.03030303,0.0,0.025641026,0.0,0,0.075803083,0.0,0,0.473938235
154156,Des Moines University-Osteopathic Medical Center,420730347,185500,Des Moines University,8025 Grand Ave,West Des Moines,IA,50266,www.dmu.edu/,454,1521,3,0,2,2,256557,248242,128278.5,124121.0,110286.9382,94108.42955,100,248,62,186,0.024193548,0.036290323,0.012096774,0.368421053,0.625,0.451612903,0.0,0.025,0.032258065,0.052631579,0.025,0.032258065,0.105263158,0.025,0.064516129,0.0,0,0.075803083,0.666666667,0.436585898,0.473938235
154174,Palmer College of Chiropractic,426081293,1230000,,1000 Brady St,Davenport,IA,52803-5287,www.palmer.edu/,559,2219,3,0,59,57,4622163,4337728,78341.75,76100.49,110286.9382,94108.42955,100,266,83,183,0.026315789,0.056390977,0.011278195,0.36,0.520833333,0.0,0.0,0.0,0.0,0.0,0.0,0.0,0.04,0.0,0.0,0.0,0,0.075803083,0.0,0,0.473938235
154235,Saint Ambrose University,420703280,188900,St. Ambrose University   St Ambrose University,518 W Locust St,Davenport,IA,52803-2898,www.sau.edu/,838,2703,4,0,75,105,5866676,7783381,78222.35,74127.44,110286.9382,94108.42955,100,240,85,155,0.058333333,0.0375,0.016666667,0.481481481,0.548387097,0.504587156,0.0,0.0,0.0,0.024691358,0.032258065,0.027522936,0.037037037,0.064516129,0.04587156,0.0,0,0.075803083,2.0,0.728066982,0.473938235
154350,Simpson College,420680389,188700,,701 North C St,Indianola,IA,50125,simpson.edu/,283,1163,4,0,40,36,2490284,2229703,62257.1,61936.19,110286.9382,94108.42955,100,222,94,128,0.027027027,0.058558559,0.018018018,0.4375,0.461538462,0.487179487,0.0,0.0,0.0,0.0,0.0,0.0,0.0,0.0,0.0,0.0,0,0.075803083,2.666666667,2.316825948,0.473938235
154493,Upper Iowa University,420680372,189300,UIU,605 Washington St,Fayette,IA,52142-1857,https://www.uiu.edu/,904,3102,3,0,16,19,1108110,1200877,69256.88,63204.05,110286.9382,94108.42955,100,185,81,104,0.043243243,0.016216216,0.0,0.333333333,0.6,0.4375,0.0,0.0,0.0,0.0,0.0,0.0,0.0,0.0,0.0,0.0,0,0.075803083,1.0,0.325520833,0.473938235
154527,Wartburg College,420680351,189600,,100 Wartburg Blvd.,Waverly,IA,50677-0903,https://www.wartburg.edu/,334,1472,4,0,39,45,2592515,2819191,66474.74,62648.69,110286.9382,94108.42955,100,288,127,161,0.034722222,0.013888889,0.013888889,0.458333333,0.481481481,0.5,0.0,0.0,0.0,0.0,0.0,0.0,0.083333333,0.0,0.041666667,0.666666667,0.461680517,0.075803083,0.0,0,0.473938235
154590,William Penn University,420707120,190000,,201 Trueblood Ave,Oskaloosa,IA,52577,https://www.wmpenn.edu/,292,1536,4,0,27,19,1588280,1054340,58825.19,55491.58,110286.9382,94108.42955,100,137,72,65,0.094890511,0.02189781,0.00729927,0.4,0.166666667,0.2,0.0,0.0,0.0,0.0,0.0,0.0,0.0,0.0,0.0,0.0,0,0.075803083,3.333333333,2.26295542,0.473938235
154642,Allen County Community College,480697480,190100,Allen Community College,1801 N Cottonwood,Iola,KS,66749,https://www.allencc.edu/,339,1817,1,0,9,16,545878,909959,60653.11,56872.44,110286.9382,94108.42955,100,74,36,38,0.054054054,0.108108108,0.0,0.0,0.0,0.571428571,0.0,0.0,0.0,0.0,0.0,0.0,0.0,0.0,0.047619048,0.0,0,0.075803083,0.0,0,0.473938235
154688,Baker University,480543766,190300,Baker|BU|Baker U,615 Dearborn Street,Baldwin City,KS,66006-0065,https://www.bakeru.edu/,555,1945,4,0,36,38,2229444,2324675,61929.0,61175.66,110286.9382,94108.42955,100,205,83,122,0.034146341,0.024390244,0.004878049,0.625,0.36,0.487179487,0.0,0.0,0.0,0.0,0.0,0.0,0.0,0.04,0.025641026,0.0,0,0.075803083,0.333333333,0.158353127,0.473938235
154697,Barton County Community College,480720175,460800,Barton Community College,245 NE 30th Road,Great Bend,KS,67530,https://www.bartonccc.edu/,913,4393,1,1,33,26,2086606,1610241,63230.48,61932.35,110286.9382,94108.42955,100,281,100,181,0.024911032,0.053380783,0.003558719,0.0,0.0,0.5,0.0,0.0,0.03125,0.0,0.0,0.0,0.0,0.0,0.0,0.0,0,0.075803083,1.0,0.234246896,0.473938235
154712,Benedictine College,480777079,1025600,,1020 N 2nd St,Atchison,KS,66002-1499,www.benedictine.edu/,469,2465,4,0,88,49,6468950,3434163,73510.8,70084.96,110286.9382,94108.42955,100,198,104,94,0.025252525,0.04040404,0.005050505,0.208333333,0.261904762,0.265625,0.0,0.0,0.0,0.0,0.0,0.0,0.0,0.047619048,0.03125,0.0,0,0.075803083,0.333333333,0.141123342,0.473938235
154721,Bethany College,480543734,190400,,335 E Swensson St,Lindsborg,KS,67456-1897,https://www.bethanylb.edu/,130,637,4,0,15,25,813346,1062415,54223.07,42496.6,110286.9382,94108.42955,100,81,48,33,0.037037037,0.061728395,0.0,0.4,0.466666667,0.473684211,0.0,0.0,0.0,0.0,0.0,0.0,0.0,0.0,0.0,1.333333333,1.792114695,0.075803083,4.666666667,6.272401434,0.473938235
154749,Bethel College-North Newton,480543782,190500,,300 E 27th St,North Newton,KS,67117-1716,www.bethelks.edu/,83,502,4,0,16,20,905547,1159446,56596.69,57972.3,110286.9382,94108.42955,100,110,64,46,0.109090909,0.045454545,0.0,0.545454545,0.444444444,0.571428571,0.0,0.0,0.0,0.090909091,0.0,0.071428571,0.0,0.0,0.0,0.0,0,0.075803083,0.0,0,0.473938235
154800,Butler Community College,480690383,190600,Butler CC,901 S Haverhill Rd,El Dorado,KS,67042-3280,www.butlercc.edu/,1297,6552,1,0,67,80,3877496,4653959,57873.07,58174.49,110286.9382,94108.42955,100,299,98,201,0.030100334,0.003344482,0.026755853,0.597222222,0.447368421,0.0,0.0,0.0,0.0,0.013888889,0.026315789,0.0,0.0,0.0,0.0,0.0,0,0.075803083,0.666666667,0.099547061,0.473938235
154907,Cloud County Community College,480732624,190900,,2221 Campus Dr,Concordia,KS,66901-1002,https://www.cloud.edu/,501,1644,1,1,25,16,1180085,859525,47203.4,53720.31,110286.9382,94108.42955,100,120,45,75,0.033333333,0.025,0.008333333,0.0,0.0,0.32,0.0,0.0,0.0,0.0,0.0,0.0,0.0,0.0,0.0,2.0,1.211387038,0.075803083,0.333333333,0.20189784,0.473938235
154925,Coffeyville Community College,480698570,191000,,400 W 11th St,Coffeyville,KS,67337-5064,www.coffeyville.edu/,365,1428,1,0,29,14,1505168,671335,51902.34,47952.5,110286.9382,94108.42955,100,86,35,51,0.046511628,0.0,0.0,0.0,0.0,0.272727273,0.0,0.0,0.0,0.0,0.0,0.0,0.0,0.0,0.0,0.0,0,0.075803083,0.0,0,0.473938235
154952,Cowley County Community College,480720889,190200,Cowley College,125 S 2nd St,Arkansas City,KS,67005,www.cowley.edu/,728,2158,1,0,38,27,2064605,1442732,54331.71,53434.52,110286.9382,94108.42955,100,130,61,69,0.015384615,0.107692308,0.0,0.0,0.0,0.422222222,0.0,0.0,0.0,0.0,0.0,0.044444444,0.0,0.0,0.0,1.333333333,0.597907324,0.075803083,0.666666667,0.298953662,0.473938235
154998,Dodge City Community College,521718586,191300,,2501 N 14th Ave,Dodge City,KS,67801-2399,https://dc3.edu/,377,1757,1,1,21,18,1139069,1170766,54241.38,65042.56,110286.9382,94108.42955,100,160,64,96,0.05,0.2125,0.0,0.5,0.666666667,0.523809524,0.0,0.0,0.0,0.041666667,0.0,0.047619048,0.0,0.0,0.0,0.666666667,0.399201597,0.075803083,0.333333333,0.199600798,0.473938235
155007,Donnelly College,480623882,191400,,608 N 18th St,Kansas City,KS,66102,www.donnelly.edu/,119,349,4,0,5,8,262001,442368,52400.2,55296.0,110286.9382,94108.42955,100,53,22,31,0.132075472,0.20754717,0.0,0.0,1.0,0.0,0.0,0.0,0.0,0.0,0.0,0.0,0.0,0.0,0.0,0.0,0,0.075803083,0.0,0,0.473938235
155025,Emporia State University,486029925,192700,ESU E-State,1 Kellogg Circle,Emporia,KS,66801-5415,www.emporia.edu/,1984,4658,1,0,93,100,6296839,6164838,67707.95,61648.38,110286.9382,94108.42955,100,411,156,255,0.02676399,0.065693431,0.02676399,0.382978723,0.490196078,0.442105263,0.0,0.019607843,0.010526316,0.0,0.019607843,0.010526316,0.0,0.019607843,0.010526316,1.333333333,0.250438267,0.075803083,0.333333333,0.062609567,0.473938235
155061,Fort Hays State University,481210777,191500,FHSU,600 Park St,Hays,KS,67601-4099,www.fhsu.edu/,3350,12843,1,1,181,171,13244630,12202911,73174.75,71362.05,110286.9382,94108.42955,100,556,230,326,0.012589928,0.014388489,0.014388489,0.432835821,0.480519481,0.44137931,0.0,0.012987013,0.006896552,0.014925373,0.038961039,0.020689655,0.044776119,0.038961039,0.04137931,1.333333333,0.102968054,0.075803083,3.666666667,0.283162149,0.473938235
155089,Friends University,480547702,191800,,2100 W. University Ave.,Wichita,KS,67213,www.friends.edu/,415,1927,3,0,32,27,2191159,1665332,68473.72,61678.96,110286.9382,94108.42955,100,199,94,105,0.070351759,0.045226131,0.010050251,0.230769231,0.466666667,0.375,0.0,0.0,0.0,0.0,0.0,0.0,0.0,0.066666667,0.0,0.0,0,0.075803083,1.333333333,0.773395205,0.473938235
155098,Fort Scott Community College,480723448,191600,FSCC|Fort Scott JuCo|Ft. Scott Community College|Fort Scott Junior College|Ft. Scott Jr. College|Ft. Scott Junior College|FSJC,2108 S Horton,Fort Scott,KS,66701,www.fortscott.edu/,473,1464,1,0,21,20,957690,818898,45604.29,40944.9,110286.9382,94108.42955,100,134,53,81,0.037313433,0.201492537,0.007462687,0.0,0.0,0.454545455,0.0,0.0,0.0,0.0,0.0,0.0,0.0,0.0,0.0,0.0,0,0.075803083,0.333333333,0.222370469,0.473938235
155104,Garden City Community College,480698107,191900,,801 Campus Dr,Garden City,KS,67846-6333,www.gcccks.edu/,698,1904,1,0,38,35,2421740,2134512,63730.0,60986.06,110286.9382,94108.42955,100,172,62,110,0.034883721,0.319767442,0.0,0.666666667,0.483870968,0.543478261,0.066666667,0.0,0.02173913,0.066666667,0.032258065,0.043478261,0.0,0.032258065,0.02173913,0.0,0,0.075803083,2.0,1.044932079,0.473938235
155177,Hesston College,480548361,192000,Hesston,301 South Main,Hesston,KS,67062-2093,www.hesston.edu/,98,308,4,0,21,14,1184189,581182,56389.95,41513.0,110286.9382,94108.42955,100,77,35,42,0.012987013,0.0,0.025974026,0.4,0.0,0.0,0.0,0.0,0.0,0.0,0.0,0.0,0.0,0.0,0.0,0.0,0,0.075803083,0.0,0,0.473938235
155195,Hutchinson Community College,480697529,192300,,1300 N Plum St,Hutchinson,KS,67501,www.hutchcc.edu/,1528,4983,1,1,66,81,4043874,4439359,61270.82,54806.9,110286.9382,94108.42955,100,327,148,179,0.042813456,0.058103976,0.0,0.510638298,0.5,0.546666667,0.0,0.0,0.0,0.021276596,0.0,0.013333333,0.0,0.0,0.0,0.0,0,0.075803083,0.666666667,0.134408602,0.473938235
155201,Independence Community College,480720287,192400,,1057 West College Avenue,Independence,KS,67301-0708,www.indycc.edu/,176,821,1,0,15,11,889200,626650,59280.0,56968.18,110286.9382,94108.42955,100,83,31,52,0.096385542,0.060240964,0.024096386,0.466666667,0.363636364,0.466666667,0.0,0.0,0.0,0.0,0.090909091,0.0,0.0,0.090909091,0.0,0.0,0,0.075803083,1.0,1.236093943,0.473938235
155210,Johnson County Community College,480735009,824400,JCCC,12345 College Blvd,Overland Park,KS,66210-1299,www.jccc.edu/,2740,17121,1,1,154,169,12452327,13520401,80859.27,80002.37,110286.9382,94108.42955,100,1359,537,822,0.072847682,0.061810155,0.038263429,0.48951049,0.549450549,0.0,0.006993007,0.0,0.0,0.006993007,0.021978022,0.0,0.027972028,0.043956044,0.0,0.666666667,0.040411388,0.075803083,0.333333333,0.020205694,0.473938235
155292,Kansas City Kansas Community College,480697720,192500,,7250 State Ave,Kansas City,KS,66112,www.kckcc.edu/,1298,4803,1,1,74,66,5818687,4934841,78630.91,74770.32,110286.9382,94108.42955,100,368,172,196,0.171195652,0.105978261,0.008152174,0.422222222,0.40625,0.448818898,0.066666667,0.03125,0.047244094,0.022222222,0.03125,0.015748031,0.066666667,0.0,0.023622047,0.0,0,0.075803083,1.333333333,0.285143998,0.473938235
155317,University of Kansas,481124839,194800,"University of Kansas | Univ of Kansas | Kansas University | KU | Kansas Jayhawks | Univ of KS |University of KS | Kansas Univ | Kansas U, KUMC, University of Kansas Medical Center, KU Medical Center, Kansas University Medical Center","Strong Hall, 1450 Jayhawk Blvd, Room 230",Lawrence,KS,66045,https://ku.edu/,6612,28406,1,1,695,603,79060295,57640864,113755.82,95590.16,110286.9382,94108.42955,100,6653,2585,4068,0.061626334,0.059371712,0.057718323,0.320417288,0.443843031,0.333333333,0.004470939,0.027063599,0.013002364,0.010432191,0.0135318,0.011820331,0.052160954,0.060893099,0.057919622,4.666666667,0.17472917,0.075803083,30.66666667,1.148220259,0.473938235
155335,Newman University,480556716,193900,,3100 McCormick Ave,Wichita,KS,67213-2097,www.newmanu.edu/,343,2787,4,0,30,40,2028642,2629537,67621.4,65738.42,110286.9382,94108.42955,100,125,54,71,0.08,0.112,0.008,0.25,0.56,0.416666667,0.0,0.04,0.041666667,0.0,0.04,0.041666667,0.0,0.04,0.0,0.0,0,0.075803083,0.0,0,0.473938235
155399,Kansas State University,480771751,192800,K-State,"919 Mid-Campus Drive, Anderson Hall",Manhattan,KS,66506,www.k-state.edu/,4907,19745,1,1,520,385,56942500,35016097,109504.81,90950.9,110286.9382,94108.42955,100,3501,1383,2118,0.03199086,0.039131677,0.045129963,0.287313433,0.419213974,0.344897959,0.007462687,0.026200873,0.016326531,0.003731343,0.017467249,0.010204082,0.02238806,0.052401747,0.036734694,0.0,0,0.075803083,12.0,0.60845756,0.473938235
155414,Kansas Wesleyan University,480543729,192900,,100 E. Claflin Ave.,Salina,KS,67401-6146,www.kwu.edu/,163,951,4,0,19,27,1082939,1554215,56996.79,57563.52,110286.9382,94108.42955,100,135,70,65,0.037037037,0.081481481,0.007407407,0.285714286,0.833333333,0.625,0.0,0.0,0.0,0.0,0.083333333,0.0,0.0,0.0,0.0,0.0,0,0.075803083,0.0,0,0.473938235
155450,Labette Community College,480698218,193000,,200 S 14th,Parsons,KS,67357-4201,www.labette.edu/,253,1454,1,0,8,21,516675,1252525,64584.38,59644.05,110286.9382,94108.42955,100,98,33,65,0.040816327,0.030612245,0.0,0.666666667,0.666666667,0.695652174,0.0,0.0,0.0,0.0,0.0,0.0,0.066666667,0.0,0.043478261,0.0,0,0.075803083,0.333333333,0.233918129,0.473938235
155511,McPherson College,480543736,193300,,1600 E. Euclid,McPherson,KS,67460-1402,www.mcpherson.edu/,168,788,4,0,30,23,2064094,1512428,68803.13,65757.74,110286.9382,94108.42955,100,109,56,53,0.073394495,0.036697248,0.0,0.375,0.266666667,0.346153846,0.0,0.0,0.0,0.0,0.066666667,0.038461538,0.0625,0.0,0.038461538,0.0,0,0.075803083,0.0,0,0.473938235
155520,MidAmerica Nazarene University,480730814,703200,MidAmerica Nazarene College,2030 E College Way,Olathe,KS,66062-1899,https://www.mnu.edu/,437,1539,4,0,25,24,1640525,1663878,65621.0,69328.25,110286.9382,94108.42955,100,200,95,105,0.055,0.07,0.0,0.181818182,0.357142857,0.666666667,0.0,0.0,0.0,0.0,0.0,0.0,0.0,0.0,0.0,0.0,0,0.075803083,0.333333333,0.221043324,0.473938235
155566,Neosho County Community College,480698341,193600,,800 W 14th St,Chanute,KS,66720,www.neosho.edu/,658,1783,1,0,30,22,1507800,1185150,50260.0,53870.45,110286.9382,94108.42955,100,141,36,105,0.021276596,0.021276596,0.0,0.470588235,0.466666667,0.5,0.0,0.0,0.0,0.0,0.0,0.0,0.0,0.0,0.0,0.0,0,0.075803083,0.333333333,0.203500204,0.473938235
155593,North Central Kansas Technical College,480691131,526500,,3033 US Highway 24,Beloit,KS,67420,www.ncktc.edu/,408,957,1,0,37,20,1707211,980585,46140.84,49029.25,110286.9382,94108.42955,100,39,9,30,0.0,0.076923077,0.0,0.0,0.0,0.454545455,0.0,0.0,0.0,0.0,0.0,0.0,0.0,0.0,0.0,0.0,0,0.075803083,0.0,0,0.473938235
155618,Northwest Kansas Technical College,480690968,526700,NWKTC or Northwest Tech,1209 Harrison Ave,Goodland,KS,67735,www.nwktc.edu/,231,725,1,0,22,10,1156747,500498,52579.41,50049.8,110286.9382,94108.42955,100,48,21,27,0.104166667,0.125,0.0,0.0,0.0,0.222222222,0.0,0.0,0.0,0.0,0.0,0.0,0.0,0.0,0.0,0.0,0,0.075803083,1.0,1.501501502,0.473938235
155627,Ottawa University-Ottawa,480543772,193700,OUKS - Ottawa,1001 South Cedar,Ottawa,KS,66067-3399,www.ottawa.edu/,169,1055,4,0,14,8,956284,478739,68306.0,59842.38,110286.9382,94108.42955,100,157,85,72,0.070063694,0.025477707,0.025477707,0.0,0.5,0.428571429,0.0,0.0,0.0,0.0,0.125,0.142857143,0.0,0.0,0.0,0.0,0,0.075803083,1.666666667,1.748863239,0.473938235
155636,Ottawa University-Kansas City,480543772,193702,Ottawa University - Overland Park,4370 W. 109th Street Suite 200,Overland Park,KS,66211,www.ottawa.edu/,191,431,4,0,0,6,0,501240,,83540.0,110286.9382,94108.42955,100,32,6,26,0.125,0.09375,0.0,1.0,1.0,1.0,0.0,0.0,0.0,0.0,0.0,0.0,0.0,0.0,0.0,0.0,0,0.075803083,0.0,0,0.473938235
155681,Pittsburg State University,486119268,192600,Pitt State,1701 S Broadway,Pittsburg,KS,66762,https://www.pittstate.edu/,1749,5722,1,1,145,124,10723325,8204883,73953.97,66168.41,110286.9382,94108.42955,100,475,205,270,0.025263158,0.012631579,0.016842105,0.355769231,0.4,0.388888889,0.0,0.0,0.0,0.0,0.0,0.0,0.019230769,0.018181818,0.018518519,0.0,0,0.075803083,1.0,0.170706726,0.473938235
155715,Pratt Community College,480699112,193800,,348 NE SR 61,Pratt,KS,67124,www.prattcc.edu/,276,1153,1,0,27,8,1557739,389850,57694.04,48731.25,110286.9382,94108.42955,100,85,42,43,0.035294118,0.023529412,0.0,0.0,0.0,0.230769231,0.0,0.0,0.0,0.0,0.0,0.0,0.0,0.0,0.0,0.0,0,0.075803083,0.666666667,0.55463117,0.473938235
155812,University of Saint Mary,480547846,194300,"University of St. Mary, University of St Mary",4100 S 4th St,Leavenworth,KS,66048-5082,www.stmary.edu/,292,1414,4,0,34,55,2324092,3824391,68355.65,69534.38,110286.9382,94108.42955,100,142,63,79,0.035211268,0.063380282,0.0,0.222222222,0.541666667,0.421052632,0.0,0.083333333,0.052631579,0.0,0.0,0.0,0.0,0.0,0.0,0.0,0,0.075803083,1.0,0.789265983,0.473938235
155830,Salina Area Technical College,264364610,549900,Salina Tech,2562 Centennial Road,Salina,KS,67401,www.salinatech.edu/,382,1007,1,0,18,20,1067472,1133751,59304.0,56687.55,110286.9382,94108.42955,100,40,13,27,0.025,0.125,0.025,0.0,0.0,0.333333333,0.0,0.0,0.0,0.0,0.0,0.0,0.0,0.0,0.0,0.0,0,0.075803083,0.0,0,0.473938235
155937,Sterling College,480543728,194500,SC,125 W. Cooper,Sterling,KS,67579,www.sterling.edu/,98,707,3,0,24,22,1310277,1029334,54594.88,46787.91,110286.9382,94108.42955,100,89,42,47,0.033707865,0.112359551,0.011235955,0.25,0.222222222,0.5,0.0,0.0,0.0,0.0,0.0,0.038461538,0.25,0.0,0.038461538,0.0,0,0.075803083,0.666666667,0.944287063,0.473938235
155973,Tabor College,480556726,194600,Tabor|TC,400 S Jefferson,Hillsboro,KS,67063-1799,tabor.edu/,135,664,4,0,19,11,1052706,571228,55405.58,51929.82,110286.9382,94108.42955,100,85,54,31,0.0,0.011764706,0.0,0.25,0.25,0.285714286,0.0,0.0,0.0,0.0,0.0,0.0,0.125,0.0,0.142857143,0.0,0,0.075803083,0.0,0,0.473938235
156082,Washburn University,486030115,194900,,1700 SW College Avenue,Topeka,KS,66621,www.washburn.edu/,1277,5663,1,0,106,145,8488973,11365985,80084.65,78386.1,110286.9382,94108.42955,100,476,187,289,0.058823529,0.084033613,0.006302521,0.529411765,0.608695652,0.559322034,0.0,0.0,0.0,0.044117647,0.0,0.025423729,0.0,0.02173913,0.0,1.333333333,0.244200244,0.075803083,1.0,0.183150183,0.473938235
156107,Wichita State University-Campus of Applied Sciences and Technology,201027060,549800,WSU Tech,4004 N Webb Rd. Bldg 100,Wichita,KS,67226,www.wsutech.edu/,1469,5655,1,0,56,44,3080432,2435865,55007.71,55360.57,110286.9382,94108.42955,100,231,108,123,0.090909091,0.095238095,0.017316017,0.0,0.0,0.416666667,0.0,0.0,0.0,0.0,0.0,0.0,0.0,0.0,0.027777778,0.0,0,0.075803083,0.0,0,0.473938235
156125,Wichita State University,486029925,195000,WSU,1845 N. Fairmount,Wichita,KS,67260-0124,www.wichita.edu/,3558,16741,1,1,279,263,26035552,20401954,93317.39,77573.97,110286.9382,94108.42955,100,1942,967,975,0.063336766,0.084449022,0.04376931,0.415584416,0.480225989,0.354581673,0.012987013,0.011299435,0.003984064,0.006493506,0.005649718,0.003984064,0.019480519,0.016949153,0.015936255,0.0,0,0.075803083,4.0,0.246669956,0.473938235
156189,Alice Lloyd College,610492351,195100,,100 Purpose Rd,Pippa Passes,KY,41844,www.alc.edu/,92,553,3,1,16,14,774318,668673,48394.88,47762.36,110286.9382,94108.42955,100,69,31,38,0.0,0.014492754,0.0,0.333333333,0.666666667,0.0,0.0,0.0,0.0,0.0,0.0,0.0,0.0,0.0,0.0,0.0,0,0.075803083,0.333333333,0.589970501,0.473938235
156213,Asbury University,610458355,195200,Asbury College,1 Macklem Dr,Wilmore,KY,40390-1198,https://www.asbury.edu/,367,1942,3,0,47,38,3031233,2395754,64494.32,63046.16,110286.9382,94108.42955,100,222,103,119,0.040540541,0.013513514,0.013513514,0.272727273,0.538461538,0.35,0.0,0.038461538,0.0,0.0,0.0,0.0,0.0,0.0,0.0,0.666666667,0.404040404,0.075803083,1.333333333,0.808080808,0.473938235
156222,Asbury Theological Seminary,610445823,195300,,204 N Lexington Ave,Wilmore,KY,40390-1199,www.asburyseminary.edu/,358,1715,4,0,39,9,3251016,709284,83359.38,78809.33,110286.9382,94108.42955,100,175,92,83,0.028571429,0.062857143,0.051428571,0.166666667,0.125,0.121212121,0.0,0.125,0.03030303,0.0,0.0,0.0,0.0,0.0,0.0,0.0,0,0.075803083,0.0,0,0.473938235
156231,Ashland Community and Technical College,611320380,199000,ACTC,1400 College Drive,Ashland,KY,41101-3683,https://ashland.kctcs.edu/,948,2559,1,1,32,35,1869370,1859137,58417.81,53118.2,110286.9382,94108.42955,100,106,40,66,0.028301887,0.0,0.0,0.384615385,0.583333333,0.375,0.0,0.0,0.0,0.0,0.0,0.0,0.0,0.0,0.0,0.0,0,0.075803083,0.0,0,0.473938235
156286,Bellarmine University,610482955,195400,,2001 Newburg Rd,Louisville,KY,40205-0671,https://www.bellarmine.edu/,900,2993,4,0,64,97,5604450,8081844,87569.53,83317.98,110286.9382,94108.42955,100,322,136,186,0.077639752,0.01552795,0.01552795,0.322580645,0.627118644,0.505882353,0.0,0.050847458,0.023529412,0.0,0.0,0.0,0.0,0.016949153,0.0,0.0,0,0.075803083,2.333333333,0.785634119,0.473938235
156295,Berea College,610444650,195500,,101 Chestnut Street,Berea,KY,40404-2182,https://www.berea.edu/,311,1487,3,1,64,77,5218770,6085540,81543.28,79032.99,110286.9382,94108.42955,100,436,165,271,0.098623853,0.036697248,0.01146789,0.586206897,0.448275862,0.521126761,0.068965517,0.034482759,0.056338028,0.0,0.0,0.0,0.0,0.051724138,0.042253521,0.0,0,0.075803083,4.0,2.791346825,0.473938235
156338,Southcentral Kentucky Community and Technical College,611320380,527100,,1845 Loop Dr,Bowling Green,KY,42101-3601,https://southcentral.kctcs.edu/,1291,5084,1,0,41,53,2287445,2855815,55791.34,53883.3,110286.9382,94108.42955,100,210,78,132,0.076190476,0.0,0.004761905,0.37037037,0.8,0.0,0.037037037,0.05,0.0,0.0,0.0,0.0,0.0,0.0,0.0,0.666666667,0.140884756,0.075803083,0.333333333,0.070442378,0.473938235
156356,Brescia University,610660795,195800,,717 Frederica St,Owensboro,KY,42301-3023,www.brescia.edu/,220,638,4,0,20,17,1032825,920664,51641.25,54156.71,110286.9382,94108.42955,100,110,46,64,0.036363636,0.009090909,0.0,0.25,0.6,0.555555556,0.0,0.066666667,0.055555556,0.0,0.0,0.0,0.0,0.0,0.0,0.0,0,0.075803083,0.333333333,0.515995872,0.473938235
156365,Campbellsville University,610469267,195900,,1 University Dr,Campbellsville,KY,42718-2799,https://www.campbellsville.edu/,2414,12451,4,0,116,171,7579840,9470898,65343.45,55385.37,110286.9382,94108.42955,100,532,234,298,0.103383459,0.013157895,0.003759398,0.456140351,0.422222222,0.446601942,0.0,0.022222222,0.009708738,0.01754386,0.111111111,0.058252427,0.0,0.0,0.0,0.0,0,0.075803083,1.333333333,0.113234253,0.473938235
156392,Bluegrass Community and Technical College,611320380,524400,,470 Cooper Drive,Lexington,KY,40506,https://bluegrass.kctcs.edu/,2799,11619,1,1,82,112,4813288,6524767,58698.63,58256.85,110286.9382,94108.42955,100,420,140,280,0.133333333,0.014285714,0.028571429,0.589285714,0.488888889,0.506329114,0.035714286,0.066666667,0.063291139,0.017857143,0.0,0.012658228,0.0,0.0,0.0,0.0,0,0.075803083,1.333333333,0.12922401,0.473938235
156408,Centre College,610444671,196100,Centre College of Kentucky,625 W Walnut St,Danville,KY,40422-1394,https://www.centre.edu/,287,1356,4,0,72,65,6117213,5344346,84961.29,82220.71,110286.9382,94108.42955,100,318,132,186,0.062893082,0.009433962,0.012578616,0.4,0.557692308,0.4875,0.0,0.019230769,0.0125,0.0,0.0,0.0,0.0,0.019230769,0.0125,0.0,0,0.075803083,0.666666667,0.491279784,0.473938235
156541,University of the Cumberlands,610470593,196200,Cumberland College,6191 College Station Drive,Williamsburg,KY,40769,www.ucumberlands.edu/,5548,20327,4,0,125,147,8720720,10903482,69765.76,74173.35,110286.9382,94108.42955,100,339,120,219,0.014749263,0.0,0.005899705,0.421875,0.536082474,0.4,0.0,0.06185567,0.0,0.0,0.0,0.0,0.015625,0.010309278,0.028571429,0.0,0,0.075803083,0.0,0,0.473938235
156620,Eastern Kentucky University,611011211,196300,Eastern EKU,521 Lancaster Ave,Richmond,KY,40475-3102,www.eku.edu/,3420,15008,1,0,238,263,17313941,18422349,72747.65,70046.95,110286.9382,94108.42955,100,1331,521,810,0.038317055,0.021036814,0.002253944,0.436363636,0.535433071,0.47826087,0.018181818,0.015748031,0.02173913,0.018181818,0.015748031,0.014492754,0.024242424,0.023622047,0.025362319,0.0,0,0.075803083,19.66666667,1.372987061,0.473938235
156648,Elizabethtown Community and Technical College,611320380,199100,ECTC,600 College Street Rd,Elizabethtown,KY,42701-3081,https://elizabethtown.kctcs.edu/,2033,6204,1,0,59,47,3332840,2853835,56488.81,60719.89,110286.9382,94108.42955,100,203,58,145,0.078817734,0.009852217,0.004926108,0.5,0.40625,0.522727273,0.022727273,0.03125,0.045454545,0.0,0.0,0.0,0.0,0.03125,0.0,0.0,0,0.075803083,0.0,0,0.473938235
156727,Frontier Nursing University,611124267,3007000,,2050 Lexington Road,Versailles,KY,40383,www.frontier.edu/,960,2548,3,0,10,134,796154,13439323,79615.4,100293.46,110286.9382,94108.42955,100,112,26,86,0.125,0.008928571,0.017857143,1.0,1.0,0.0,0.0,0.105263158,0.0,0.0,0.0,0.0,0.0,0.0,0.0,0.0,0,0.075803083,0.0,0,0.473938235
156745,Georgetown College,610444695,196400,,400 East College Street,Georgetown,KY,40324-1696,www.georgetowncollege.edu/,296,1463,4,0,36,29,2237371,1638019,62149.19,56483.41,110286.9382,94108.42955,100,115,56,59,0.086956522,0.017391304,0.0,0.371428571,0.416666667,0.391304348,0.0,0.0,0.0,0.028571429,0.0,0.02173913,0.0,0.0,0.0,1.333333333,0.861326443,0.075803083,0.333333333,0.215331611,0.473938235
156790,Hazard Community and Technical College,611320380,696200,,One Community College Drive,Hazard,KY,41701-2402,https://hazard.kctcs.edu/,853,3039,1,0,28,37,1647539,2197772,58840.68,59399.24,110286.9382,94108.42955,100,136,63,73,0.007352941,0.0,0.0,0.47826087,0.642857143,0.333333333,0.0,0.0,0.0,0.0,0.0,0.0,0.0,0.0,0.0,0.0,0,0.075803083,0.0,0,0.473938235
156851,Henderson Community College,611320380,199300,,2660 S Green St,Henderson,KY,42420-4699,https://henderson.kctcs.edu/,360,1606,1,1,9,20,499104,1087655,55456.0,54382.75,110286.9382,94108.42955,100,50,15,35,0.04,0.02,0.0,0.636363636,0.5,0.75,0.090909091,0.0,0.0,0.0,0.0,0.0,0.0,0.25,0.0,0.0,0,0.075803083,0.0,0,0.473938235
156860,Hopkinsville Community College,611320380,199400,,720 North Dr.,Hopkinsville,KY,42240,https://hopkinsville.kctcs.edu/index.aspx,619,2156,1,0,18,32,962486,1658962,53471.44,51842.56,110286.9382,94108.42955,100,111,35,76,0.243243243,0.036036036,0.0,0.533333333,0.6,0.615384615,0.0,0.0,0.0,0.0,0.0,0.0,0.0,0.0,0.0,0.0,0,0.075803083,0.0,0,0.473938235
156921,Jefferson Community and Technical College,616001218,696100,,109 East Broadway,Louisville,KY,40202,https://jefferson.kctcs.edu/,2674,12574,1,0,76,95,4532449,5830189,59637.49,61370.41,110286.9382,94108.42955,100,362,147,215,0.187845304,0.011049724,0.005524862,0.634146341,0.5,0.53968254,0.048780488,0.0,0.031746032,0.0,0.0,0.0,0.024390244,0.0,0.015873016,0.0,0,0.075803083,1.0,0.082966896,0.473938235
157058,Kentucky State University,611099719,196800,K-State,400 East Main Street,Frankfort,KY,40601-2355,www.kysu.edu/,235,1689,1,0,42,31,2892002,2007624,68857.19,64762.06,110286.9382,94108.42955,100,248,121,127,0.403225806,0.016129032,0.036290323,0.25,0.5,0.361111111,0.0,0.090909091,0.055555556,0.0,0.045454545,0.027777778,0.083333333,0.045454545,0.055555556,0.0,0,0.075803083,0.0,0,0.473938235
157076,Kentucky Wesleyan College,610466713,196900,Wesleyan,3000 Frederica Street,Owensboro,KY,42301,https://kwc.edu/,174,834,4,0,21,18,1196445,900908,56973.57,50050.44,110286.9382,94108.42955,100,115,61,54,0.069565217,0.017391304,0.0,0.333333333,0.357142857,0.375,0.0,0.071428571,0.0625,0.0,0.0,0.0,0.0,0.0,0.0,0.0,0,0.075803083,2.666666667,3.2800328,0.473938235
157085,University of Kentucky,616001218,198900,,South Limestone,Lexington,KY,40506-0032,www.uky.edu/,8086,32703,1,1,762,663,91434437,66685608,119992.7,100581.61,110286.9382,94108.42955,100,9473,3743,5730,0.071782962,0.025968542,0.045392167,0.298305085,0.470212766,0.376323388,0.013559322,0.038297872,0.024061598,0.011864407,0.029787234,0.020211742,0.027118644,0.053191489,0.03946102,0.0,0,0.075803083,32.33333333,1.024925772,0.473938235
157100,Kentucky Christian University,610510937,196500,,100 Academic Pkwy,Grayson,KY,41143-1199,www.kcu.edu/,95,541,4,0,12,17,567098,748975,47258.17,44057.35,110286.9382,94108.42955,100,78,41,37,0.0,0.0,0.0,0.0,0.285714286,0.0,0.0,0.142857143,0.0,0.0,0.0,0.0,0.0,0.0,0.0,0.0,0,0.075803083,0.333333333,0.529941706,0.473938235
157216,Lindsey Wilson College,610444763,197200,,210 Lindsey Wilson St,Columbia,KY,42728-1223,https://www.lindsey.edu/,779,4055,4,0,51,60,3257506,3915033,63872.67,65250.55,110286.9382,94108.42955,100,277,130,147,0.054151625,0.025270758,0.014440433,0.538461538,0.513513514,0.0,0.076923077,0.027027027,0.0,0.0,0.0,0.0,0.0,0.0,0.0,0.0,0,0.075803083,1.0,0.316555872,0.473938235
157289,University of Louisville,611014882,199900,,2301 S 3rd St,Louisville,KY,40292-0001,www.louisville.edu/,5392,22139,1,1,347,372,37507638,34137220,108091.18,91766.72,110286.9382,94108.42955,100,4729,1990,2739,0.112920279,0.027489956,0.057305984,0.381443299,0.479166667,0.378666667,0.024054983,0.035714286,0.034666667,0.003436426,0.017857143,0.010666667,0.024054983,0.020833333,0.026666667,0.0,0,0.075803083,11.33333333,0.514753751,0.473938235
157304,Madisonville Community College,611320380,901000,,2000 College Drive,Madisonville,KY,42431,https://madisonville.kctcs.edu/,1106,3535,1,0,34,46,2003204,2856310,58917.76,62093.7,110286.9382,94108.42955,100,133,42,91,0.052631579,0.007518797,0.007518797,0.708333333,0.5,0.714285714,0.020833333,0.0,0.035714286,0.0,0.5,0.0,0.0,0.0,0.0,0.0,0,0.075803083,0.0,0,0.473938235
157331,Maysville Community and Technical College,611320380,696000,,1755 U.S. Hwy 68,Maysville,KY,41056,https://maysville.kctcs.edu/,1044,4296,1,0,34,47,1851734,2763414,54462.76,58796.04,110286.9382,94108.42955,100,135,40,95,0.007407407,0.0,0.0,0.653846154,0.619047619,0.695652174,0.0,0.095238095,0.0,0.0,0.0,0.0,0.0,0.0,0.0,0.0,0,0.075803083,0.0,0,0.473938235
157377,Midway University,610444708,197500,,512 E. Stephens St,Midway,KY,40347-1120,www.midway.edu/,357,1945,4,0,15,24,1033926,1567309,68928.4,65304.54,110286.9382,94108.42955,100,103,57,46,0.087378641,0.009708738,0.048543689,0.75,0.444444444,0.0,0.0,0.0,0.0,0.0,0.0,0.0,0.0,0.0,0.0,0.0,0,0.075803083,0.0,0,0.473938235
157386,Morehead State University,616001496,197600,,University Blvd,Morehead,KY,40351,https://www.moreheadstate.edu/,1317,8618,1,0,153,134,11337453,9055659,74101.0,67579.54,110286.9382,94108.42955,100,554,223,331,0.023465704,0.014440433,0.003610108,0.459459459,0.421052632,0.44,0.027027027,0.013157895,0.02,0.027027027,0.0,0.013333333,0.040540541,0.039473684,0.04,0.0,0,0.075803083,2.333333333,0.264940767,0.473938235
157401,Murray State University,611005783,197700,,218 Wells Hall,Murray,KY,42071-3318,www.murraystate.edu/,2294,9841,1,0,217,221,16471267,14668400,75904.46,66372.85,110286.9382,94108.42955,100,607,222,385,0.065897858,0.011532125,0.013179572,0.350515464,0.467741935,0.412844037,0.010309278,0.024193548,0.018348624,0.010309278,0.016129032,0.013761468,0.092783505,0.024193548,0.055045872,0.0,0,0.075803083,7.333333333,0.773639976,0.473938235
157438,Gateway Community and Technical College,611320380,527300,Northern Kentucky State Vocational Technical School  Northern Kentucky Tech  Northern Kentucky Technical College  Northern Kentucky Health Occupational Center  Northern Campbell Tech  Northern Kentucky Health Technology Center,500 Technology Way,Florence,KY,41042,https://gateway.kctcs.edu/index.aspx,1877,4752,1,0,45,37,2579594,2051135,57324.31,55436.08,110286.9382,94108.42955,100,195,74,121,0.061538462,0.015384615,0.030769231,0.25,0.583333333,0.0,0.0,0.0,0.0,0.0,0.0,0.0,0.0,0.0,0.0,0.0,0,0.075803083,0.666666667,0.15015015,0.473938235
157447,Northern Kentucky University,611010545,927500,NKU,Nunn Drive,Highland Heights,KY,41099,www.nku.edu/,3719,14961,1,1,238,295,20642563,23412304,86733.46,79363.74,110286.9382,94108.42955,100,778,300,478,0.084832905,0.005141388,0.017994859,0.434108527,0.577235772,0.504,0.007751938,0.016260163,0.012,0.0,0.008130081,0.004,0.046511628,0.040650407,0.044,0.666666667,0.042191422,0.075803083,8.0,0.50629707,0.473938235
157483,West Kentucky Community and Technical College,611320380,197900,WKCTC,4810 Alben Barkley Drive,Paducah,KY,42001,https://westkentucky.kctcs.edu/,1425,5132,1,0,37,72,2191043,4059008,59217.38,56375.11,110286.9382,94108.42955,100,176,70,106,0.102272727,0.017045455,0.005681818,0.580645161,0.388888889,0.636363636,0.032258065,0.055555556,0.0,0.0,0.0,0.0,0.032258065,0.0,0.090909091,0.0,0,0.075803083,0.0,0,0.473938235
157535,University of Pikeville,610444788,198000,UPIKE,147 Sycamore St,Pikeville,KY,41501,www.upike.edu/,487,2610,4,0,32,37,2073873,2346358,64808.53,63415.08,110286.9382,94108.42955,100,245,99,146,0.008163265,0.008163265,0.0,0.529411765,0.55,0.0,0.029411765,0.0,0.0,0.0,0.0,0.0,0.058823529,0.025,0.0,0.0,0,0.075803083,0.0,0,0.473938235
157553,Big Sandy Community and Technical College,611320380,199600,,1 Bert Combs Dr,Prestonsburg,KY,41653,https://bigsandy.kctcs.edu/,511,2583,1,0,30,42,1728701,2417802,57623.37,57566.71,110286.9382,94108.42955,100,138,49,89,0.007246377,0.007246377,0.0,0.583333333,0.6,0.555555556,0.0,0.0,0.0,0.0,0.0,0.0,0.0,0.1,0.0,0.0,0,0.075803083,0.0,0,0.473938235
157711,Somerset Community College,611320380,199700,,808 Monticello Street,Somerset,KY,42501-2973,https://somerset.kctcs.edu/,1158,5766,1,0,57,79,3223935,4496083,56560.26,56912.44,110286.9382,94108.42955,100,286,122,164,0.017482517,0.006993007,0.003496503,0.644444444,0.551724138,0.5,0.0,0.0,0.0,0.0,0.0,0.0,0.0,0.0,0.0,0.0,0,0.075803083,0.0,0,0.473938235
157739,Southeast Kentucky Community & Technical College,611320380,199800,,700 College Rd,Cumberland,KY,40823,https://southeast.kctcs.edu/,727,3144,1,0,29,34,1913607,1862588,65986.45,54782.0,110286.9382,94108.42955,100,166,70,96,0.024096386,0.0,0.0,0.366666667,0.714285714,0.157894737,0.0,0.0,0.0,0.0,0.0,0.0,0.0,0.0,0.0,0.0,0,0.075803083,0.0,0,0.473938235
157757,Spalding University,610444780,196000,Spalding,901 S Fourth Street,Louisville,KY,40203-2188,https://www.spalding.edu/,536,1555,4,0,37,64,2923570,5499292,79015.41,85926.44,110286.9382,94108.42955,100,146,56,90,0.143835616,0.020547945,0.01369863,0.7,0.64,0.638888889,0.0,0.08,0.055555556,0.0,0.0,0.0,0.05,0.0,0.027777778,0.666666667,0.43516101,0.075803083,1.333333333,0.870322019,0.473938235
157809,Thomas More University,610448560,200100,Thomas More,333 Thomas More Parkway,Crestview Hills,KY,41017-3495,www.thomasmore.edu/,395,1947,4,0,43,38,2628537,2203650,61128.77,57990.79,110286.9382,94108.42955,100,156,78,78,0.012820513,0.019230769,0.012820513,0.4,0.5,0.447368421,0.0,0.0,0.0,0.08,0.0,0.052631579,0.0,0.05,0.026315789,0.0,0,0.075803083,0.666666667,0.340483487,0.473938235
157818,Transylvania University,610444825,198700,,300 N Broadway,Lexington,KY,40508-1797,https://www.transy.edu/,188,1022,4,0,42,40,4064976,3494862,96785.14,87371.55,110286.9382,94108.42955,100,199,85,114,0.120603015,0.020100503,0.010050251,0.342857143,0.548387097,0.444444444,0.0,0.0,0.0,0.028571429,0.0,0.015873016,0.028571429,0.0,0.015873016,0.0,0,0.075803083,2.0,2.042900919,0.473938235
157863,Union College,610461768,198800,,310 College St,Barbourville,KY,40906-1499,https://www.unionky.edu/,296,1129,4,0,22,26,1039213,1263974,47236.95,48614.38,110286.9382,94108.42955,100,107,46,61,0.065420561,0.0,0.0,0.307692308,0.615384615,0.333333333,0.0,0.0,0.0,0.0,0.0,0.0,0.0,0.0,0.0,0.666666667,0.687285223,0.075803083,4.333333333,4.467353952,0.473938235
157951,Western Kentucky University,606055628,200200,"WKU, HILLTOPPERS",1906 College Heights Blvd,Bowling Green,KY,42101-1000,https://www.wku.edu/,3508,16759,1,1,301,336,23977564,23222903,79659.68,69115.78,110286.9382,94108.42955,100,1286,475,811,0.082426128,0.018662519,0.014774495,0.383419689,0.575418994,0.464071856,0.020725389,0.05027933,0.035928144,0.010362694,0.011173184,0.008982036,0.046632124,0.055865922,0.053892216,1.333333333,0.080842378,0.075803083,6.0,0.363790699,0.473938235
158431,Bossier Parish Community College,721380259,2055400,,6220 East Texas,Bossier City,LA,71111-6922,https://www.bpcc.edu/,1191,5636,1,0,43,83,2358479,4688000,54848.35,56481.93,110286.9382,94108.42955,100,239,101,138,0.238493724,0.058577406,0.020920502,0.730769231,0.681818182,0.636363636,0.115384615,0.0,0.0,0.0,0.0,0.0,0.0,0.045454545,0.0,0.0,0,0.075803083,1.0,0.15842839,0.473938235
158477,Centenary College of Louisiana,720408915,200300,,2911 Centenary Boulevard,Shreveport,LA,71104,www.centenary.edu/,131,648,4,0,26,26,1821009,1731715,70038.81,66604.42,110286.9382,94108.42955,100,122,56,66,0.180327869,0.040983607,0.016393443,0.333333333,0.538461538,0.44,0.0,0.076923077,0.04,0.0,0.0,0.0,0.0,0.0,0.0,0.666666667,1.199040767,0.075803083,8.0,14.38848921,0.473938235
158662,Delgado Community College,726012995,462500,,615 City Park Avenue,New Orleans,LA,70119,https://www.dcc.edu/,2552,12130,1,0,89,173,5361245,11364274,60238.71,65689.45,110286.9382,94108.42955,100,438,147,291,0.534246575,0.061643836,0.025114155,0.72,0.617021277,0.818181818,0.15,0.170212766,0.181818182,0.04,0.0,0.090909091,0.01,0.021276596,0.0,0.0,0,0.075803083,0.333333333,0.026931674,0.473938235
158802,Dillard University,720408929,200400,,2601 Gentilly Blvd,New Orleans,LA,70122,www.dillard.edu/,222,1122,4,0,35,40,2410949,2510417,68884.26,62760.42,110286.9382,94108.42955,100,210,78,132,0.871428571,0.00952381,0.019047619,0.333333333,0.421052632,0.37037037,0.333333333,0.210526316,0.222222222,0.0,0.0,0.0,0.0,0.052631579,0.037037037,0.0,0,0.075803083,2.0,1.633986928,0.473938235
158884,Nunez Community College,721215360,2166100,,3710 Paris Rd,Chalmette,LA,70043,www.nunez.edu/,526,2950,1,0,14,9,800895,491905,57206.79,54656.11,110286.9382,94108.42955,100,80,31,49,0.275,0.075,0.0125,0.5,0.666666667,0.0,0.25,0.0,0.0,0.0,0.0,0.0,0.0,0.0,0.0,0.0,0,0.075803083,0.0,0,0.473938235
159009,Grambling State University,726000751,200600,"GSU, Grambling",403 Main Street,Grambling,LA,71245,www.gram.edu/,757,5114,1,0,78,77,4830062,4177052,61923.87,54247.43,110286.9382,94108.42955,100,283,108,175,0.908127208,0.010600707,0.017667845,0.307692308,0.448275862,0.4375,0.230769231,0.379310345,0.34375,0.0,0.0,0.0,0.076923077,0.0,0.046875,0.0,0,0.075803083,9.333333333,1.845261632,0.473938235
159373,Louisiana State University Health Sciences Center-New Orleans,726087770,201400,LSUHSC  LSUHSC-NO  LSUMC  LSU Medical Center  LSU Health Sciences Center  LSU Health Sciences Center at New Orleans,433 Bolivar St,New Orleans,LA,70112-2223,www.lsuhsc.edu/,868,2683,1,0,73,115,9443400,12098207,129361.64,105201.8,110286.9382,94108.42955,100,1199,334,865,0.402835696,0.043369475,0.057547957,0.278195489,0.515837104,0.291666667,0.030075188,0.049773756,0.03125,0.015037594,0.022624434,0.010416667,0.045112782,0.085972851,0.083333333,0.0,0,0.075803083,0.333333333,0.121654501,0.473938235
159382,Louisiana State University-Alexandria,726000848,201100,LSUA,8100 Hwy 71 South,Alexandria,LA,71302-9121,www.lsua.edu/,846,5330,1,1,41,52,2693515,3516580,65695.49,67626.54,110286.9382,94108.42955,100,193,63,130,0.202072539,0.020725389,0.020725389,0.4,0.714285714,0.540540541,0.05,0.0,0.027027027,0.0,0.0,0.0,0.0,0.095238095,0.054054054,0.0,0,0.075803083,0.333333333,0.077718194,0.473938235
159391,Louisiana State University and Agricultural & Mechanical College,726000848,201000,Louisiana State University|LSU,156 Thomas Boyd Hall,Baton Rouge,LA,70803-2750,www.lsu.edu/,7111,39418,1,1,793,578,91968715,51970889,115975.68,89915.03,110286.9382,94108.42955,100,5094,2015,3079,0.218492344,0.029839026,0.032194739,0.273869347,0.422018349,0.317577548,0.01758794,0.024464832,0.020679468,0.010050251,0.01529052,0.011816839,0.025125628,0.067278287,0.045790251,2.0,0.053550391,0.075803083,16.0,0.428403127,0.473938235
159407,Louisiana State University-Eunice,726000848,201200,LSU Eunice,2048 Johnson Hwy,Eunice,LA,70535,https://www.lsue.edu/,424,3623,1,0,21,48,1062645,2418529,50602.14,50386.02,110286.9382,94108.42955,100,78,31,47,0.179487179,0.012820513,0.012820513,0.272727273,0.666666667,0.375,0.0,0.0,0.125,0.0,0.0,0.0,0.0,0.0,0.0,0.666666667,0.219442616,0.075803083,1.0,0.329163924,0.473938235
159416,Louisiana State University-Shreveport,720702001,201300,LSUS,One University Place,Shreveport,LA,71115-2399,www.lsus.edu/,3570,9736,1,0,90,61,8033186,4821342,89257.62,79038.39,110286.9382,94108.42955,100,237,91,146,0.261603376,0.021097046,0.012658228,0.371428571,0.4,0.381818182,0.028571429,0.04,0.036363636,0.0,0.0,0.0,0.028571429,0.0,0.018181818,0.0,0,0.075803083,4.0,0.458662997,0.473938235
159568,Louisiana Christian University,720467515,200700,,1140 College Dr,Pineville,LA,71359,www.lcuniversity.edu/,258,950,4,0,31,32,1918945,1875953,61901.45,58623.53,110286.9382,94108.42955,100,127,39,88,0.094488189,0.0,0.015748031,0.625,0.470588235,0.6,0.0,0.058823529,0.0,0.0,0.0,0.0,0.0625,0.0,0.04,0.0,0,0.075803083,0.0,0,0.473938235
159647,Louisiana Tech University,726000792,200800,"LA Tech, Louisiana Tech, Tech",1310 West Railroad Avenue,Ruston,LA,71272,https://www.latech.edu/,2019,11427,1,0,225,141,19814742,10179765,88065.52,72196.91,110286.9382,94108.42955,100,693,269,424,0.222222222,0.008658009,0.014430014,0.333333333,0.373737374,0.356756757,0.0,0.03030303,0.021621622,0.023809524,0.0,0.010810811,0.023809524,0.01010101,0.016216216,0.0,0,0.075803083,7.333333333,0.676569179,0.473938235
159656,Loyola University New Orleans,720408946,201600,,6363 Saint Charles Ave,New Orleans,LA,70118-6143,www.loyno.edu/,1074,4351,4,0,131,103,10697948,8061835,81663.73,78270.24,110286.9382,94108.42955,100,476,173,303,0.207983193,0.075630252,0.023109244,0.355932203,0.361702128,0.355769231,0.016949153,0.021276596,0.019230769,0.050847458,0.0,0.028846154,0.016949153,0.042553191,0.028846154,0.0,0,0.075803083,4.0,0.909711167,0.473938235
159717,McNeese State University,726001688,201700,McNeese,4205 Ryan St,Lake Charles,LA,70605,www.mcneese.edu/,1268,6060,1,0,119,119,8662151,7862176,72791.18,66068.71,110286.9382,94108.42955,100,299,108,191,0.163879599,0.026755853,0.010033445,0.209302326,0.5,0.398058252,0.023255814,0.0,0.019417476,0.0,0.0,0.0,0.0,0.052631579,0.038834951,0.0,0,0.075803083,1.0,0.160513644,0.473938235
159939,University of New Orleans,720702000,201500,UNO,2000 Lakeshore Drive,New Orleans,LA,70148,new.uno.edu/,1305,6601,1,0,154,90,14070325,6093180,91365.75,67702.0,110286.9382,94108.42955,100,734,259,475,0.351498638,0.029972752,0.028610354,0.21686747,0.266666667,0.23015873,0.048192771,0.044444444,0.047619048,0.0,0.0,0.0,0.0,0.0,0.0,0.0,0,0.075803083,9.333333333,1.312520508,0.473938235
159966,Nicholls State University,726011797,200500,,University Station  La Hwy 1,Thibodaux,LA,70310,www.nicholls.edu/,1334,6180,1,0,109,145,7396832,8892988,67860.84,61330.95,110286.9382,94108.42955,100,350,131,219,0.12,0.017142857,0.008571429,0.43902439,0.377777778,0.4375,0.0,0.044444444,0.020833333,0.024390244,0.0,0.010416667,0.024390244,0.0,0.010416667,0.0,0,0.075803083,2.666666667,0.453283472,0.473938235
159993,University of Louisiana at Monroe,726001695,202000,ULM; University of Louisiana-Monroe; Uni of LA-Monroe; University of Louisiana Monroe; University of Louisiana at Monroe,700 University Avenue,Monroe,LA,71209-0000,www.ulm.edu/,1738,8272,1,1,136,193,11112176,14298818,81707.18,74087.14,110286.9382,94108.42955,100,449,167,282,0.227171492,0.017817372,0.033407572,0.465753425,0.546666667,0.514084507,0.02739726,0.026666667,0.028169014,0.04109589,0.0,0.021126761,0.02739726,0.013333333,0.021126761,0.0,0,0.075803083,7.333333333,0.873223783,0.473938235
160038,Northwestern State University of Louisiana,726000783,202100,NSU | NSULA | Northwestern State University | Northwestern | NwSU,175 Sam Sibley Drive,Natchitoches,LA,71497-0002,https://www.nsula.edu/,1946,8847,1,0,126,195,8867964,13790541,70380.67,70720.72,110286.9382,94108.42955,100,393,128,265,0.193384224,0.025445293,0.002544529,0.469387755,0.486111111,0.512987013,0.0,0.055555556,0.032467532,0.040816327,0.013888889,0.025974026,0.0,0.0,0.0,1.333333333,0.142010154,0.075803083,12.66666667,1.34909646,0.473938235
160065,University of Holy Cross,720642832,202300,,4123 Woodland Drive,New Orleans,LA,70131-7399,uhcno.edu/,190,1152,4,0,20,41,1286852,2963629,64342.6,72283.63,110286.9382,94108.42955,100,62,22,40,0.403225806,0.064516129,0.016129032,0.55,0.714285714,0.0,0.1,0.214285714,0.0,0.0,0.0,0.0,0.0,0.0,0.0,0.0,0,0.075803083,0.0,0,0.473938235
160074,Franciscan Missionaries of Our Lady University,721173156,3106200,FranU,5414 Brittany Dr,Baton Rouge,LA,70808,www.franu.edu/,313,1204,4,0,21,66,1736891,5931693,82709.1,89874.14,110286.9382,94108.42955,100,72,13,59,0.319444444,0.0,0.013888889,0.5,0.55,0.0,0.0,0.15,0.0,0.0,0.0,0.0,0.0,0.0,0.0,0.0,0,0.075803083,0.333333333,0.271444083,0.473938235
160481,Fletcher Technical Community College,720772772,576100,Fletcher Technical Community College,1407 Highway 311,Schriever,LA,70395,www.fletcher.edu/,750,2426,1,0,19,37,1058242,1987350,55696.95,53712.16,110286.9382,94108.42955,100,56,9,47,0.125,0.0,0.017857143,1.0,1.0,0.0,0.0,0.0,0.0,0.0,0.0,0.0,0.0,0.0,0.0,0.0,0,0.075803083,0.0,0,0.473938235
160579,SOWELA Technical Community College,721470584,546700,SOWELA,3820 Senator J. Bennett Johnston Ave,Lake Charles,LA,70615,www.sowela.edu/,1138,3316,1,0,45,53,2560855,3076883,56907.89,58054.4,110286.9382,94108.42955,100,101,35,66,0.247524752,0.04950495,0.0,0.75,0.666666667,0.5,0.0,0.0,0.0,0.0,0.0,0.0,0.0,0.0,0.0,0.0,0,0.075803083,0.333333333,0.101999184,0.473938235
160612,Southeastern Louisiana University,726000816,202400,Southeastern,548 Ned McGehee Ave.,Hammond,LA,70402,www.southeastern.edu/,2158,13861,1,0,201,275,14938267,16828566,74319.74,61194.79,110286.9382,94108.42955,100,744,272,472,0.185483871,0.017473118,0.001344086,0.242857143,0.4375,0.342281879,0.014285714,0.0,0.006711409,0.014285714,0.0,0.006711409,0.014285714,0.0375,0.026845638,2.666666667,0.198044312,0.075803083,22.66666667,1.683376656,0.473938235
160630,Southern University at New Orleans,726000817,202600,SUNO,6400 Press Drive,New Orleans,LA,70126,www.suno.edu/,309,2059,1,0,51,35,3644616,2241956,71463.06,64055.89,110286.9382,94108.42955,100,154,48,106,0.88961039,0.019480519,0.0,0.19047619,0.34375,0.346938776,0.095238095,0.1875,0.224489796,0.0,0.0,0.0,0.0,0.0625,0.020408163,0.0,0,0.075803083,1.333333333,0.683760684,0.473938235
160649,Southern University at Shreveport,726000817,768600,SUSLA,3050 Martin Luther King Dr,Shreveport,LA,71107,www.susla.edu/,265,3156,1,0,24,46,1426798,2814569,59449.92,61186.28,110286.9382,94108.42955,100,137,48,89,0.95620438,0.0,0.0,1.0,0.833333333,0.875,1.0,0.833333333,0.75,0.0,0.0,0.0,0.0,0.0,0.0,0.0,0,0.075803083,0.0,0,0.473938235
160658,University of Louisiana at Lafayette,726000820,203100,UL Lafayette,104 University Circle,Lafayette,LA,70503,www.louisiana.edu/,3178,15345,1,1,333,299,30263226,21166466,90880.56,70790.86,110286.9382,94108.42955,100,1257,494,763,0.268894193,0.033412888,0.022275259,0.235714286,0.377358491,0.311643836,0.007142857,0.009433962,0.010273973,0.0,0.009433962,0.003424658,0.028571429,0.037735849,0.037671233,0.0,0,0.075803083,5.0,0.328536698,0.473938235
160667,Northshore Technical Community College,721470584,675600,Northshore Technical College-Sullivan Main Campus  Louisiana Technical College Sullivan Campus  Sullivan Technical College,65556 Centerpoint Blvd.,Lacombe,LA,70445,northshorecollege.edu/,1235,5716,1,0,35,45,1755786,2270393,50165.31,50453.18,110286.9382,94108.42955,100,95,26,69,0.294736842,0.021052632,0.0,1.0,1.0,0.0,0.0,0.0,0.0,0.0,0.0,0.0,0.0,0.0,0.0,0.0,0,0.075803083,0.0,0,0.473938235
160755,Tulane University of Louisiana,720423889,202900,Tulane University,6823 St. Charles Avenue,New Orleans,LA,70118-5698,https://tulane.edu/,3960,13078,3,1,496,408,64882910,45560121,130812.32,111666.96,110286.9382,94108.42955,100,3863,1295,2568,0.237898007,0.073000259,0.049702304,0.283707865,0.438235294,0.327935223,0.014044944,0.044117647,0.020242915,0.008426966,0.044117647,0.022267206,0.025280899,0.044117647,0.020242915,3.333333333,0.237636938,0.075803083,16.0,1.140657304,0.473938235
160904,Xavier University of Louisiana,720635884,203200,,1 Drexel Drive,New Orleans,LA,70125-1098,https://www.xula.edu/,666,3181,4,0,122,124,11398393,11556454,93429.45,93197.21,110286.9382,94108.42955,100,468,149,319,0.77991453,0.019230769,0.008547009,0.431034483,0.439393939,0.378378378,0.137931034,0.181818182,0.135135135,0.017241379,0.0,0.009009009,0.034482759,0.0,0.018018018,0.0,0,0.075803083,1.666666667,0.48747197,0.473938235
160959,College of the Atlantic,237032625,1138500,,105 Eden Street,Bar Harbor,ME,04609,https://www.coa.edu/,94,367,3,0,15,16,1421316,1431638,94754.4,89477.38,110286.9382,94108.42955,100,71,30,41,0.0,0.014084507,0.0,0.516129032,0.0,0.0,0.0,0.0,0.0,0.032258065,0.0,0.0,0.096774194,0.0,0.0,0.0,0,0.075803083,1.333333333,3.50877193,0.473938235
160977,Bates College,10211781,203600,Bates,2 Andrews Road,Lewiston,ME,04240,www.bates.edu/,439,1753,3,0,76,101,8067495,10756711,106151.25,106502.09,110286.9382,94108.42955,100,536,258,278,0.059701493,0.027985075,0.014925373,0.58,0.5,0.539325843,0.02,0.023809524,0.02247191,0.02,0.095238095,0.056179775,0.02,0.0,0.011235955,0.0,0,0.075803083,1.0,0.558659218,0.473938235
161004,Bowdoin College,10215213,203800,,255 Maine Street,Brunswick,ME,04011,https://www.bowdoin.edu/,480,1850,3,1,109,111,13647523,14188526,125206.63,127824.56,110286.9382,94108.42955,100,790,315,475,0.027848101,0.024050633,0.030379747,0.47761194,0.6,0.53968254,0.014925373,0.066666667,0.03968254,0.029850746,0.05,0.03968254,0.014925373,0.033333333,0.023809524,0.0,0,0.075803083,2.333333333,1.218450827,0.473938235
161022,Maine College of Health Professions,10356077,630500,MCHP,70 Middle Street,Lewiston,ME,04240,www.mchp.edu/,103,228,3,0,0,12,0,782977,,65248.08,110286.9382,94108.42955,100,14,1,13,0.0,0.0,0.0,0.0,1.0,0.0,0.0,0.0,0.0,0.0,0.0,0.0,0.0,0.0,0.0,0.0,0,0.075803083,0.0,0,0.473938235
161086,Colby College,10211497,203900,,4000 Mayflower Hill Drive,Waterville,ME,04901-8840,www.colby.edu/,542,2284,3,0,113,137,13282360,15071675,117543.01,110012.23,110286.9382,94108.42955,100,586,247,339,0.0221843,0.023890785,0.018771331,0.421052632,0.550724638,0.486956522,0.0,0.057971014,0.034782609,0.0,0.014492754,0.0,0.052631579,0.043478261,0.043478261,0.666666667,0.289981151,0.075803083,0.666666667,0.289981151,0.473938235
161217,University of Maine at Augusta,16000769,676000,UMA|UMA-Bangor|University of Maine at Augusta - Bangor,46 University Dr,Augusta,ME,04330-9410,www.uma.edu/,570,4323,1,0,36,59,2638765,4090076,73299.03,69323.32,110286.9382,94108.42955,100,217,86,131,0.004608295,0.013824885,0.00921659,0.5,0.523809524,0.5,0.0,0.0,0.0,0.0,0.0,0.0,0.0,0.0,0.0,0.666666667,0.149947518,0.075803083,2.333333333,0.524816314,0.473938235
161226,University of Maine at Farmington,16000769,204000,UMF,224 Main St.,Farmington,ME,04938-9978,https://www.umf.maine.edu/,350,1950,1,1,31,54,2442078,3970191,78776.71,73522.06,110286.9382,94108.42955,100,201,92,109,0.004975124,0.0,0.004975124,0.580645161,0.566666667,0.573770492,0.0,0.0,0.0,0.0,0.0,0.0,0.032258065,0.0,0.016393443,0.666666667,0.362910543,0.075803083,0.666666667,0.362910543,0.473938235
161235,University of Maine at Fort Kent,16000769,204100,UMFK,23 University Drive,Fort Kent,ME,04743-1292,www.umfk.maine.edu/,217,1406,1,0,15,13,1119237,877731,74615.8,67517.77,110286.9382,94108.42955,100,71,24,47,0.028169014,0.014084507,0.0,0.333333333,0.0,0.3,0.0,0.0,0.0,0.0,0.0,0.0,0.0,0.0,0.0,0.0,0,0.075803083,1.0,0.826446281,0.473938235
161253,University of Maine,16000769,205300,,168 College Avenue,Orono,ME,04469,www.umaine.edu/,2668,11760,1,0,296,232,32289922,21477854,109087.57,92576.96,110286.9382,94108.42955,100,1652,756,896,0.007869249,0.014527845,0.012106538,0.320512821,0.45,0.381578947,0.006410256,0.0,0.003289474,0.0,0.0125,0.006578947,0.012820513,0.0,0.006578947,0.0,0,0.075803083,5.0,0.408797318,0.473938235
161299,Maine Maritime Academy,16000724,204400,,1 Pleasant Street,Castine,ME,04420-0001,https://mainemaritime.edu/,137,913,1,0,58,18,0,0,0.0,0.0,110286.9382,94108.42955,100,157,83,74,0.025477707,0.0,0.0,0.266666667,0.2,0.0,0.0,0.0,0.0,0.0,0.0,0.0,0.0,0.0,0.0,0.0,0,0.075803083,0.333333333,0.371609067,0.473938235
161341,University of Maine at Presque Isle,16000769,203300,UMPI,181 Main St,Presque Isle,ME,04769-2888,www.umpi.edu/,390,2187,1,0,16,16,1229275,1182537,76829.69,73908.56,110286.9382,94108.42955,100,105,43,62,0.00952381,0.038095238,0.028571429,0.428571429,0.583333333,0.555555556,0.0,0.0,0.0,0.0,0.0,0.0,0.0,0.0,0.0,0.666666667,0.360945678,0.075803083,3.0,1.62425555,0.473938235
161457,University of New England,10211810,205000,UNE,11 Hills Beach Rd,Biddeford,ME,04005-9599,https://www.une.edu/,1475,6473,3,0,97,145,8918136,13315231,91939.55,91829.18,110286.9382,94108.42955,100,729,255,474,0.034293553,0.012345679,0.020576132,0.349206349,0.651162791,0.402439024,0.0,0.011627907,0.0,0.0,0.0,0.0,0.015873016,0.023255814,0.012195122,0.0,0,0.075803083,3.0,0.466272925,0.473938235
161509,Maine College of Art & Design,10378758,1167300,MECA&D „  Meca „ Portland School of Art,522 Congress St.,Portland,ME,04101-3494,www.meca.edu/,131,474,3,0,17,13,1061686,867620,62452.12,66740.0,110286.9382,94108.42955,100,92,29,63,0.010869565,0.043478261,0.010869565,0.6,0.25,0.0,0.0,0.0,0.0,0.0,0.0,0.0,0.1,0.0,0.0,0.0,0,0.075803083,0.0,0,0.473938235
161518,Saint Joseph's College of Maine,10212542,205100,Saint Joseph's College,278 Whites Bridge Rd,Standish,ME,04084-5263,www.sjcme.edu/,465,1463,4,0,23,35,1388341,2239094,60362.65,63974.11,110286.9382,94108.42955,100,216,102,114,0.013888889,0.009259259,0.013888889,0.285714286,0.5,0.285714286,0.0,0.0,0.0,0.0,0.0,0.0,0.142857143,0.071428571,0.071428571,0.0,0,0.075803083,1.666666667,1.127649977,0.473938235
161545,Southern Maine Community College,10416015,552500,SMCC,2 Fort Road,South Portland,ME,04106-1698,https://www.smccme.edu/,760,7205,1,0,55,52,3927709,3780846,71412.89,72708.58,110286.9382,94108.42955,100,196,88,108,0.030612245,0.025510204,0.010204082,0.421052632,0.352941176,0.0,0.0,0.0,0.0,0.0,0.0,0.0,0.0,0.0,0.0,1.333333333,0.221963265,0.075803083,1.0,0.166472449,0.473938235
161554,University of Southern Maine,16000769,205400,,96 Falmouth St,Portland,ME,04103,usm.maine.edu/,1667,7528,1,0,118,141,11965455,13352248,101402.16,94696.79,110286.9382,94108.42955,100,751,238,513,0.029294274,0.011984021,0.015978695,0.402777778,0.551724138,0.447368421,0.0,0.017241379,0.0,0.0,0.051724138,0.026315789,0.013888889,0.017241379,0.01754386,0.0,0,0.075803083,4.0,0.527495714,0.473938235
161563,Thomas College,10263385,205200,,180 W River Rd,Waterville,ME,04901-5097,www.thomas.edu/,257,1669,3,0,19,14,1348336,891718,70965.05,63694.14,110286.9382,94108.42955,100,131,67,64,0.015267176,0.007633588,0.007633588,0.166666667,0.615384615,0.0,0.0,0.0,0.0,0.0,0.0,0.0,0.0,0.0,0.0,0.0,0,0.075803083,0.333333333,0.191901746,0.473938235
161572,Unity Environmental University,10275130,685800,,"70 Farm View Drive, Suite 200",New Gloucester,ME,04260,https://unity.edu/,462,6359,3,0,15,20,915819,683750,61054.6,34187.5,110286.9382,94108.42955,100,174,56,118,0.0,0.08045977,0.028735632,0.0,0.7,0.0,0.0,0.0,0.0,0.0,0.0,0.0,0.0,0.0,0.0,0.0,0,0.075803083,0.333333333,0.077863428,0.473938235
161688,Allegany College of Maryland,520846757,205700,,12401 Willowbrook Rd SE,Cumberland,MD,21502-2596,www.allegany.edu/,500,2665,1,0,33,69,2170115,4331627,65761.06,62777.2,110286.9382,94108.42955,100,274,83,191,0.01459854,0.003649635,0.0,0.703703704,0.625,0.619047619,0.0,0.0,0.0,0.0,0.0,0.0,0.0,0.03125,0.0,0.0,0,0.075803083,0.333333333,0.129299198,0.473938235
161767,Anne Arundel Community College,520905706,205800,AACC,101 College Pky,Arnold,MD,21012-1895,www.aacc.edu/,1637,11158,1,0,84,149,7298326,13247043,86884.83,88906.33,110286.9382,94108.42955,100,1023,397,626,0.176930596,0.059628543,0.029325513,0.597222222,0.689189189,0.672566372,0.027777778,0.054054054,0.061946903,0.013888889,0.0,0.0,0.027777778,0.054054054,0.026548673,0.0,0,0.075803083,0.333333333,0.03270539,0.473938235
161864,Baltimore City Community College,526002033,206100,,2901 Liberty Heights Avenue,Baltimore,MD,21215-7893,www.bccc.edu/,420,3939,1,0,33,44,2846700,3750177,86263.64,85231.3,110286.9382,94108.42955,100,338,113,225,0.680473373,0.026627219,0.038461538,0.523809524,0.533333333,0.0,0.333333333,0.533333333,0.0,0.0,0.0,0.0,0.0,0.0,0.0,0.0,0,0.075803083,0.0,0,0.473938235
161873,University of Baltimore,526002033,210200,UBalt,Charles at Mount Royal,Baltimore,MD,21201-5720,www.ubalt.edu/,957,3101,1,0,80,81,11277882,10300216,140973.52,127163.16,110286.9382,94108.42955,100,514,208,306,0.359922179,0.040856031,0.044747082,0.482142857,0.454545455,0.463636364,0.053571429,0.054545455,0.054545455,0.017857143,0.018181818,0.018181818,0.035714286,0.072727273,0.054545455,0.0,0,0.075803083,0.0,0,0.473938235
162007,Bowie State University,526002033,206200,,14000 Jericho Park Rd,Bowie,MD,20715-9465,www.bowiestate.edu/,1073,6408,1,0,112,136,11651120,13139848,104027.86,96616.53,110286.9382,94108.42955,100,605,218,387,0.781818182,0.029752066,0.014876033,0.46,0.492063492,0.476190476,0.28,0.333333333,0.304761905,0.04,0.031746032,0.028571429,0.06,0.0,0.028571429,0.0,0,0.075803083,7.0,1.115537849,0.473938235
162061,Capitol Technology University,520805606,143600,,11301 Springfield Rd,Laurel,MD,20708,www.captechu.edu/,203,902,3,0,12,3,810510,113818,67542.5,37939.33,110286.9382,94108.42955,100,58,23,35,0.293103448,0.0,0.0,0.214285714,0.0,0.0,0.0,0.0,0.0,0.0,0.0,0.0,0.0,0.0,0.0,0.0,0,0.075803083,0.0,0,0.473938235
162104,Cecil College,520908863,830800,,One Seahawk Drive,North East,MD,21901-1900,www.cecil.edu/,319,1845,1,0,21,33,1546844,2653579,73659.24,80411.48,110286.9382,94108.42955,100,368,130,238,0.076086957,0.054347826,0.002717391,0.631578947,0.705882353,0.0,0.105263158,0.058823529,0.0,0.0,0.058823529,0.0,0.0,0.0,0.0,0.0,0,0.075803083,0.0,0,0.473938235
162122,College of Southern Maryland,520848273,206400,CSM,8730 Mitchell Rd,La Plata,MD,20646-0910,www.csmd.edu/,1225,4984,1,0,38,69,3300491,6044653,86855.03,87603.67,110286.9382,94108.42955,100,369,109,260,0.284552846,0.040650407,0.043360434,0.732142857,0.535714286,0.666666667,0.125,0.071428571,0.101449275,0.035714286,0.035714286,0.043478261,0.017857143,0.071428571,0.028985507,0.0,0,0.075803083,1.666666667,0.342371953,0.473938235
162168,Chesapeake College,520824728,465000,,1000 College Circle,Wye Mills,MD,21679-0008,https://www.chesapeake.edu/,260,1980,1,0,16,35,1382990,2706406,86436.88,77325.89,110286.9382,94108.42955,100,311,103,208,0.125401929,0.035369775,0.009646302,0.857142857,0.3125,0.0,0.0,0.0,0.0,0.0,0.0,0.0,0.0,0.0,0.0,0.0,0,0.075803083,0.0,0,0.473938235
162210,Washington Adventist University,520643528,206700,WAU,7600 Flower Ave,Takoma Park,MD,20912,https://www.wau.edu/,176,695,4,0,14,19,991145,1397374,70796.07,73546.0,110286.9382,94108.42955,100,78,40,38,0.435897436,0.115384615,0.141025641,0.5,0.6,0.0,0.357142857,0.1,0.0,0.0,0.0,0.0,0.071428571,0.3,0.0,0.0,0,0.075803083,0.0,0,0.473938235
162283,Coppin State University,526002033,206800,Coppin,2500 West North Avenue,Baltimore,MD,21216-3698,www.coppin.edu/,387,2101,1,1,55,67,5405794,6319435,98287.16,94319.93,110286.9382,94108.42955,100,331,126,205,0.833836858,0.033232628,0.036253776,0.409090909,0.485714286,0.512820513,0.363636364,0.4,0.435897436,0.0,0.0,0.0,0.045454545,0.028571429,0.038461538,0.0,0,0.075803083,1.333333333,0.664672649,0.473938235
162557,Frederick Community College,520743590,207100,,7932 Opossumtown Pike,Frederick,MD,21702-2964,https://www.frederick.edu/,862,6796,1,1,39,66,3245430,5067745,83216.15,76784.02,110286.9382,94108.42955,100,666,189,477,0.106606607,0.058558559,0.036036036,0.548387097,0.666666667,0.0,0.096774194,0.041666667,0.0,0.0,0.041666667,0.0,0.064516129,0.0,0.0,0.0,0,0.075803083,0.0,0,0.473938235
162584,Frostburg State University,526002033,207200,,101 Braddock Road,Frostburg,MD,21532-1099,www.frostburg.edu/,976,4075,1,0,113,97,10764446,8400135,95260.58,86599.33,110286.9382,94108.42955,100,487,212,275,0.04312115,0.002053388,0.016427105,0.285714286,0.5625,0.421052632,0.014285714,0.015625,0.015037594,0.0,0.015625,0.007518797,0.057142857,0.0,0.037593985,0.0,0,0.075803083,4.0,0.98352594,0.473938235
162609,Garrett College,520906659,1001400,Garrett Community College|Garrett|GCC|GC,687 Mosser Road,McHenry,MD,21541,www.garrettcollege.edu/index.php,98,701,1,0,14,6,1078692,440647,77049.43,73441.17,110286.9382,94108.42955,100,170,80,90,0.029411765,0.0,0.0,0.142857143,0.5,0.0,0.0,0.0,0.0,0.0,0.0,0.0,0.0,0.0,0.0,0.666666667,1.151410478,0.075803083,0.0,0,0.473938235
162654,Goucher College,520591613,207300,,1021 Dulaney Valley Rd,Baltimore,MD,21204-2794,www.goucher.edu/,396,1500,3,0,37,69,3061088,5694867,82732.11,82534.3,110286.9382,94108.42955,100,204,63,141,0.284313725,0.073529412,0.019607843,0.666666667,0.675675676,0.649122807,0.041666667,0.054054054,0.052631579,0.041666667,0.027027027,0.01754386,0.0,0.054054054,0.01754386,0.666666667,0.386025864,0.075803083,0.333333333,0.193012932,0.473938235
162690,Hagerstown Community College,520945289,207400,HCC,11400 Robinwood Dr,Hagerstown,MD,21742-6514,https://www.hagerstowncc.edu/,713,5433,1,0,28,47,2112028,3405651,75429.57,72460.66,110286.9382,94108.42955,100,289,109,180,0.07266436,0.041522491,0.006920415,0.615384615,0.571428571,0.657894737,0.0,0.0,0.026315789,0.0,0.0,0.0,0.0,0.0,0.0,0.0,0,0.075803083,1.0,0.285388128,0.473938235
162706,Harford Community College,520912842,207500,,401 Thomas Run Rd,Bel Air,MD,21015-1698,www.harford.edu/,846,5108,1,1,41,65,3004724,4724239,73285.95,72680.6,110286.9382,94108.42955,100,548,189,359,0.122262774,0.031021898,0.023722628,0.666666667,0.64516129,0.607843137,0.0,0.0,0.0,0.0,0.032258065,0.019607843,0.055555556,0.0,0.019607843,1.333333333,0.290423292,0.075803083,0.333333333,0.072605823,0.473938235
162760,Hood College,520591608,207600,Hood,401 Rosemont Ave,Frederick,MD,21701,www.hood.edu/,547,2078,3,1,40,56,2973783,4094431,74344.58,73114.84,110286.9382,94108.42955,100,165,53,112,0.084848485,0.0,0.042424242,0.666666667,0.5625,0.583333333,0.0,0.03125,0.020833333,0.0,0.0625,0.041666667,0.095238095,0.0,0.041666667,5.333333333,2.594033722,0.075803083,1.666666667,0.810635538,0.473938235
162779,Howard Community College,520900106,817500,HCC|Howard County Community College|Howrad Community College|HCCC|Howard County College|Columbia Community College|Howard College,10901 Little Patuxent Pkwy,Columbia,MD,21044-3197,www.howardcc.edu/,1123,8540,1,0,66,115,6160740,10736938,93344.55,93364.68,110286.9382,94108.42955,100,462,145,317,0.231601732,0.056277056,0.084415584,0.605633803,0.650793651,0.0,0.028169014,0.079365079,0.0,0.0,0.031746032,0.0,0.084507042,0.047619048,0.0,0.0,0,0.075803083,2.666666667,0.326117973,0.473938235
162928,Johns Hopkins University,520595110,207700,Johns Hopkins,3400 N Charles St,Baltimore,MD,21218-2688,www.jhu.edu/,11588,30362,3,0,801,671,149729030,104143985,186927.63,155207.13,110286.9382,94108.42955,100,17184,5484,11700,0.203968808,0.045740223,0.109345903,0.292445167,0.456989247,0.2999185,0.013809911,0.032258065,0.014669927,0.005686434,0.016129032,0.005704971,0.051177904,0.090322581,0.051344743,6.666666667,0.213162803,0.075803083,39.0,1.247002398,0.473938235
163046,Loyola University Maryland,520591623,207800,,4501 N Charles St,Baltimore,MD,21210-2699,https://www.loyola.edu/,1472,5107,4,0,153,177,15817875,15909703,103384.8,89885.33,110286.9382,94108.42955,100,594,239,355,0.260942761,0.037037037,0.025252525,0.442105263,0.578947368,0.483146067,0.010526316,0.021052632,0.016853933,0.010526316,0.052631579,0.033707865,0.010526316,0.073684211,0.04494382,2.666666667,0.509100165,0.075803083,4.333333333,0.827287769,0.473938235
163204,University of Maryland Global Campus,526002033,1164400,UMGC,3501 University Blvd East,Adelphi,MD,20783-8010,www.umgc.edu/,14215,60084,1,0,82,86,8792435,9742475,107224.82,113284.59,110286.9382,94108.42955,100,1694,504,1190,0.266824085,0.005903188,0.06257379,0.542857143,0.418181818,0.0,0.066666667,0.036363636,0.0,0.00952381,0.0,0.0,0.038095238,0.090909091,0.0,0.0,0,0.075803083,1.0,0.017908951,0.473938235
163259,"University of Maryland, Baltimore",526002033,210400,,620 West Lexington St,Baltimore,MD,21201-1627,www.umaryland.edu/,2422,6667,1,0,159,326,29588520,48224528,186091.32,147928.0,110286.9382,94108.42955,100,4566,1522,3044,0.311651336,0.042049934,0.105124836,0.315899582,0.512953368,0.338068182,0.020920502,0.056994819,0.03125,0.010460251,0.023316062,0.008522727,0.052301255,0.103626943,0.053977273,0.666666667,0.096186217,0.075803083,1.333333333,0.192372433,0.473938235
163268,University of Maryland-Baltimore County,526002033,210500,UMBC,1000 Hilltop Circle,Baltimore,MD,21250,umbc.edu/,3506,14148,1,1,291,278,38652764,30321684,132827.37,109070.81,110286.9382,94108.42955,100,1478,603,875,0.168470907,0.031799729,0.060216509,0.339393939,0.553459119,0.440972222,0.03030303,0.037735849,0.034722222,0.006060606,0.056603774,0.03125,0.048484848,0.094339623,0.079861111,2.0,0.142949039,0.075803083,7.0,0.500321635,0.473938235
163286,University of Maryland-College Park,526002033,210300,,,College Park,MD,20742,www.umd.edu/,11374,40813,1,0,1153,814,205867422,111902185,178549.37,137471.97,110286.9382,94108.42955,100,7487,3160,4327,0.188860692,0.093495392,0.094563911,0.272340426,0.437652812,0.335164835,0.015602837,0.04400978,0.026556777,0.021276596,0.036674817,0.027472527,0.056737589,0.061124694,0.058608059,4.0,0.098058443,0.075803083,13.0,0.318689939,0.473938235
163338,University of Maryland Eastern Shore,526002033,210600,UMES,J.T. Williams Hall,Princess Anne,MD,21853-1299,wwwcp.umes.edu/,447,2844,1,1,119,96,13131319,9707225,110347.22,101116.93,110286.9382,94108.42955,100,449,188,261,0.634743875,0.031180401,0.020044543,0.347826087,0.416666667,0.37962963,0.115942029,0.2,0.148148148,0.0,0.0,0.0,0.115942029,0.083333333,0.101851852,0.0,0,0.075803083,6.0,2.382843527,0.473938235
163426,Montgomery College,520891845,691100,Montgomery College - Rockville  Montgomery College - Takoma Park  Montgomery College - Germantown,51 Mannakee Street,Rockville,MD,20850,www.montgomerycollege.edu/,2700,17780,1,1,184,262,18782266,25671507,102077.53,97982.85,110286.9382,94108.42955,100,1275,508,767,0.314509804,0.152941176,0.138823529,0.546783626,0.697368421,0.0,0.116959064,0.171052632,0.0,0.029239766,0.039473684,0.0,0.070175439,0.065789474,0.0,0.0,0,0.075803083,1.0,0.058353271,0.473938235
163453,Morgan State University,526002033,208300,,1700 East Cold Spring Lane,Baltimore,MD,21251-0001,https://www.morgan.edu/,1301,9808,1,0,248,199,26403454,19630189,106465.54,98644.17,110286.9382,94108.42955,100,1612,715,897,0.691066998,0.030397022,0.021712159,0.333333333,0.419753086,0.392857143,0.186666667,0.172839506,0.178571429,0.0,0.00617284,0.004464286,0.013333333,0.012345679,0.013392857,0.0,0,0.075803083,3.666666667,0.40288613,0.473938235
163462,Mount St. Mary's University,520591672,208600,Mount St. Mary's | The Mount | Mount Saint Mary's University | Mount Saint Mary's,16300 Old Emmitsburg Road,Emmitsburg,MD,21727-7799,https://msmary.edu/,588,2499,4,0,82,47,6188848,3457925,75473.76,73572.87,110286.9382,94108.42955,100,351,167,184,0.07977208,0.031339031,0.042735043,0.454545455,0.24137931,0.338235294,0.0,0.017241379,0.014705882,0.0,0.017241379,0.014705882,0.045454545,0.017241379,0.029411765,0.666666667,0.271444083,0.075803083,3.0,1.221498371,0.473938235
163532,Ner Israel Rabbinical College,520660881,208700,,400 Mount Wilson Ln,Baltimore,MD,21208,https://nirc.edu/,78,449,4,0,13,0,1174397,0,90338.23,,110286.9382,94108.42955,100,60,44,16,0.016666667,0.233333333,0.066666667,0.0,0.0,0.0,0.0,0.0,0.0,0.0,0.0,0.0,0.0,0.0,0.0,0.0,0,0.075803083,0.0,0,0.473938235
163578,Notre Dame of Maryland University,520591641,206500,NDMU,4701 N Charles St,Baltimore,MD,21210-2476,www.ndm.edu/,553,1836,4,1,31,61,2782561,5016724,89760.03,82241.38,110286.9382,94108.42955,100,181,57,124,0.303867403,0.016574586,0.027624309,0.615384615,0.7,0.6,0.0,0.033333333,0.0,0.0,0.033333333,0.0,0.0,0.033333333,0.0,0.0,0,0.075803083,0.0,0,0.473938235
163657,Prince George's Community College,237011243,208900,PGCC| Prince George's,301 Largo Rd,Largo,MD,20774-2199,https://www.pgcc.edu/,1400,10513,1,0,94,142,8030362,12130614,85429.38,85426.86,110286.9382,94108.42955,100,953,383,570,0.629590766,0.068205666,0.044071354,0.545454545,0.664,0.649350649,0.193181818,0.368,0.207792208,0.011363636,0.008,0.0,0.079545455,0.024,0.064935065,0.0,0,0.075803083,1.333333333,0.130157491,0.473938235
163851,Salisbury University,526002033,209100,SU|Salisbury,1101 Camden Ave,Salisbury,MD,21801-6862,https://www.salisbury.edu/,1860,7030,1,0,200,217,19853061,15106463,99265.3,69615.04,110286.9382,94108.42955,100,1023,426,597,0.292277615,0.039100684,0.016617791,0.321428571,0.4765625,0.412698413,0.026785714,0.03125,0.027777778,0.008928571,0.015625,0.011904762,0.053571429,0.0390625,0.051587302,2.666666667,0.374374093,0.075803083,4.666666667,0.655154663,0.473938235
163912,St. Mary's College of Maryland,526002033,209500,St. Mary's or SMCM,47645 College Drive,St. Mary's City,MD,20686,https://www.smcm.edu/,305,1587,1,0,63,71,5939858,5868949,94283.46,82661.25,110286.9382,94108.42955,100,307,116,191,0.175895765,0.045602606,0.026058632,0.487804878,0.361111111,0.428571429,0.0,0.0,0.0,0.024390244,0.0,0.012987013,0.024390244,0.0,0.012987013,2.666666667,1.754385965,0.075803083,11.66666667,7.675438596,0.473938235
163976,St. John's College,520591421,209200,SJC,60 College Ave,Annapolis,MD,21401,www.sjc.edu/,117,578,3,0,47,20,3957210,1462310,84195.96,73115.5,110286.9382,94108.42955,100,92,38,54,0.097826087,0.02173913,0.065217391,0.0,0.0,0.239130435,0.0,0.0,0.0,0.0,0.0,0.0,0.0,0.0,0.0,1.333333333,2.464571781,0.075803083,2.333333333,4.313000616,0.473938235
164076,Towson University,526002033,209900,,8000 York Rd,Towson,MD,21252-0001,www.towson.edu/,5060,19527,1,1,389,543,37747075,48973758,97036.18,90191.08,110286.9382,94108.42955,100,1399,535,864,0.195854182,0.045032166,0.039313796,0.484732824,0.575342466,0.501108647,0.026717557,0.04109589,0.019955654,0.034351145,0.01369863,0.022172949,0.064885496,0.100456621,0.084257206,1.333333333,0.067363883,0.075803083,13.33333333,0.673638829,0.473938235
164085,Maryland University of Integrative Health,521010577,2578400,,7750 Montpelier Road,Laurel,MD,20723,www.muih.edu/,308,646,3,0,4,5,235732,350526,58933.0,70105.2,110286.9382,94108.42955,100,90,16,74,0.266666667,0.033333333,0.022222222,1.0,0.5,0.0,0.0,0.0,0.0,0.0,0.0,0.0,0.0,0.0,0.0,0.0,0,0.075803083,0.0,0,0.473938235
164173,Stevenson University,520705392,210700,,100 Campus Circle,Owings Mills,MD,21117,www.stevenson.edu/,968,3507,3,0,52,69,4251245,5744422,81754.71,83252.49,110286.9382,94108.42955,100,407,172,235,0.179361179,0.027027027,0.022113022,0.510204082,0.647058824,0.0,0.040816327,0.117647059,0.0,0.0,0.0,0.0,0.020408163,0.0,0.0,0.666666667,0.191405876,0.075803083,4.333333333,1.244138195,0.473938235
164216,Washington College,520591691,210800,,300 Washington Ave,Chestertown,MD,21620-1438,www.washcoll.edu/,217,916,3,0,42,63,3474820,4598844,82733.81,72997.52,110286.9382,94108.42955,100,331,136,195,0.172205438,0.045317221,0.018126888,0.529411765,0.531914894,0.53125,0.058823529,0.0,0.015625,0.058823529,0.0,0.015625,0.0,0.021276596,0.015625,0.666666667,0.698080279,0.075803083,0.333333333,0.34904014,0.473938235
164270,McDaniel College,520591694,210900,,2 College Hill,Westminster,MD,21157,www.mcdaniel.edu/,824,2882,3,0,50,74,3866197,5259007,77323.94,71067.66,110286.9382,94108.42955,100,304,110,194,0.075657895,0.019736842,0.013157895,0.5,0.454545455,0.476923077,0.029411765,0.03030303,0.030769231,0.0,0.03030303,0.015384615,0.0,0.060606061,0.030769231,1.333333333,0.444444444,0.075803083,7.0,2.333333333,0.473938235
164313,Wor-Wic Community College,521048147,2073900,,32000 Campus Drive,Salisbury,MD,21804-7131,www.worwic.edu/,464,2636,1,1,21,45,1662384,3393421,79161.14,75409.36,110286.9382,94108.42955,100,279,106,173,0.229390681,0.007168459,0.010752688,0.666666667,0.636363636,0.0,0.0,0.0,0.0,0.0,0.0,0.0,0.0,0.045454545,0.0,0.0,0,0.075803083,0.0,0,0.473938235
164368,Hult International Business School,43348440,4143200,,1 Education Street,Cambridge,MA,02141,www.hult.edu/,1015,2003,3,0,28,8,3719838,956400,132851.36,119550.0,110286.9382,94108.42955,100,171,70,101,0.081871345,0.274853801,0.134502924,0.222222222,0.0,0.0,0.0,0.0,0.0,0.0,0.0,0.0,0.111111111,0.0,0.0,0.0,0,0.075803083,2.666666667,1.225490196,0.473938235
164447,American International College,42103701,211400,AIC,1000 State Street,Springfield,MA,01109,www.aic.edu/,644,2142,3,0,20,39,1376829,2952881,68841.45,75714.9,110286.9382,94108.42955,100,185,77,108,0.097297297,0.091891892,0.037837838,0.888888889,0.444444444,0.615384615,0.0,0.0,0.0,0.0,0.0,0.0,0.0,0.166666667,0.115384615,0.0,0,0.075803083,1.333333333,0.663349917,0.473938235
164465,Amherst College,42103542,211500,,Boltwood Avenue,Amherst,MA,01002-5000,www.amherst.edu/,461,1910,3,0,143,139,19735146,17167706,138008.01,123508.68,110286.9382,94108.42955,100,811,340,471,0.060419236,0.102342787,0.062885327,0.424778761,0.466666667,0.437908497,0.017699115,0.044444444,0.026143791,0.017699115,0.022222222,0.019607843,0.053097345,0.088888889,0.065359477,1.333333333,0.702493853,0.075803083,3.333333333,1.756234633,0.473938235
164492,Anna Maria College,42002060,211700,,50 Sunset Lane,Paxton,MA,01612-1198,www.annamaria.edu/,488,1332,4,0,20,26,1303745,1673545,65187.25,64367.12,110286.9382,94108.42955,100,117,56,61,0.034188034,0.05982906,0.0,0.818181818,0.428571429,0.466666667,0.0,0.0,0.0,0.090909091,0.0,0.0,0.0,0.0,0.0,0.0,0,0.075803083,1.0,0.69637883,0.473938235
164562,Assumption University,42105776,211800,,500 Salisbury St,Worcester,MA,01609-1296,https://www.assumption.edu/,650,2046,4,0,62,71,5497211,6182018,88664.69,87070.68,110286.9382,94108.42955,100,253,103,150,0.015810277,0.031620553,0.019762846,0.366666667,0.555555556,0.453333333,0.0,0.022222222,0.0,0.0,0.044444444,0.026666667,0.0,0.044444444,0.026666667,0.666666667,0.323781771,0.075803083,3.0,1.45701797,0.473938235
164580,Babson College,42103544,212100,,231 Forest Street,Wellesley,MA,02457-0310,www.babson.edu/,1322,3943,3,0,116,84,20735278,14349156,178752.4,170823.29,110286.9382,94108.42955,100,642,243,399,0.066978193,0.087227414,0.059190031,0.378378378,0.402777778,0.405660377,0.013513514,0.027777778,0.028301887,0.0,0.0,0.0,0.0,0.111111111,0.056603774,2.0,0.501378792,0.075803083,10.0,2.506893958,0.473938235
164632,Bay Path University,42103865,212200,,588 Longmeadow Street,Longmeadow,MA,01106,www.baypath.edu/,824,2643,3,0,10,65,1070697,6451644,107069.7,99256.06,110286.9382,94108.42955,100,219,54,165,0.091324201,0.059360731,0.01826484,0.75,0.909090909,0.0,0.0,0.0,0.0,0.0,0.045454545,0.0,0.0,0.0,0.0,0.0,0,0.075803083,0.0,0,0.473938235
164739,Bentley University,41081650,212400,Bentley,175 Forest St,Waltham,MA,02452-4705,www.bentley.edu/,1472,5264,3,0,155,130,22847331,17383955,147402.14,133722.73,110286.9382,94108.42955,100,669,290,379,0.070254111,0.059790732,0.056801196,0.424657534,0.4,0.418803419,0.0,0.04,0.017094017,0.02739726,0.0,0.017094017,0.068493151,0.1,0.076923077,1.333333333,0.25814779,0.075803083,1.666666667,0.322684737,0.473938235
164748,Berklee College of Music,42300472,212600,,1140 Boylston St,Boston,MA,02215,www.berklee.edu/,1991,8448,3,0,248,126,23817265,11840351,96037.36,93971.04,110286.9382,94108.42955,100,992,523,469,0.105846774,0.074596774,0.054435484,0.358823529,0.354609929,0.0,0.011764706,0.070921986,0.0,0.005882353,0.014184397,0.0,0.023529412,0.021276596,0.0,0.0,0,0.075803083,2.333333333,0.281735491,0.473938235
164775,Berkshire Community College,46002284,216700,BCC,1350 West Street,Pittsfield,MA,01201-5786,www.berkshirecc.edu/,244,1572,1,0,12,35,850763,2429136,70896.92,69403.89,110286.9382,94108.42955,100,182,55,127,0.038461538,0.065934066,0.005494505,0.611111111,0.769230769,0.653846154,0.0,0.0,0.0,0.0,0.0,0.0,0.0,0.076923077,0.0,0.0,0,0.075803083,0.0,0,0.473938235
164924,Boston College,42103545,212800,,140 Commonwealth Avenue,Chestnut Hill,MA,02467,www.bc.edu/,4324,15280,4,1,499,394,84274453,55902605,168886.68,141884.78,110286.9382,94108.42955,100,2840,1343,1497,0.083802817,0.075352113,0.071126761,0.341389728,0.512455516,0.38185654,0.018126888,0.021352313,0.018987342,0.01510574,0.021352313,0.016877637,0.024169184,0.085409253,0.056962025,0.0,0,0.075803083,12.66666667,0.828590742,0.473938235
164988,Boston University,42103547,213000,BU|Boston U,One Silber Way,Boston,MA,02215,www.bu.edu/,12560,36624,3,1,1074,888,179010388,123272381,166676.34,138820.25,110286.9382,94108.42955,100,6920,2816,4104,0.079046243,0.077745665,0.080346821,0.307332293,0.464358452,0.326676177,0.004680187,0.026476578,0.009985735,0.009360374,0.020366599,0.014265335,0.043681747,0.052953157,0.031383738,6.0,0.163425396,0.075803083,14.33333333,0.390405113,0.473938235
165015,Brandeis University,42103552,213300,,415 South St,Waltham,MA,02454-9110,https://www.brandeis.edu/,1734,5302,3,0,200,205,27912177,25724616,139560.88,125485.93,110286.9382,94108.42955,100,1411,531,880,0.046066619,0.087172218,0.073706591,0.451612903,0.462365591,0.403141361,0.012903226,0.010752688,0.015706806,0.006451613,0.053763441,0.015706806,0.064516129,0.043010753,0.068062827,0.0,0,0.075803083,5.333333333,0.955623246,0.473938235
165024,Bridgewater State University,46002284,218300,BSU|Bridgewater State,131 Summer Street,Bridgewater,MA,02325,www.bridgew.edu/,2302,9550,1,1,143,188,13966704,17069721,97669.26,90796.39,110286.9382,94108.42955,100,721,242,479,0.066574202,0.031900139,0.015256588,0.493589744,0.615384615,0.559386973,0.012820513,0.019230769,0.01532567,0.012820513,0.019230769,0.01532567,0.051282051,0.048076923,0.053639847,2.0,0.208246564,0.075803083,9.666666667,1.006525059,0.473938235
165033,Bristol Community College,46278794,217600,Bristol,777 Elsbree St,Fall River,MA,02720-7395,www.bristolcc.edu/,841,6096,1,1,41,64,2820539,4497299,68793.63,70270.3,110286.9382,94108.42955,100,406,133,273,0.061576355,0.02955665,0.022167488,0.604651163,0.58,0.594594595,0.0,0.04,0.0,0.046511628,0.0,0.027027027,0.0,0.04,0.027027027,0.0,0,0.075803083,0.0,0,0.473938235
165112,Bunker Hill Community College,46002284,1121000,BHCC,250 New Rutherford Ave,Boston,MA,02129-2925,www.bhcc.edu/,1091,8545,1,0,53,80,3826494,5913556,72198.0,73919.45,110286.9382,94108.42955,100,347,143,204,0.198847262,0.155619597,0.149855908,0.572916667,0.529411765,0.565656566,0.03125,0.058823529,0.04040404,0.020833333,0.0,0.01010101,0.09375,0.117647059,0.090909091,0.0,0,0.075803083,0.0,0,0.473938235
165167,Cambridge College,510163080,2182900,,500 Rutherford Avenue,Boston,MA,02129,www.cambridgecollege.edu/,718,1952,3,0,2,6,198307,649466,99153.5,108244.33,110286.9382,94108.42955,100,115,53,62,0.208695652,0.156521739,0.086956522,0.833333333,1.0,0.0,0.166666667,0.0,0.0,0.0,0.0,0.0,0.0,0.0,0.0,0.0,0,0.075803083,0.0,0,0.473938235
165194,Cape Cod Community College,46002284,216800,CCCC or 4C's,2240 Iyannough Rd,West Barnstable,MA,02668-1599,www.capecod.edu/,401,2604,1,1,28,38,2220487,2841787,79303.11,74783.87,110286.9382,94108.42955,100,231,78,153,0.03030303,0.064935065,0.025974026,0.517241379,0.541666667,0.5,0.0,0.041666667,0.023809524,0.034482759,0.041666667,0.023809524,0.0,0.0,0.0,0.0,0,0.075803083,2.0,0.856164384,0.473938235
165264,Laboure College of Healthcare,42134818,632400,,303 Adams Street,Milton,MA,02186,https://www.laboure.edu/,485,717,3,0,5,17,406563,1577158,81312.6,92774.0,110286.9382,94108.42955,100,72,18,54,0.152777778,0.097222222,0.041666667,1.0,0.571428571,0.0,0.0,0.0,0.0,0.0,0.0,0.0,0.0,0.0,0.0,0.0,0,0.075803083,0.0,0,0.473938235
165334,Clark University,42111203,213900,,950 Main St,Worcester,MA,01610-1477,www.clarku.edu/,1292,4124,3,0,142,100,15858843,10624954,111681.99,106249.54,110286.9382,94108.42955,100,500,205,295,0.054,0.14,0.054,0.4,0.451612903,0.42519685,0.0,0.064516129,0.031496063,0.015384615,0.048387097,0.031496063,0.092307692,0.032258065,0.062992126,0.0,0,0.075803083,0.333333333,0.08841733,0.473938235
165529,Curry College,42199867,214300,,1071 Blue Hill Ave,Milton,MA,02186-2395,https://www.curry.edu/,588,1994,3,0,25,82,2411498,8039440,96459.92,98041.95,110286.9382,94108.42955,100,241,106,135,0.082987552,0.041493776,0.01659751,0.782608696,0.727272727,0.0,0.043478261,0.03030303,0.0,0.0,0.0,0.0,0.02173913,0.060606061,0.0,2.0,0.974658869,0.075803083,2.0,0.974658869,0.473938235
165574,Dean College,42104149,214400,,99 Main Street,Franklin,MA,02038-1941,www.dean.edu/,279,1151,3,0,18,15,1317758,1108247,73208.78,73883.13,110286.9382,94108.42955,100,220,91,129,0.059090909,0.036363636,0.009090909,0.5,0.4,0.0,0.0,0.1,0.0,0.166666667,0.0,0.0,0.0,0.0,0.0,2.0,1.682085786,0.075803083,1.333333333,1.121390524,0.473938235
165644,Eastern Nazarene College,42105777,214500,ENC,23 E Elm Ave,Quincy,MA,02170-2999,https://www.enc.edu/,152,458,4,0,18,11,1228230,618369,68235.0,56215.36,110286.9382,94108.42955,100,156,53,103,0.08974359,0.076923077,0.019230769,0.0,0.625,0.166666667,0.0,0.0,0.0,0.0,0.0,0.0,0.0,0.0,0.0,0.0,0,0.075803083,1.666666667,3.115264798,0.473938235
165662,Emerson College,41286950,214600,Emerson,120 Boylston Street,Boston,MA,02116-4624,www.emerson.edu/,1294,5670,3,0,108,126,10804498,11635454,100041.65,92344.87,110286.9382,94108.42955,100,613,265,348,0.099510604,0.086460033,0.063621533,0.463414634,0.459459459,0.456896552,0.0,0.027027027,0.017241379,0.024390244,0.040540541,0.034482759,0.073170732,0.027027027,0.043103448,0.0,0,0.075803083,1.666666667,0.282917445,0.473938235
165699,Endicott College,42103567,214800,,376 Hale Street,Beverly,MA,01915,www.endicott.edu/,1153,4254,3,0,45,76,4886653,7621328,108592.29,100280.63,110286.9382,94108.42955,100,528,218,310,0.022727273,0.051136364,0.026515152,0.509433962,0.720930233,0.0,0.0,0.046511628,0.0,0.0,0.0,0.0,0.075471698,0.069767442,0.0,0.0,0,0.075803083,0.666666667,0.166417041,0.473938235
165802,Fisher College,42005934,215000,,118 Beacon Street,Boston,MA,02116,www.fisher.edu/,304,1501,3,0,13,20,911405,1600433,70108.08,80021.65,110286.9382,94108.42955,100,112,58,54,0.107142857,0.089285714,0.053571429,0.0,0.611111111,0.0,0.0,0.0,0.0,0.0,0.0,0.0,0.0,0.0,0.0,0.0,0,0.075803083,4.0,2.814919071,0.473938235
165820,Fitchburg State University,46002284,218400,Fitchburg State,160 Pearl St,Fitchburg,MA,01420-2697,www.fitchburgstate.edu/,1824,6296,1,0,89,100,8456665,8596507,95018.71,85965.07,110286.9382,94108.42955,100,396,160,236,0.035353535,0.070707071,0.017676768,0.432098765,0.507692308,0.465753425,0.012345679,0.015384615,0.01369863,0.0,0.015384615,0.006849315,0.037037037,0.015384615,0.02739726,0.666666667,0.101719052,0.075803083,3.666666667,0.559454786,0.473938235
165866,Framingham State University,46002284,218500,,100 State Street,Framingham,MA,01701-9101,www.framingham.edu/,1090,4028,1,1,73,93,6892402,8549233,94416.47,91927.24,110286.9382,94108.42955,100,329,93,236,0.048632219,0.069908815,0.036474164,0.6,0.473684211,0.544776119,0.0,0.035087719,0.014925373,0.026666667,0.01754386,0.02238806,0.04,0.087719298,0.059701493,0.666666667,0.162166545,0.075803083,3.0,0.729749453,0.473938235
165884,Benjamin Franklin Cummings Institute of Technology,42103576,215100,Benjamin Franklin Institute of Technology,41 Berkeley St,Boston,MA,02116,www.bfit.edu/,265,592,3,0,24,8,1667722,535009,69488.42,66876.12,110286.9382,94108.42955,100,50,19,31,0.24,0.04,0.08,0.0,0.0,0.0,0.0,0.0,0.0,0.0,0.0,0.0,0.0,0.0,0.0,0.0,0,0.075803083,0.0,0,0.473938235
165936,Gordon College,42104258,215300,,255 Grapevine Rd,Wenham,MA,01984,www.gordon.edu/,417,1610,4,0,36,38,2837953,2826736,78832.03,74387.79,110286.9382,94108.42955,100,351,156,195,0.031339031,0.048433048,0.014245014,0.34375,0.578947368,0.441176471,0.0,0.052631579,0.0,0.0,0.0,0.0,0.0625,0.052631579,0.029411765,1.333333333,0.819000819,0.075803083,2.666666667,1.638001638,0.473938235
165945,Gordon-Conwell Theological Seminary,42463847,974700,GCTS/Gordon-Conwell Seminary/Gordon Cromwell Theological Seminary,130 Essex St,South Hamilton,MA,01982,www.gordonconwell.edu/,287,1373,3,0,14,9,1233613,665223,88115.21,73913.67,110286.9382,94108.42955,100,130,48,82,0.1,0.030769231,0.146153846,0.181818182,0.666666667,0.333333333,0.0,0.0,0.0,0.0,0.0,0.0,0.0,0.0,0.0,0.0,0,0.075803083,0.333333333,0.249875062,0.473938235
165981,Greenfield Community College,237090085,216900,,One College Dr,Greenfield,MA,01301-9739,www.gcc.mass.edu/,211,1544,1,0,11,34,798386,2017911,72580.55,59350.32,110286.9382,94108.42955,100,128,46,82,0.03125,0.0234375,0.0078125,0.7,0.6,0.685714286,0.0,0.0,0.028571429,0.066666667,0.0,0.057142857,0.033333333,0.0,0.028571429,0.0,0,0.075803083,0.333333333,0.234907212,0.473938235
166018,Hampshire College,46130872,466100,,893 West St,Amherst,MA,01002-5001,www.hampshire.edu/,68,717,3,1,23,24,2022380,2064353,87929.57,86014.71,110286.9382,94108.42955,100,222,89,133,0.04954955,0.108108108,0.045045045,0.4,0.727272727,0.0,0.0,0.090909091,0.0,0.0,0.090909091,0.0,0.066666667,0.0,0.0,2.666666667,5.249343832,0.075803083,3.666666667,7.217847769,0.473938235
166027,Harvard University,42103580,215500,,Massachusetts Hall,Cambridge,MA,02138,www.harvard.edu/,10251,30386,3,0,1142,694,278766426,143341545,244103.7,206544.01,110286.9382,94108.42955,100,18002,7273,10729,0.070714365,0.100822131,0.098877902,0.295762712,0.427745665,0.287992495,0.019491525,0.01734104,0.016885553,0.01440678,0.023121387,0.015009381,0.033898305,0.098265896,0.033771107,2.666666667,0.087057774,0.075803083,9.333333333,0.304702208,0.473938235
166124,College of the Holy Cross,42103558,214100,Holy Cross,One College Street,Worcester,MA,01610-2395,www.holycross.edu/,748,3035,4,0,150,163,16795153,16479556,111967.69,101101.57,110286.9382,94108.42955,100,849,379,470,0.036513545,0.069493522,0.015312132,0.46,0.463414634,0.457627119,0.01,0.024390244,0.016949153,0.03,0.012195122,0.02259887,0.03,0.024390244,0.02259887,0.666666667,0.216239593,0.075803083,3.333333333,1.081197967,0.473938235
166133,Holyoke Community College,42719849,217000,,303 Homestead Ave,Holyoke,MA,01040,www.hcc.edu/,636,3706,1,1,31,69,2095194,4739213,67586.9,68684.25,110286.9382,94108.42955,100,450,153,297,0.084444444,0.177777778,0.037777778,0.676056338,0.6,0.666666667,0.056338028,0.0,0.051282051,0.042253521,0.1,0.051282051,0.014084507,0.0,0.012820513,0.0,0,0.075803083,0.0,0,0.473938235
166391,Lasell University,42103585,215800,,1844 Commonwealth Avenue,Newton,MA,02466,www.lasell.edu/,566,1527,3,0,28,36,2248208,2827742,80293.14,78548.39,110286.9382,94108.42955,100,226,86,140,0.048672566,0.048672566,0.017699115,0.55,0.523809524,0.0,0.0,0.047619048,0.0,0.05,0.0,0.0,0.0,0.047619048,0.0,0.0,0,0.075803083,3.0,1.885606537,0.473938235
166452,Lesley University,42103589,216000,,29 Everett St,Cambridge,MA,02138-2790,www.lesley.edu/,906,3134,3,0,50,85,4089881,7082608,81797.62,83324.8,110286.9382,94108.42955,100,283,73,210,0.130742049,0.024734982,0.053003534,0.547619048,0.675675676,0.0,0.0,0.0,0.0,0.047619048,0.027027027,0.0,0.071428571,0.081081081,0.0,0.0,0,0.075803083,3.0,0.880798591,0.473938235
166489,Longy School of Music of Bard College,141713034,267104,Longy  Conservatory at Longy School of Music  Longy Conservatory,27 Garden Street,Cambridge,MA,02138,longy.edu/,159,318,3,0,5,4,256027,208130,51205.4,52032.5,110286.9382,94108.42955,100,58,29,29,0.051724138,0.068965517,0.120689655,0.444444444,0.0,0.0,0.0,0.0,0.0,0.0,0.0,0.0,0.222222222,0.0,0.0,0.0,0,0.075803083,0.0,0,0.473938235
166513,University of Massachusetts-Lowell,43167352,216100,,1 University Ave,Lowell,MA,01854,www.uml.edu/,4808,16770,1,0,319,286,39901291,31850220,125082.42,111364.41,110286.9382,94108.42955,100,1067,462,605,0.041237113,0.069353327,0.051546392,0.339869281,0.465909091,0.390163934,0.0,0.022727273,0.013114754,0.0,0.011363636,0.006557377,0.08496732,0.113636364,0.101639344,0.0,0,0.075803083,3.666666667,0.213762413,0.473938235
166629,University of Massachusetts-Amherst,43167352,222100,UMass Amherst,374 Whitmore Building 181 Presidents Drive,Amherst,MA,01003,www.umass.edu/,9038,31810,1,1,770,688,102685820,77149397,133358.21,112135.75,110286.9382,94108.42955,100,4542,2027,2515,0.052840159,0.0667107,0.12681638,0.349112426,0.485623003,0.394736842,0.01183432,0.031948882,0.01754386,0.019723866,0.019169329,0.020050125,0.055226824,0.083067093,0.067669173,2.0,0.062055912,0.075803083,4.666666667,0.144797129,0.473938235
166638,University of Massachusetts-Boston,43167352,222200,,100 Morrissey Boulevard,Boston,MA,02125-3393,www.umb.edu/,3438,15810,1,0,343,366,38482956,37269534,112195.21,101829.33,110286.9382,94108.42955,100,1416,545,871,0.105225989,0.06779661,0.101694915,0.439716312,0.486363636,0.472222222,0.028368794,0.05,0.041666667,0.014184397,0.040909091,0.033333333,0.085106383,0.086363636,0.086111111,0.666666667,0.042773429,0.075803083,2.666666667,0.171093717,0.473938235
166647,Massachusetts Bay Community College,46002284,217100,MassBay Community College,50 Oakland St,Wellesley Hills,MA,02481-5399,https://www.massbay.edu/,697,3973,1,0,32,41,2245225,2786792,70163.28,67970.54,110286.9382,94108.42955,100,246,78,168,0.117886179,0.052845528,0.056910569,0.53125,0.647058824,0.512820513,0.03125,0.0,0.025641026,0.0,0.0,0.0,0.03125,0.058823529,0.025641026,0.0,0,0.075803083,0.0,0,0.473938235
166656,MCPHS University,42104700,216500,MCPHS University,179 Longwood Ave,Boston,MA,02115-5896,www.mcphs.edu/,2311,6321,3,0,101,202,13609622,26485766,134748.73,131117.65,110286.9382,94108.42955,100,547,211,336,0.071297989,0.062157221,0.122486289,0.646153846,0.625,0.0,0.015384615,0.010416667,0.0,0.0,0.020833333,0.0,0.046153846,0.083333333,0.0,0.666666667,0.097694412,0.075803083,1.333333333,0.195388824,0.473938235
166674,Massachusetts College of Art and Design,46002284,218000,,621 Huntington Ave,Boston,MA,02115-5882,https://massart.edu/,456,1986,1,0,57,56,5269566,5069363,92448.53,90524.34,110286.9382,94108.42955,100,257,114,143,0.143968872,0.112840467,0.073929961,0.481481481,0.448275862,0.492063492,0.0,0.0,0.0,0.037037037,0.0,0.031746032,0.0,0.103448276,0.015873016,0.0,0,0.075803083,0.666666667,0.343819838,0.473938235
166683,Massachusetts Institute of Technology,42103594,217800,"MIT, M.I.T.",77 Massachusetts Avenue,Cambridge,MA,02139-4307,web.mit.edu/,3726,11920,3,1,970,421,216978744,82212848,223689.43,195279.92,110286.9382,94108.42955,100,12520,6819,5701,0.044249201,0.059504792,0.093530351,0.214912281,0.308411215,0.233496333,0.00877193,0.014018692,0.011002445,0.004385965,0.014018692,0.006112469,0.026315789,0.037383178,0.029339853,0.666666667,0.056220835,0.075803083,9.333333333,0.787091696,0.473938235
166692,Massachusetts Maritime Academy,43009174,218100,,101 Academy Dr,Buzzards Bay,MA,02532-1803,https://www.maritime.edu/,391,1362,1,0,58,34,5784604,2971912,99734.55,87409.18,110286.9382,94108.42955,100,188,89,99,0.058510638,0.021276596,0.005319149,0.333333333,0.285714286,0.308823529,0.0,0.0,0.0,0.0,0.0,0.0,0.083333333,0.0,0.044117647,0.0,0,0.075803083,0.666666667,0.467836257,0.473938235
166708,University of Massachusetts Chan Medical School,43167352,975600,,55 Lake Ave North,Worcester,MA,01655,www.umassmed.edu/,277,1394,1,1,4,21,510191,2897556,127547.75,137978.86,110286.9382,94108.42955,100,3910,1358,2552,0.064194373,0.067774936,0.119693095,0.329059829,0.416666667,0.271428571,0.012820513,0.003968254,0.0,0.021367521,0.007936508,0.021428571,0.051282051,0.079365079,0.028571429,0.0,0,0.075803083,2.666666667,1.972386588,0.473938235
166717,William James College,42620216,2163600,William James College,One Wells Avenue,Newton,MA,02459,www.williamjames.edu/,339,951,3,0,23,59,2550218,6318783,110879.04,107098.02,110286.9382,94108.42955,100,132,28,104,0.075757576,0.037878788,0.022727273,0.666666667,0.740740741,0.0,0.0,0.037037037,0.0,0.0,0.074074074,0.0,0.0,0.0,0.0,0.0,0,0.075803083,0.0,0,0.473938235
166823,Massasoit Community College,46002284,217700,,One Massasoit Boulevard,Brockton,MA,02302-3996,https://www.massasoit.edu/,759,5029,1,0,49,53,3745094,3845653,76430.49,72559.49,110286.9382,94108.42955,100,439,159,280,0.15261959,0.034168565,0.029612756,0.413043478,0.594594595,0.511627907,0.0,0.081081081,0.034883721,0.0,0.027027027,0.011627907,0.0,0.0,0.0,0.0,0,0.075803083,0.333333333,0.069300069,0.473938235
166850,Merrimack College,42103731,212000,Merrimack,315 Turnpike St,North Andover,MA,01845,https://www.merrimack.edu/,1643,5688,4,0,85,111,9251143,10590280,108836.98,95407.93,110286.9382,94108.42955,100,465,194,271,0.032258065,0.021505376,0.015053763,0.46875,0.518987342,0.471264368,0.03125,0.0,0.0,0.0,0.012658228,0.011494253,0.03125,0.037974684,0.034482759,0.0,0,0.075803083,5.333333333,0.968816228,0.473938235
166869,MGH Institute of Health Professions,42868893,2231600,,36 1st Avenue,Boston,MA,02129-4557,www.mghihp.edu/,600,1484,3,1,17,91,1977014,11224054,116294.94,123341.25,110286.9382,94108.42955,100,145,31,114,0.034482759,0.055172414,0.172413793,1.0,0.714285714,0.0,0.0,0.035714286,0.0,0.0,0.035714286,0.0,0.090909091,0.107142857,0.0,0.0,0,0.075803083,0.0,0,0.473938235
166911,Montserrat College of Art,521859814,2063000,,23 Essex Street,Beverly,MA,01915-4508,https://www.montserrat.edu/,68,276,3,0,8,13,499499,686196,62437.38,52784.31,110286.9382,94108.42955,100,53,19,34,0.037735849,0.0,0.037735849,0.461538462,0.8,0.0,0.0,0.0,0.0,0.0,0.0,0.0,0.076923077,0.2,0.0,0.0,0,0.075803083,0.0,0,0.473938235
166939,Mount Holyoke College,42103578,219200,MHC,50 College Street,South Hadley,MA,01075-1489,https://www.mtholyoke.edu/,559,2330,3,0,96,131,9846957,13114217,102572.47,100108.53,110286.9382,94108.42955,100,635,196,439,0.022047244,0.067716535,0.026771654,0.573770492,0.561403509,0.547169811,0.032786885,0.0,0.018867925,0.032786885,0.052631579,0.047169811,0.098360656,0.052631579,0.08490566,2.0,0.836120401,0.075803083,0.666666667,0.2787068,0.473938235
166957,Mount Wachusett Community College,46002284,217200,The Mount|MWCC,444 Green St,Gardner,MA,01440-1000,mwcc.edu/,640,3204,1,1,20,39,1285899,2761676,64294.95,70812.21,110286.9382,94108.42955,100,414,120,294,0.060386473,0.070048309,0.012077295,0.730769231,0.588235294,0.766666667,0.038461538,0.0,0.033333333,0.0,0.0,0.0,0.0,0.058823529,0.0,0.0,0,0.075803083,0.0,0,0.473938235
167093,New England College of Optometry,41591060,216400,New England College of Optometry/NECO Center for Eye Care,424 Beacon St,Boston,MA,02115,https://www.neco.edu/,137,529,3,0,12,32,1556861,4227242,129738.42,132101.31,110286.9382,94108.42955,100,123,35,88,0.073170732,0.048780488,0.130081301,0.714285714,0.705882353,0.8,0.0,0.0,0.0,0.0,0.0,0.0,0.142857143,0.117647059,0.0,0.0,0,0.075803083,0.0,0,0.473938235
167215,New England Law-Boston,42152671,891600,New England Law | Boston,154 Stuart Street,Boston,MA,02116,www.nesl.edu/,319,1083,3,0,16,13,2550890,1538369,159430.62,118336.08,110286.9382,94108.42955,100,78,30,48,0.128205128,0.115384615,0.012820513,0.347826087,0.0,0.166666667,0.086956522,0.0,0.0,0.0,0.0,0.0,0.0,0.0,0.0,0.0,0,0.075803083,0.0,0,0.473938235
167260,Nichols College,42104778,219700,Nichols,Center Rd,Dudley,MA,01571-5000,www.nichols.edu/,384,1354,3,0,30,19,2886846,1664487,96228.2,87604.58,110286.9382,94108.42955,100,167,79,88,0.047904192,0.053892216,0.023952096,0.0,0.45,0.25,0.0,0.0,0.0,0.0,0.05,0.0625,0.0,0.0,0.0,0.0,0,0.075803083,0.333333333,0.237586125,0.473938235
167288,Massachusetts College of Liberal Arts,46002284,218700,MCLA,375 Church Street,North Adams,MA,01247-4100,https://www.mcla.edu/,244,933,1,0,37,42,3359879,3292815,90807.54,78400.36,110286.9382,94108.42955,100,192,84,108,0.052083333,0.041666667,0.010416667,0.470588235,0.576923077,0.516666667,0.0,0.0,0.0,0.029411765,0.115384615,0.066666667,0.0,0.0,0.0,3.333333333,3.55366027,0.075803083,1.0,1.066098081,0.473938235
167312,North Shore Community College,42687444,217300,,1 Ferncroft Rd,Danvers,MA,01923-0840,www.northshore.edu/,689,4833,1,0,34,78,2322195,5572686,68299.85,71444.69,110286.9382,94108.42955,100,382,136,246,0.04973822,0.188481675,0.083769634,0.666666667,0.736842105,0.697368421,0.016666667,0.052631579,0.026315789,0.066666667,0.0,0.052631579,0.05,0.052631579,0.052631579,0.0,0,0.075803083,0.0,0,0.473938235
167358,Northeastern University,41679980,219900,,360 Huntington Ave,Boston,MA,02115-5005,www.northeastern.edu/,9707,31159,3,1,957,809,144140609,102387422,150617.15,126560.47,110286.9382,94108.42955,100,4288,1739,2549,0.07369403,0.068097015,0.080690299,0.35047619,0.425447316,0.349180328,0.017142857,0.027833002,0.02295082,0.00952381,0.019880716,0.014754098,0.017142857,0.035785288,0.029508197,6.0,0.199913371,0.075803083,19.33333333,0.644165306,0.473938235
167376,Northern Essex Community College,42498732,217400,NECC,100 Elliott Street,Haverhill,MA,01830-2399,www.necc.mass.edu/,544,4510,1,1,26,52,1807201,3716509,69507.73,71471.33,110286.9382,94108.42955,100,320,81,239,0.028125,0.234375,0.015625,0.673469388,0.666666667,0.672727273,0.020408163,0.111111111,0.036363636,0.081632653,0.0,0.072727273,0.020408163,0.0,0.018181818,0.0,0,0.075803083,0.0,0,0.473938235
167394,College of Our Lady of the Elms,42225850,214000,Elms College,291 Springfield St,Chicopee,MA,01013,https://www.elms.edu/,421,1332,4,0,19,37,1251266,2569454,65856.11,69444.7,110286.9382,94108.42955,100,150,56,94,0.04,0.093333333,0.013333333,0.555555556,0.5,0.454545455,0.0,0.0,0.0,0.0,0.0,0.0,0.0,0.0,0.0,0.0,0,0.075803083,1.0,0.784313725,0.473938235
167525,Quincy College,46001409,220500,,1250 Hancock Street,Quincy,MA,02169,https://www.quincycollege.edu/,341,2603,1,1,15,16,1221468,1264747,81431.2,79046.69,110286.9382,94108.42955,100,107,36,71,0.112149533,0.037383178,0.102803738,0.444444444,1.0,0.476190476,0.055555556,0.0,0.047619048,0.0,0.0,0.0,0.0,0.0,0.0,0.0,0,0.075803083,0.666666667,0.256213169,0.473938235
167534,Quinsigamond Community College,42492727,217500,,670 West Boylston Street,Worcester,MA,01606-2092,www.qcc.edu/,1066,6930,1,1,41,87,2774422,6633509,67668.83,76247.23,110286.9382,94108.42955,100,589,218,371,0.062818336,0.091680815,0.040747029,0.663157895,0.75,0.666666667,0.052631579,0.0,0.052083333,0.031578947,0.0,0.03125,0.063157895,0.166666667,0.0625,0.666666667,0.102864784,0.075803083,0.333333333,0.051432392,0.473938235
167598,Regis College,42104451,220600,,235 Wellesley St,Weston,MA,02493-1571,www.regiscollege.edu/,1303,2842,4,1,32,98,3044164,8838078,95130.12,90184.47,110286.9382,94108.42955,100,247,76,171,0.076923077,0.08097166,0.020242915,0.615384615,0.761904762,0.714285714,0.0,0.0,0.0,0.153846154,0.023809524,0.071428571,0.0,0.071428571,0.071428571,0.0,0,0.075803083,2.333333333,0.722394221,0.473938235
167631,Roxbury Community College,42726857,1193000,,1234 Columbus Ave,Roxbury Crossing,MA,02120-3400,www.rcc.mass.edu/,154,1631,1,0,12,19,1042781,1556895,86898.42,81941.84,110286.9382,94108.42955,100,159,63,96,0.578616352,0.113207547,0.044025157,0.571428571,0.375,0.642857143,0.214285714,0.25,0.285714286,0.0,0.0,0.0,0.0,0.0,0.0,0.666666667,0.549148819,0.075803083,0.333333333,0.27457441,0.473938235
167729,Salem State University,42325342,218800,,352 Lafayette St,Salem,MA,01970,www.salemstate.edu/,1709,6239,1,0,137,159,14054631,15872650,102588.55,99827.99,110286.9382,94108.42955,100,591,225,366,0.052453469,0.113367174,0.037225042,0.534161491,0.473684211,0.510548523,0.01242236,0.039473684,0.016877637,0.02484472,0.013157895,0.021097046,0.055900621,0.092105263,0.067510549,0.666666667,0.101952388,0.075803083,1.333333333,0.203904776,0.473938235
167783,Simmons University,42103629,220800,,300 The Fenway,Boston,MA,02115-5898,www.simmons.edu/,2091,5053,3,0,54,146,5030345,12903137,93154.54,88377.65,110286.9382,94108.42955,100,328,96,232,0.085365854,0.070121951,0.051829268,0.639344262,0.773809524,0.641025641,0.06557377,0.107142857,0.051282051,0.016393443,0.05952381,0.025641026,0.06557377,0.05952381,0.08974359,1.333333333,0.233508465,0.075803083,4.0,0.700525394,0.473938235
167835,Smith College,41843040,220900,,Elm St,Northampton,MA,01063,www.smith.edu/,778,2830,3,0,127,211,15430933,23927736,121503.41,113401.59,110286.9382,94108.42955,100,1008,314,694,0.036706349,0.083333333,0.025793651,0.566666667,0.571428571,0.568306011,0.025,0.079365079,0.043715847,0.016666667,0.031746032,0.021857923,0.05,0.015873016,0.038251366,0.0,0,0.075803083,3.333333333,1.160227405,0.473938235
167905,Springfield Technical Community College,42444774,807800,STCC,1 Armory Sq,Springfield,MA,01105-1296,www.stcc.edu/,740,4561,1,1,42,69,3023470,4875104,71987.38,70653.68,110286.9382,94108.42955,100,360,152,208,0.144444444,0.225,0.013888889,0.578947368,0.615384615,0.563380282,0.01754386,0.0,0.014084507,0.0,0.038461538,0.0,0.035087719,0.076923077,0.028169014,0.0,0,0.075803083,0.333333333,0.084495142,0.473938235
167987,University of Massachusetts-Dartmouth,43167352,221000,UMass Dartmouth,285 Old Westport Rd,North Dartmouth,MA,02747-2300,www.umassd.edu/,1800,7759,1,0,196,186,22818965,18313021,116423.29,98457.1,110286.9382,94108.42955,100,665,246,419,0.103759398,0.019548872,0.033082707,0.341880342,0.503937008,0.413953488,0.008547009,0.0,0.004651163,0.0,0.007874016,0.004651163,0.068376068,0.086614173,0.08372093,0.0,0,0.075803083,3.666666667,0.491708015,0.473938235
167996,Stonehill College,42104229,221700,,320 Washington Street,Easton,MA,02357-6110,https://www.stonehill.edu/,556,2584,4,0,82,80,8279625,7021542,100971.04,87769.28,110286.9382,94108.42955,100,424,191,233,0.056603774,0.028301887,0.014150943,0.358490566,0.483870968,0.434343434,0.0,0.0,0.0,0.0,0.048387097,0.03030303,0.018867925,0.032258065,0.03030303,1.333333333,0.524315113,0.075803083,3.0,1.179709005,0.473938235
168005,Suffolk University,42133255,221800,,73 Tremont St.,Boston,MA,02108-3901,https://www.suffolk.edu/,1860,6697,3,0,161,156,19512207,17588467,121193.83,112746.58,110286.9382,94108.42955,100,740,281,459,0.109459459,0.089189189,0.087837838,0.447058824,0.5,0.470588235,0.011764706,0.009259259,0.011764706,0.0,0.018518519,0.005882353,0.105882353,0.037037037,0.070588235,0.0,0,0.075803083,0.666666667,0.099000099,0.473938235
168148,Tufts University,42103634,221900,,,Medford,MA,02155-5555,https://www.tufts.edu/,4181,13274,3,0,432,458,63042755,58079837,145932.3,126811.87,110286.9382,94108.42955,100,3816,1288,2528,0.073375262,0.06918239,0.089098532,0.357638889,0.458333333,0.356741573,0.006944444,0.020833333,0.014044944,0.017361111,0.020833333,0.019662921,0.041666667,0.075,0.04494382,13.33333333,0.992728265,0.075803083,4.666666667,0.347454893,0.473938235
168218,Wellesley College,42103637,222400,,106 Central St,Wellesley,MA,02481-8203,www.wellesley.edu/,589,2418,3,0,127,205,16162194,23889540,127261.37,116534.34,110286.9382,94108.42955,100,697,198,499,0.078909613,0.137733142,0.083213773,0.509259259,0.626865672,0.560693642,0.0,0.074626866,0.028901734,0.027777778,0.029850746,0.028901734,0.111111111,0.044776119,0.086705202,0.0,0,0.075803083,1.0,0.40866367,0.473938235
168227,Wentworth Institute of Technology,41958460,222500,WIT | Wentworth School of Architecture and Design | Wentworth School of Engineering | Wentworth School of Computing and Data Science | Wentworth Fenway | Wentworth Boston | Wentworth ABET | Wentworth NAAB,550 Huntington Ave,Boston,MA,02115,https://wit.edu/,951,4018,3,0,99,63,9433370,5666090,95286.57,89937.94,110286.9382,94108.42955,100,301,135,166,0.063122924,0.049833887,0.056478405,0.304347826,0.37037037,0.0,0.0,0.018518519,0.0,0.0,0.0,0.0,0.130434783,0.074074074,0.0,4.666666667,1.19047619,0.075803083,3.666666667,0.93537415,0.473938235
168254,Western New England University,42108376,222600,WNE,1215 Wilbraham Rd,Springfield,MA,01119-2684,wne.edu/,929,3574,3,0,118,113,12026665,11236415,101920.89,99437.3,110286.9382,94108.42955,100,432,175,257,0.076388889,0.106481481,0.020833333,0.505617978,0.384615385,0.427480916,0.011235955,0.015384615,0.0,0.011235955,0.015384615,0.015267176,0.033707865,0.030769231,0.038167939,0.666666667,0.19436346,0.075803083,2.333333333,0.680272109,0.473938235
168263,Westfield State University,46002284,218900,,577 Western Ave,Westfield,MA,01086-1630,www.westfield.ma.edu/,1184,4555,1,0,96,100,9284788,9370219,96716.54,93702.19,110286.9382,94108.42955,100,359,134,225,0.08913649,0.04735376,0.030640669,0.474747475,0.542372881,0.490066225,0.01010101,0.06779661,0.033112583,0.0,0.016949153,0.006622517,0.02020202,0.050847458,0.026490066,2.666666667,0.567134553,0.075803083,4.0,0.850701829,0.473938235
168281,Wheaton College (Massachusetts),42103638,222700,,26 E Main St,Norton,MA,02766-2322,www.wheatoncollege.edu/,353,1778,3,0,59,74,4844053,5761543,82102.59,77858.69,110286.9382,94108.42955,100,300,105,195,0.06,0.053333333,0.026666667,0.421052632,0.558823529,0.486111111,0.052631579,0.0,0.027777778,0.0,0.058823529,0.027777778,0.026315789,0.117647059,0.069444444,0.666666667,0.399920016,0.075803083,6.333333333,3.799240152,0.473938235
168342,Williams College,42104847,222900,Williams|William College|William|Williams College|Wiliams College|Wiliams,880 Main St,Williamstown,MA,01267,https://www.williams.edu/,610,2168,3,1,168,141,22991445,18470341,136853.84,130995.33,110286.9382,94108.42955,100,906,390,516,0.040838852,0.046357616,0.022075055,0.434108527,0.408163265,0.426136364,0.023255814,0.0,0.017045455,0.031007752,0.020408163,0.028409091,0.069767442,0.081632653,0.073863636,4.0,1.800180018,0.075803083,5.0,2.250225023,0.473938235
168421,Worcester Polytechnic Institute,42121659,223300,WPI,100 Institute Road,Worcester,MA,01609-2280,https://www.wpi.edu/,1935,7353,3,0,303,141,36861314,16171883,121654.5,114694.21,110286.9382,94108.42955,100,812,339,473,0.044334975,0.044334975,0.027093596,0.277777778,0.291262136,0.279187817,0.0,0.009708738,0.005076142,0.023809524,0.0,0.010152284,0.031746032,0.048543689,0.030456853,2.666666667,0.364896917,0.075803083,3.666666667,0.50173326,0.473938235
168430,Worcester State University,42760551,219000,,486 Chandler St,Worcester,MA,01602-2597,https://www.worcester.edu/,1303,5611,1,0,87,110,7288729,9511333,83778.49,86466.66,110286.9382,94108.42955,100,446,176,270,0.082959641,0.116591928,0.031390135,0.609756098,0.442307692,0.548148148,0.012195122,0.019230769,0.014814815,0.036585366,0.038461538,0.037037037,0.085365854,0.057692308,0.066666667,0.0,0,0.075803083,1.666666667,0.313814097,0.473938235
168528,Adrian College,381357980,223400,,110 S Madison St,Adrian,MI,49221-2575,www.adrian.edu/,372,1760,4,1,45,35,3424812,2681139,76106.93,76603.97,110286.9382,94108.42955,100,215,114,101,0.027906977,0.041860465,0.004651163,0.441176471,0.411764706,0.431818182,0.0,0.0,0.0,0.029411765,0.058823529,0.045454545,0.029411765,0.0,0.022727273,0.0,0,0.075803083,3.333333333,1.830496064,0.473938235
168546,Albion College,381359081,223500,,611 E Porter St,Albion,MI,49224,www.albion.edu/,283,1354,3,0,55,62,3810696,3958032,69285.38,63839.23,110286.9382,94108.42955,100,268,125,143,0.100746269,0.059701493,0.02238806,0.377777778,0.5,0.417910448,0.0,0.0,0.0,0.022222222,0.090909091,0.044776119,0.066666667,0.0,0.044776119,6.0,4.120879121,0.075803083,4.0,2.747252747,0.473938235
168591,Alma College,381359083,223600,,614 W Superior,Alma,MI,48801-1599,www.alma.edu/,279,1273,4,0,51,36,3670121,2548210,71963.16,70783.61,110286.9382,94108.42955,100,240,120,120,0.054166667,0.033333333,0.008333333,0.4,0.37037037,0.4,0.0,0.037037037,0.022222222,0.0,0.0,0.0,0.1,0.037037037,0.066666667,0.0,0,0.075803083,2.666666667,2.116402116,0.473938235
168740,Andrews University,381627600,223800,Andrews,"4150 Administration Drive, Room 136",Berrien Springs,MI,49104,https://www.andrews.edu/,688,2837,4,1,117,92,7345345,5671695,62780.73,61648.86,110286.9382,94108.42955,100,425,156,269,0.129411765,0.150588235,0.08,0.349206349,0.434210526,0.350877193,0.063492063,0.078947368,0.01754386,0.031746032,0.026315789,0.052631579,0.079365079,0.013157895,0.052631579,2.0,0.699790063,0.075803083,0.333333333,0.116631677,0.473938235
168786,Aquinas College,381367080,223900,AQ,1700 Fulton St. E,Grand Rapids,MI,49506-1801,https://www.aquinas.edu/,277,1295,4,0,46,32,2754543,1931777,59881.37,60368.03,110286.9382,94108.42955,100,204,107,97,0.039215686,0.049019608,0.009803922,0.454545455,0.34375,0.396551724,0.0,0.0,0.0,0.0,0.0,0.0,0.0,0.0,0.0,0.0,0,0.075803083,1.333333333,1.054018445,0.473938235
168847,Baker College,380321740,467300,,1020 S Washington St,Owosso,MI,48867,www.baker.edu/,1089,3898,3,0,21,80,1461015,5520464,69572.14,69005.8,110286.9382,94108.42955,100,318,131,187,0.066037736,0.006289308,0.025157233,1.0,0.818181818,0.0,0.083333333,0.090909091,0.0,0.0,0.0,0.0,0.083333333,0.090909091,0.0,1.333333333,0.32472804,0.075803083,1.666666667,0.40591005,0.473938235
168883,Bay de Noc Community College,381711021,224000,Bay College,2001 N Lincoln Road,Escanaba,MI,49829-2511,https://www.baycollege.edu/,313,1996,1,0,19,19,1550257,1646148,81592.47,86639.37,110286.9382,94108.42955,100,102,42,60,0.019607843,0.019607843,0.0,0.0,0.0,0.515151515,0.0,0.0,0.0,0.0,0.0,0.0,0.0,0.0,0.0,0.666666667,0.338581344,0.075803083,0.666666667,0.338581344,0.473938235
169080,Calvin University,383071514,224100,Calvin,3201 Burton Street SE,Grand Rapids,MI,49546,www.calvin.edu/,859,3364,4,0,121,73,10689294,6091910,88341.27,83450.82,110286.9382,94108.42955,100,459,174,285,0.05664488,0.004357298,0.026143791,0.295918367,0.368421053,0.31496063,0.0,0.026315789,0.007874016,0.010204082,0.0,0.007874016,0.030612245,0.026315789,0.031496063,0.0,0,0.075803083,1.333333333,0.412668936,0.473938235
169248,Central Michigan University,386004447,224300,,106 Warriner Hall,Mount Pleasant,MI,48859,https://www.cmich.edu/,4049,14399,1,0,348,281,34873610,25510698,100211.52,90785.4,110286.9382,94108.42955,100,1307,479,828,0.049732211,0.028309105,0.011476664,0.432835821,0.454545455,0.435096154,0.017910448,0.0,0.014423077,0.026865672,0.0,0.021634615,0.065671642,0.070707071,0.067307692,0.0,0,0.075803083,9.666666667,0.664056239,0.473938235
169327,Cleary University,381393841,224600,Cleary College,3750 Cleary Drive,Howell,MI,48843,www.cleary.edu/,536,1040,3,0,2,3,125000,190000,62500.0,63333.33,110286.9382,94108.42955,100,86,54,32,0.104651163,0.023255814,0.0,0.0,0.6,0.0,0.0,0.2,0.0,0.0,0.0,0.0,0.0,0.0,0.0,0.0,0,0.075803083,0.0,0,0.473938235
169363,Concordia University Ann Arbor,381674800,384256,CUAA,4090 Geddes Rd,Ann Arbor,MI,48105,https://www.cuaa.edu/,209,1351,4,0,28,33,2034100,2900300,72646.43,87887.88,110286.9382,94108.42955,100,135,71,64,0.088888889,0.044444444,0.0,0.571428571,0.388888889,0.0,0.0,0.055555556,0.0,0.0,0.0,0.0,0.0,0.0,0.0,0.0,0,0.075803083,0.333333333,0.277085065,0.473938235
169442,College for Creative Studies,382539067,677100,CCS,201 E Kirby,Detroit,MI,48202,https://www.collegeforcreativestudies.edu/,284,1459,3,0,39,15,3857265,1334948,98904.23,88996.53,110286.9382,94108.42955,100,209,65,144,0.167464115,0.019138756,0.023923445,0.3,0.227272727,0.0,0.0,0.0,0.0,0.0,0.045454545,0.0,0.0,0.0,0.0,0.0,0,0.075803083,0.0,0,0.473938235
169479,Davenport University,381945965,224900,,6191 Kraft Avenue S.E.,Grand Rapids,MI,49512-9396,www.davenport.edu/,1337,4848,3,0,23,57,1808196,4385885,78617.22,76945.35,110286.9382,94108.42955,100,394,197,197,0.081218274,0.068527919,0.010152284,1.0,0.583333333,0.0,0.0,0.083333333,0.0,0.0,0.0,0.0,0.0,0.083333333,0.0,0.0,0,0.075803083,1.333333333,0.262829358,0.473938235
169521,Delta College,386034011,225100,,1961 Delta Road,University Center,MI,48710,https://www.delta.edu/,1034,7646,1,0,86,96,7993465,8507424,92947.27,88619.0,110286.9382,94108.42955,100,316,122,194,0.079113924,0.037974684,0.009493671,0.53030303,0.444444444,0.496183206,0.015151515,0.015873016,0.015267176,0.015151515,0.0,0.007633588,0.0,0.015873016,0.007633588,0.666666667,0.094482237,0.075803083,3.333333333,0.472411187,0.473938235
169716,University of Detroit Mercy,381360586,232300,"Detroit Mercy, UDM, U of D, University of Detroit",4001 W McNichols Rd,Detroit,MI,48221-3038,https://www.udmercy.edu/,1418,5528,4,0,141,167,15441206,16364849,109512.1,97993.11,110286.9382,94108.42955,100,533,200,333,0.34521576,0.037523452,0.020637899,0.430555556,0.514285714,0.490066225,0.0,0.057142857,0.01986755,0.013888889,0.028571429,0.01986755,0.041666667,0.019047619,0.033112583,0.0,0,0.075803083,0.666666667,0.124378109,0.473938235
169798,Eastern Michigan University,386005986,225900,,900 Oakwood St.,Ypsilanti,MI,48197,www.emich.edu/,3596,13324,1,1,289,288,28147312,25534086,97395.54,88660.02,110286.9382,94108.42955,100,839,360,479,0.140643623,0.045292014,0.028605483,0.432525952,0.546099291,0.467592593,0.017301038,0.042553191,0.025462963,0.020761246,0.021276596,0.020833333,0.076124567,0.085106383,0.078703704,0.0,0,0.075803083,41.0,2.924810957,0.473938235
169910,Ferris State University,386005159,226000,,1201 S State St,Big Rapids,MI,49307-2251,www.ferris.edu/,2712,9918,1,1,260,214,25480239,19472622,98000.92,90993.56,110286.9382,94108.42955,100,779,315,464,0.033376123,0.014120668,0.011553273,0.430107527,0.432624113,0.433333333,0.0,0.014184397,0.006060606,0.0,0.014184397,0.006060606,0.010752688,0.028368794,0.018181818,0.666666667,0.066190098,0.075803083,29.33333333,2.91236431,0.473938235
169974,Glen Oaks Community College,381800033,226300,GOCC,62249 Shimmel Rd,Centreville,MI,49032-9719,www.glenoaks.edu/,187,1215,1,0,12,14,989397,988446,82449.75,70603.29,110286.9382,94108.42955,100,68,23,45,0.058823529,0.0,0.0,0.375,0.0,0.375,0.0,0.0,0.0,0.0,0.0,0.0,0.0,0.0,0.0,0.0,0,0.075803083,0.0,0,0.473938235
169983,Kettering University,382410852,226200,GMI Engineering & Management Institute,1700 University Avenue,Flint,MI,48504-6214,https://www.kettering.edu/,485,1605,3,0,72,28,6315000,2289345,87708.33,81762.32,110286.9382,94108.42955,100,242,97,145,0.090909091,0.012396694,0.020661157,0.172413793,0.347826087,0.25,0.0,0.0,0.0,0.0,0.086956522,0.038461538,0.103448276,0.086956522,0.096153846,0.0,0,0.075803083,0.333333333,0.188430375,0.473938235
170000,Grace Christian University,381673400,226500,,1011 Aldon SW,Wyoming,MI,49509,www.gracechristian.edu/,192,954,4,0,9,5,531168,246371,59018.67,49274.2,110286.9382,94108.42955,100,109,63,46,0.073394495,0.04587156,0.009174312,0.2,0.0,0.0,0.0,0.0,0.0,0.0,0.0,0.0,0.0,0.0,0.0,0.0,0,0.075803083,0.0,0,0.473938235
170037,Cornerstone University,381443369,226600,,1001 E Beltline Ave NE,Grand Rapids,MI,49525-5897,www.cornerstone.edu/,448,1735,4,0,35,16,2134452,970677,60984.34,60667.31,110286.9382,94108.42955,100,204,87,117,0.024509804,0.019607843,0.014705882,0.176470588,0.545454545,0.32,0.0,0.0,0.0,0.0,0.0,0.0,0.0,0.0,0.0,0.0,0,0.075803083,0.0,0,0.473938235
170055,Grand Rapids Community College,382980195,226700,,143 Bostwick Ave NE,Grand Rapids,MI,49503-3295,https://www.grcc.edu/,1734,12142,1,0,97,112,8911967,10172891,91875.95,90829.38,110286.9382,94108.42955,100,431,196,235,0.153132251,0.106728538,0.013921114,0.511627907,0.55,0.540372671,0.069767442,0.075,0.062111801,0.011627907,0.0,0.00621118,0.0,0.05,0.01242236,0.0,0,0.075803083,3.0,0.254172668,0.473938235
170082,Grand Valley State University,381684280,226800,Grand Valley|GVSU|Grand Valley State|,1 Campus Dr,Allendale,MI,49401-9403,www.gvsu.edu/,5283,22269,1,1,564,565,55154652,49693365,97791.94,87952.86,110286.9382,94108.42955,100,1427,544,883,0.086194814,0.05746321,0.020322355,0.378205128,0.495268139,0.442367601,0.012820513,0.028391167,0.020249221,0.012820513,0.031545741,0.021806854,0.038461538,0.056782334,0.046728972,0.666666667,0.030795763,0.075803083,20.66666667,0.954668638,0.473938235
170240,Henry Ford College,200027170,227000,,5101 Evergreen Rd,Dearborn,MI,48128-1495,https://www.hfcc.edu/,2953,11239,1,0,82,83,9363797,9123165,114192.65,109917.65,110286.9382,94108.42955,100,371,146,225,0.293800539,0.032345013,0.010781671,0.0,0.0,0.507936508,0.0,0.0,0.055555556,0.0,0.0,0.0,0.0,0.0,0.031746032,0.0,0,0.075803083,0.333333333,0.029751279,0.473938235
170301,Hope College,381381271,227300,,"President's Office, 141 East 12th Street",Holland,MI,49423-9000,https://www.hope.edu/,700,3368,4,0,123,137,9999717,10035057,81298.51,73248.59,110286.9382,94108.42955,100,552,223,329,0.027173913,0.052536232,0.019927536,0.4,0.515151515,0.43902439,0.0,0.03030303,0.016260163,0.0,0.045454545,0.016260163,0.026666667,0.015151515,0.024390244,0.0,0,0.075803083,3.0,0.922792987,0.473938235
170444,Jackson College,381795703,227400,,2111 Emmons Rd,Jackson,MI,49201-8399,www.jccmi.edu/,908,4975,1,0,27,38,2306325,3190824,85419.44,83969.05,110286.9382,94108.42955,100,213,98,115,0.056338028,0.042253521,0.009389671,0.555555556,0.545454545,0.538461538,0.055555556,0.0,0.025641026,0.055555556,0.0,0.025641026,0.0,0.0,0.0,0.666666667,0.157084511,0.075803083,1.0,0.235626767,0.473938235
170532,Kalamazoo College,381358014,227500,,1200 Academy St,Kalamazoo,MI,49006-3295,https://www.kzoo.edu/,298,1196,3,0,53,60,4410768,4571753,83222.04,76195.88,110286.9382,94108.42955,100,258,94,164,0.096899225,0.054263566,0.0,0.43902439,0.571428571,0.485294118,0.0,0.071428571,0.029411765,0.048780488,0.035714286,0.044117647,0.073170732,0.035714286,0.058823529,0.0,0,0.075803083,0.333333333,0.275482094,0.473938235
170541,Kalamazoo Valley Community College,381850178,694900,,6767 West O Ave,Kalamazoo,MI,49003-4070,https://www.kvcc.edu/,872,6320,1,0,66,50,6599400,5431597,99990.91,108631.94,110286.9382,94108.42955,100,526,224,302,0.102661597,0.030418251,0.022813688,0.0,0.0,0.402985075,0.0,0.0,0.044776119,0.0,0.0,0.0,0.0,0.0,0.0,0.0,0,0.075803083,0.0,0,0.473938235
170550,Kellogg Community College,381942332,227600,,450 North Ave,Battle Creek,MI,49017-3397,www.kellogg.edu/,725,3734,1,0,41,56,3644353,4668219,88886.66,83361.05,110286.9382,94108.42955,100,207,79,128,0.115942029,0.038647343,0.014492754,0.0,0.0,0.583333333,0.0,0.0,0.033333333,0.0,0.0,0.0,0.0,0.0,0.0,0.0,0,0.075803083,0.333333333,0.097266803,0.473938235
170639,Lake Superior State University,381880022,229300,,650 W Easterday Ave,Sault Ste Marie,MI,49783,www.lssu.edu/,452,1669,1,1,56,27,3942576,1763887,70403.14,65329.15,110286.9382,94108.42955,100,201,93,108,0.014925373,0.004975124,0.009950249,0.136363636,0.352941176,0.346153846,0.0,0.0,0.0,0.0,0.0,0.0,0.0,0.058823529,0.019230769,1.333333333,0.805639476,0.075803083,2.333333333,1.409869084,0.473938235
170657,Lansing Community College,381787641,227800,LCC,610 N Capitol Ave,Lansing,MI,48933,https://www.lcc.edu/,1890,9207,1,0,90,95,7206591,7667976,80073.23,80715.54,110286.9382,94108.42955,100,807,394,413,0.104089219,0.063197026,0.034696406,0.513513514,0.0,0.0,0.037837838,0.0,0.0,0.016216216,0.0,0.0,0.043243243,0.0,0.0,0.0,0,0.075803083,0.0,0,0.473938235
170675,Lawrence Technological University,381369604,227900,,21000 West Ten Mile Road,Southfield,MI,48075-1058,www.ltu.edu/,582,3260,3,0,84,34,6937547,2609469,82589.85,76749.09,110286.9382,94108.42955,100,326,174,152,0.168711656,0.012269939,0.009202454,0.375,0.133333333,0.131578947,0.0,0.0,0.0,0.0,0.0,0.0,0.0,0.033333333,0.026315789,0.0,0,0.075803083,1.333333333,0.449539222,0.473938235
170790,Macomb Community College,381717622,890600,,14500 E Twelve Mile Rd,Warren,MI,48088-3896,www.macomb.edu/,2421,15983,1,0,90,101,9112646,9730839,101251.62,96344.94,110286.9382,94108.42955,100,722,279,443,0.063711911,0.06232687,0.022160665,0.49044586,0.0,0.49044586,0.01910828,0.0,0.012738854,0.063694268,0.0,0.063694268,0.0,0.0,0.0,0.0,0,0.075803083,0.333333333,0.020903884,0.473938235
170806,Madonna University,381498763,228200,,36600 Schoolcraft Rd,Livonia,MI,48150-1176,https://www.madonna.edu/,627,2054,4,0,23,56,1614290,3727656,70186.52,66565.29,110286.9382,94108.42955,100,179,67,112,0.100558659,0.005586592,0.027932961,0.6,0.714285714,0.0,0.0,0.047619048,0.0,0.0,0.0,0.0,0.0,0.095238095,0.0,1.333333333,0.632211159,0.075803083,6.0,2.844950213,0.473938235
170967,Rochester University,381619831,228800,,800 West Avon Road,Rochester Hills,MI,48307,rochesteru.edu/,216,1173,4,0,17,19,1015461,993752,59733.0,52302.74,110286.9382,94108.42955,100,101,41,60,0.079207921,0.01980198,0.02970297,0.416666667,0.444444444,0.384615385,0.0,0.0,0.0,0.0,0.0,0.0,0.0,0.0,0.0,0.0,0,0.075803083,0.333333333,0.285632676,0.473938235
170976,University of Michigan-Ann Arbor,386006309,232500,U of Michigan|U of M|Univ of Michigan|U Michigan Ann Arbor|University of Michigan Ann Arbor,1109 Geddes Avenue,Ann Arbor,MI,48109,https://umich.edu/,15308,52065,1,1,2314,1775,307937166,207333136,133075.7,116807.4,110286.9382,94108.42955,100,17173,6038,11135,0.101205381,0.047341757,0.075467303,0.331318681,0.451351351,0.351576994,0.017032967,0.027027027,0.020408163,0.013736264,0.018918919,0.016697588,0.05,0.085585586,0.053339518,8.666666667,0.169188222,0.075803083,42.33333333,0.826419392,0.473938235
171100,Michigan State University,386005984,229000,MSU|Spartans|MI State University|State|MI State U,,East Lansing,MI,48824-1046,https://www.msu.edu/,12413,51316,1,0,1380,1154,191284740,127274477,138612.13,110289.84,110286.9382,94108.42955,100,9425,3648,5777,0.080954907,0.055702918,0.041167109,0.291954023,0.466299862,0.359050445,0.016091954,0.023383769,0.018545994,0.011494253,0.031636864,0.020029674,0.045977011,0.072902338,0.057863501,4.0,0.079963217,0.075803083,25.0,0.499770106,0.473938235
171128,Michigan Technological University,386005955,229200,Michigan Tech|MTU|Michigan Tech University|Mich Tech|Michigan Technological Univ|Michigan Tech Univ|MT,1400 Townsend Drive,Houghton,MI,49931-1295,https://www.mtu.edu/,1611,7313,1,1,263,138,28577822,12882059,108660.92,93348.25,110286.9382,94108.42955,100,1111,554,557,0.00540054,0.02070207,0.02160216,0.229357798,0.31372549,0.266990291,0.0,0.009803922,0.004854369,0.018348624,0.009803922,0.014563107,0.027522936,0.039215686,0.033980583,0.666666667,0.094388598,0.075803083,6.0,0.849497381,0.473938235
171137,University of Michigan-Dearborn,386006309,232600,UM-Dearborn,4901 Evergreen Rd,Dearborn,MI,48128-1491,https://umdearborn.edu/,2161,8035,1,1,195,143,20605405,13043365,105668.74,91212.34,110286.9382,94108.42955,100,502,180,322,0.157370518,0.045816733,0.029880478,0.3625,0.431034483,0.407216495,0.0,0.043103448,0.025773196,0.025,0.025862069,0.025773196,0.1,0.129310345,0.118556701,0.0,0,0.075803083,0.0,0,0.473938235
171146,University of Michigan-Flint,386006309,232700,UM-Flint,303 E. Kearsley Street,Flint,MI,48502-1950,www.umflint.edu/,1480,6130,1,1,121,134,11942583,12547364,98699.03,93637.04,110286.9382,94108.42955,100,464,167,297,0.142241379,0.034482759,0.012931034,0.320754717,0.543209877,0.449612403,0.0,0.037037037,0.023255814,0.0,0.012345679,0.007751938,0.056603774,0.074074074,0.069767442,0.666666667,0.111389585,0.075803083,1.333333333,0.22277917,0.473938235
171155,Mid Michigan College,381812272,676800,,1375 S Clare Ave,Harrison,MI,48625-9447,www.midmich.edu/,402,3416,1,0,23,30,1843362,2504505,80146.17,83483.5,110286.9382,94108.42955,100,109,53,56,0.018348624,0.009174312,0.0,0.541666667,0.625,0.0,0.0,0.0,0.0,0.041666667,0.0,0.0,0.0,0.0,0.0,0.0,0,0.075803083,0.333333333,0.098561009,0.473938235
171225,Monroe County Community College,386096311,229400,,1555 South Raisinville Road,Monroe,MI,48161-9746,www.monroeccc.edu/,355,2250,1,0,23,22,2054190,2069256,89312.61,94057.09,110286.9382,94108.42955,100,138,64,74,0.028985507,0.02173913,0.014492754,0.368421053,0.533333333,0.512195122,0.0,0.066666667,0.024390244,0.105263158,0.0,0.048780488,0.0,0.0,0.0,0.0,0,0.075803083,0.333333333,0.139004726,0.473938235
171234,Montcalm Community College,381790920,229500,,2800 College Dr.,Sidney,MI,48885-9723,www.montcalm.edu/,207,1587,1,0,9,21,784892,1862607,87210.22,88695.57,110286.9382,94108.42955,100,117,42,75,0.008547009,0.008547009,0.0,0.0,0.0,0.708333333,0.0,0.0,0.041666667,0.0,0.0,0.0,0.0,0.0,0.0,0.0,0,0.075803083,0.333333333,0.207943439,0.473938235
171395,North Central Michigan College,381586760,229900,NCMC,1515 Howard St,Petoskey,MI,49770,www.ncmich.edu/,265,1540,1,0,14,18,1381187,1613776,98656.21,89654.22,110286.9382,94108.42955,100,86,31,55,0.0,0.0,0.0,0.5,0.0,0.0,0.0,0.0,0.0,0.038461538,0.0,0.0,0.0,0.0,0.0,0.0,0,0.075803083,0.333333333,0.213675214,0.473938235
171456,Northern Michigan University,386029206,230100,,1401 Presque Isle Avenue,Marquette,MI,49855-5301,https://www.nmu.edu/,1709,7197,1,1,169,149,14071901,11360890,83265.69,76247.58,110286.9382,94108.42955,100,621,277,344,0.00805153,0.030595813,0.003220612,0.359223301,0.466666667,0.4,0.0,0.0,0.0,0.019417476,0.016666667,0.02,0.009708738,0.016666667,0.013333333,0.0,0,0.075803083,5.0,0.717360115,0.473938235
171492,Northwood University,381624684,407200,NU,4000 Whiting Dr,Midland,MI,48640-2398,www.northwood.edu/,800,2360,3,0,25,18,1775041,1261197,71001.64,70066.5,110286.9382,94108.42955,100,224,103,121,0.03125,0.035714286,0.013392857,0.666666667,0.578947368,0.0,0.333333333,0.0,0.0,0.0,0.0,0.0,0.0,0.0,0.0,0.0,0,0.075803083,0.0,0,0.473938235
171571,Oakland University,381714400,230700,Oakland|OU|O.U.,2200 North Squirrel Road,Rochester Hills,MI,48309-4401,www.oakland.edu/,4307,15922,1,1,297,284,28929756,24003303,97406.59,84518.67,110286.9382,94108.42955,100,1127,396,731,0.124223602,0.04880213,0.042590949,0.343949045,0.488,0.447115385,0.025477707,0.012,0.019230769,0.006369427,0.008,0.009615385,0.076433121,0.088,0.081730769,0.666666667,0.041387302,0.075803083,10.33333333,0.641503187,0.473938235
171599,The University of Olivet,381459365,230800,OC Comets,320 South Main Street,Olivet,MI,49076,https://www.uolivet.edu/,177,973,4,0,19,27,1198736,1785592,63091.37,66133.04,110286.9382,94108.42955,100,135,72,63,0.096296296,0.007407407,0.02962963,0.611111111,0.461538462,0.548387097,0.0,0.076923077,0.032258065,0.0,0.0,0.0,0.0,0.0,0.0,0.0,0,0.075803083,1.333333333,1.450852376,0.473938235
172033,Sacred Heart Major Seminary,381358214,231300,"SHMS; Sacred Heart; Sacred Heart Seminary; Sacred Heart Major Seminary, Inc.",2701 Chicago Blvd,Detroit,MI,48206-1799,www.shms.edu/,85,357,4,0,15,4,1038262,299348,69217.47,74837.0,110286.9382,94108.42955,100,32,15,17,0.0625,0.03125,0.0,0.153846154,0.333333333,0.0,0.0,0.0,0.0,0.0,0.0,0.0,0.0,0.0,0.0,0.0,0,0.075803083,0.0,0,0.473938235
172051,Saginaw Valley State University,381798800,231400,,7400 Bay Rd,University Center,MI,48710,www.svsu.edu/,1581,6889,1,0,138,125,11985040,9928494,86848.12,79427.95,110286.9382,94108.42955,100,491,216,275,0.065173116,0.040733198,0.012219959,0.432,0.535211268,0.47029703,0.024,0.014084507,0.024752475,0.0,0.0,0.004950495,0.04,0.042253521,0.03960396,0.0,0,0.075803083,3.333333333,0.466396157,0.473938235
172264,Siena Heights University,381366958,231600,,1247 E. Siena Heights Dr.,Adrian,MI,49221,https://www.sienaheights.edu/,623,1832,4,0,27,39,1738346,2444330,64383.19,62675.13,110286.9382,94108.42955,100,210,110,100,0.047619048,0.047619048,0.0,0.454545455,0.625,0.0,0.0,0.0,0.0,0.0,0.0,0.0,0.0,0.0,0.0,0.666666667,0.359001975,0.075803083,1.333333333,0.718003949,0.473938235
172291,St Clair County Community College,381857017,231000,SC4,323 Erie Street,Port Huron,MI,48061-5015,www.sc4.edu/,579,3105,1,0,32,39,2816100,3436124,88003.12,88105.74,110286.9382,94108.42955,100,120,52,68,0.066666667,0.008333333,0.0,0.547169811,0.0,0.547169811,0.018867925,0.0,0.018867925,0.018867925,0.0,0.018867925,0.0,0.0,0.0,0.666666667,0.208855472,0.075803083,0.333333333,0.104427736,0.473938235
172307,Southwestern Michigan College,381786120,231700,SMC,58900 Cherry Grove Rd,Dowagiac,MI,49047-9793,www.swmich.edu/,275,1953,1,0,24,21,1612718,1455362,67196.58,69302.95,110286.9382,94108.42955,100,143,61,82,0.06993007,0.027972028,0.020979021,0.516129032,0.416666667,0.0,0.0,0.0,0.0,0.0,0.0,0.0,0.0,0.083333333,0.0,0.0,0,0.075803083,2.333333333,1.291274673,0.473938235
172334,Spring Arbor University,381359569,231800,SAU | SAC | Spring Arbor College | Spring Arber Unviversity | Spring Arbor | Spring Arber | Spring Arbor Collage,106 E. Main St,Spring Arbor,MI,49283-9799,https://www.arbor.edu/,892,2390,4,0,39,32,2685906,1944812,68869.38,60775.38,110286.9382,94108.42955,100,165,60,105,0.042424242,0.012121212,0.0,0.217391304,0.368421053,0.136363636,0.0,0.105263158,0.0,0.0,0.0,0.0,0.0,0.0,0.0,0.0,0,0.075803083,0.0,0,0.473938235
172477,Thomas M Cooley Law School,381988915,1262700,Thomas M. Cooley Law School,300 S Capitol Ave,Lansing,MI,48933,cooley.edu/,202,451,3,0,14,11,2042107,1652528,145864.79,150229.82,110286.9382,94108.42955,100,129,44,85,0.108527132,0.062015504,0.007751938,0.454545455,0.5,0.454545455,0.227272727,0.5,0.227272727,0.0,0.0,0.0,0.0,0.0,0.0,0.0,0,0.075803083,0.0,0,0.473938235
172608,Walsh College,381308480,407100,Walsh,3838 Livernois,Troy,MI,48083-5066,https://walshcollege.edu/,405,1134,3,0,9,8,1039036,1003637,115448.44,125454.62,110286.9382,94108.42955,100,99,36,63,0.04040404,0.04040404,0.02020202,0.5,0.333333333,0.0,0.0,0.0,0.0,0.0,0.0,0.0,0.0,0.0,0.0,0.0,0,0.075803083,0.333333333,0.273672687,0.473938235
172644,Wayne State University,386028429,232900,WSU,42 W. Warren Ave.,Detroit,MI,48202,https://wayne.edu/,6150,23553,1,1,498,487,59954810,50793566,120391.18,104298.9,110286.9382,94108.42955,100,3681,1336,2345,0.322466721,0.033686498,0.06601467,0.297741273,0.489495798,0.357348703,0.022587269,0.044117647,0.023054755,0.0,0.025210084,0.0129683,0.069815195,0.073529412,0.074927954,0.0,0,0.075803083,10.0,0.423190859,0.473938235
172671,West Shore Community College,381852447,795000,,3000 N Stiles Rd,Scottville,MI,49454-0277,https://www.westshore.edu/,167,1028,1,0,16,9,1330373,708910,83148.31,78767.78,110286.9382,94108.42955,100,63,24,39,0.0,0.063492063,0.0,0.294117647,0.5,0.294117647,0.0,0.0,0.0,0.0,0.0,0.0,0.0,0.0,0.0,0.0,0,0.075803083,0.0,0,0.473938235
172699,Western Michigan University,386007327,233000,WMU,1903 W Michigan Ave,Kalamazoo,MI,49008-5200,https://wmich.edu/,4471,16693,1,0,397,346,41107876,30605718,103546.29,88455.83,110286.9382,94108.42955,100,1476,597,879,0.107723577,0.043360434,0.027777778,0.344827586,0.493150685,0.418287938,0.010344828,0.03652968,0.021400778,0.024137931,0.02283105,0.023346304,0.024137931,0.054794521,0.035019455,2.0,0.117647059,0.075803083,6.333333333,0.37254902,0.473938235
172705,Western Theological Seminary,382009204,233100,The Western Theological Seminary of the Reformed Church in America,101 E 13th St,Holland,MI,49423-3622,www.westernsem.edu/,67,424,4,0,12,7,1021190,626736,85099.17,89533.71,110286.9382,94108.42955,100,36,11,25,0.027777778,0.055555556,0.027777778,0.363636364,0.5,0.4,0.0,0.0,0.0,0.0,0.166666667,0.0,0.0,0.0,0.0,0.0,0,0.075803083,0.0,0,0.473938235
172918,Alexandria Technical & Community College,411687754,554400,ATCC,1601 Jefferson Streeet,Alexandria,MN,56308,www.alextech.edu/,723,3038,1,0,33,32,2548938,2470868,77240.55,77214.62,110286.9382,94108.42955,100,119,43,76,0.016806723,0.042016807,0.008403361,0.0,0.0,0.519230769,0.0,0.0,0.0,0.0,0.0,0.0,0.0,0.0,0.0,0.0,0,0.075803083,0.0,0,0.473938235
172954,Anoka Technical College,411687554,735000,,1355 Highway 10 West,Anoka,MN,55303,www.anokatech.edu/,724,1822,1,0,26,28,1996580,2176191,76791.54,77721.11,110286.9382,94108.42955,100,48,15,33,0.0625,0.041666667,0.0,0.0,0.0,0.553191489,0.0,0.0,0.063829787,0.0,0.0,0.0,0.0,0.0,0.0,0.0,0,0.075803083,0.0,0,0.473938235
172963,Anoka-Ramsey Community College,411687554,233200,Anoka-Ramsey Community College-Coon Rapids Campus|Anoka-Ramsey Community College-Cambridge Campus|ARCC|AR|Anoka Ramsey|Anoka-Ramsey|Anoka Ramsey Community College,11200 Mississippi Blvd NW,Coon Rapids,MN,55433-3470,www.anokaramsey.edu/,957,7843,1,0,45,78,3589435,6003442,79765.22,76967.21,110286.9382,94108.42955,100,241,88,153,0.049792531,0.041493776,0.058091286,0.0,0.0,0.6,0.0,0.0,0.0,0.0,0.0,0.019047619,0.0,0.0,0.00952381,0.0,0,0.075803083,0.0,0,0.473938235
173045,Augsburg University,410694721,233400,,2211 Riverside Ave,Minneapolis,MN,55454,www.augsburg.edu/,764,3161,4,0,71,95,5583426,7587803,78639.8,79871.61,110286.9382,94108.42955,100,324,138,186,0.160493827,0.037037037,0.067901235,0.567567568,0.482142857,0.511363636,0.0,0.0,0.0,0.0,0.017857143,0.011363636,0.027027027,0.053571429,0.045454545,0.0,0,0.075803083,3.333333333,1.079447323,0.473938235
173063,Riverland Community College,411687554,233500,,1900 8th Ave NW,Austin,MN,55912-1473,https://www.riverland.edu/,669,3591,1,0,29,35,2170169,2650327,74833.41,75723.63,110286.9382,94108.42955,100,123,45,78,0.008130081,0.06504065,0.0,0.0,0.0,0.541666667,0.0,0.0,0.0,0.0,0.0,0.0,0.0,0.0,0.0,0.666666667,0.209973753,0.075803083,0.0,0,0.473938235
173115,Northwest Technical College,411687554,575900,"NTC, Bemidji Technical College/Bemidji Tech/NTC/NTC-Bemidji/NWTC",905 Grant Avenue SE,Bemidji,MN,56601-4907,https://www.ntcmn.edu/,217,901,1,0,8,12,567850,891868,70981.25,74322.33,110286.9382,94108.42955,100,15,5,10,0.0,0.0,0.066666667,0.0,0.0,0.615384615,0.0,0.0,0.0,0.0,0.0,0.0,0.0,0.0,0.0,0.0,0,0.075803083,0.0,0,0.473938235
173124,Bemidji State University,411687554,233600,,1500 Birchmont Dr NE,Bemidji,MN,56601,https://www.bemidjistate.edu/,970,3926,1,0,80,73,7221540,6182589,90269.25,84693.0,110286.9382,94108.42955,100,263,119,144,0.007604563,0.034220532,0.015209125,0.395833333,0.553571429,0.462365591,0.0,0.0,0.0,0.0,0.053571429,0.021505376,0.0,0.0,0.0,0.0,0,0.075803083,1.333333333,0.331427624,0.473938235
173142,Bethany Lutheran College,410747165,233700,blc|bethany|bethnay|bethany lutheran|bethnay lutheran|bethany luthern|bethnay luthern|bethany college|bethnay college|bethany collage|bethnay collage|bethany lutheran college|bethnay lutheran college|bethany luthern college|bethnay luthern college|bethel lutheran college|bethany lutheran collage|bethnay lutheran collage|bethany luthern collage|bethnay luthern collage,700 Luther Dr,Mankato,MN,56001,https://www.blc.edu/,122,902,4,0,25,15,1593875,963600,63755.0,64240.0,110286.9382,94108.42955,100,122,71,51,0.0,0.024590164,0.016393443,0.25,0.411764706,0.0,0.0,0.0,0.0,0.0,0.0,0.0,0.0,0.0,0.0,0.0,0,0.075803083,0.0,0,0.473938235
173203,Central Lakes College-Brainerd,416007162,233900,,501 West College Drive,Brainerd,MN,56401-3900,www.clcmn.edu/,768,4532,1,1,42,37,3302416,2910113,78628.95,78651.7,110286.9382,94108.42955,100,154,66,88,0.012987013,0.019480519,0.006493506,0.0,0.0,0.434782609,0.0,0.0,0.0,0.0,0.0,0.028985507,0.0,0.0,0.014492754,0.666666667,0.143895244,0.075803083,0.333333333,0.071947622,0.473938235
173258,Carleton College,410694747,234000,,One North College Street,Northfield,MN,55057,https://www.carleton.edu/,481,2069,3,0,130,131,16193910,15578471,124568.54,118919.63,110286.9382,94108.42955,100,564,221,343,0.039007092,0.069148936,0.04964539,0.460869565,0.479166667,0.47972973,0.008695652,0.041666667,0.02027027,0.043478261,0.020833333,0.040540541,0.060869565,0.125,0.081081081,0.0,0,0.075803083,3.666666667,1.780799741,0.473938235
173300,Concordia College at Moorhead,410693977,234600,,901 S 8th St,Moorhead,MN,56562,https://www.concordiacollege.edu/,414,1868,4,1,65,67,4749249,4591759,73065.37,68533.72,110286.9382,94108.42955,100,451,198,253,0.037694013,0.022172949,0.019955654,0.41025641,0.510204082,0.447058824,0.0,0.0,0.0,0.0,0.020408163,0.011764706,0.0,0.020408163,0.011764706,0.0,0,0.075803083,3.666666667,1.926782274,0.473938235
173328,Concordia University-Saint Paul,410696906,234700,Concordia-St. Paul,1282 Concordia Ave,Saint Paul,MN,55104-5494,https://www.csp.edu/,1949,5854,4,1,33,55,2743485,4791335,83135.91,87115.18,110286.9382,94108.42955,100,235,97,138,0.029787234,0.034042553,0.055319149,0.458333333,0.647058824,0.5,0.0,0.058823529,0.0,0.0,0.0,0.0,0.0,0.0,0.0,0.0,0,0.075803083,0.0,0,0.473938235
173416,Dakota County Technical College,411687554,1040200,DCTC,1300  145th Street East,Rosemount,MN,55068-2999,www.dctc.edu/,694,2662,1,0,37,24,2800592,1861953,75691.68,77581.38,110286.9382,94108.42955,100,127,53,74,0.05511811,0.039370079,0.047244094,0.0,0.0,0.441860465,0.0,0.0,0.0,0.0,0.0,0.0,0.0,0.0,0.0,0.0,0,0.075803083,0.0,0,0.473938235
173452,Martin Luther College,410695520,236100,MLC,1995 Luther Ct,New Ulm,MN,56073-3965,www.mlc-wels.edu/,231,860,4,0,58,25,3497280,1402571,60297.93,56102.84,110286.9382,94108.42955,100,99,32,67,0.0,0.0,0.0,0.301204819,0.0,0.0,0.0,0.0,0.0,0.0,0.0,0.0,0.0,0.0,0.0,0.0,0,0.075803083,0.666666667,0.757575758,0.473938235
173461,Lake Superior College,411687554,575700,LSC,2101 Trinity Rd,Duluth,MN,55811-3399,www.lsc.edu/,828,4001,1,0,37,38,2706731,2843473,73154.89,74828.24,110286.9382,94108.42955,100,136,58,78,0.014705882,0.014705882,0.022058824,0.0,0.0,0.516666667,0.0,0.0,0.0,0.0,0.0,0.0,0.0,0.0,0.016666667,0.0,0,0.075803083,0.333333333,0.086602581,0.473938235
173559,Minnesota State Community and Technical College,416007162,554100,M State,1414 College Way,Fergus Falls,MN,56537-1000,www.minnesota.edu/,943,5414,1,1,57,65,4414806,4865331,77452.74,74851.25,110286.9382,94108.42955,100,199,73,126,0.025125628,0.010050251,0.0,0.0,0.0,0.5,0.0,0.0,0.0,0.0,0.0,0.010416667,0.0,0.0,0.010416667,0.0,0,0.075803083,0.666666667,0.126214818,0.473938235
173638,Minnesota West Community and Technical College,411687554,526300,,1593 11th Ave,Granite Falls,MN,56241,www.mnwest.edu/,745,3438,1,1,45,32,3450588,2306600,76679.73,72081.25,110286.9382,94108.42955,100,105,38,67,0.00952381,0.047619048,0.0,0.0,0.0,0.322033898,0.0,0.0,0.0,0.0,0.0,0.0,0.0,0.0,0.0,0.0,0,0.075803083,0.0,0,0.473938235
173647,Gustavus Adolphus College,410695524,235300,,800 West College Avenue,Saint Peter,MN,56082-1498,gustavus.edu/,536,1952,4,0,76,98,5666352,7015796,74557.26,71589.76,110286.9382,94108.42955,100,472,208,264,0.014830508,0.006355932,0.006355932,0.529411765,0.542372881,0.546296296,0.0,0.0,0.0,0.0,0.016949153,0.009259259,0.058823529,0.084745763,0.074074074,0.666666667,0.321750322,0.075803083,5.666666667,2.734877735,0.473938235
173665,Hamline University,410693960,235400,,1536 Hewitt Avenue,Saint Paul,MN,55104-1284,https://www.hamline.edu/,856,2432,4,0,49,59,3579743,4384924,73055.98,74320.75,110286.9382,94108.42955,100,239,108,131,0.108786611,0.029288703,0.037656904,0.609756098,0.541666667,0.584615385,0.024390244,0.0,0.015384615,0.048780488,0.0,0.030769231,0.073170732,0.0,0.046153846,0.0,0,0.075803083,1.666666667,0.631791761,0.473938235
173708,Hennepin Technical College,411687554,1049100,,9000 Brooklyn Blvd,Brooklyn Park,MN,55445,www.hennepintech.edu/,998,3891,1,0,56,32,4207662,2404383,75136.82,75136.97,110286.9382,94108.42955,100,188,69,119,0.074468085,0.058510638,0.127659574,0.0,0.0,0.349206349,0.0,0.0,0.015873016,0.0,0.0,0.0,0.0,0.0,0.0,0.0,0,0.075803083,0.0,0,0.473938235
173735,Minnesota North College,411687554,235500,,1515 East 25th Street,Hibbing,MN,55746,https://minnesotanorth.edu/,897,3020,1,0,57,50,4324842,3694281,75874.42,73885.62,110286.9382,94108.42955,100,225,79,146,0.04,0.013333333,0.0,0.0,0.0,0.430232558,0.0,0.0,0.0,0.0,0.0,0.0,0.0,0.0,0.0,0.0,0,0.075803083,0.666666667,0.219010074,0.473938235
173799,Inver Hills Community College,411687554,974000,IHCC,2500 80th St E,Inver Grove Heights,MN,55076-3224,https://www.inverhills.edu/,618,3689,1,0,33,38,2564588,2939296,77714.79,77349.89,110286.9382,94108.42955,100,119,48,71,0.067226891,0.050420168,0.050420168,0.0,0.0,0.517857143,0.0,0.0,0.017857143,0.0,0.0,0.0,0.0,0.0,0.035714286,0.0,0,0.075803083,0.0,0,0.473938235
173896,Luther Seminary,411425961,235700,,2481 Como Ave,Saint Paul,MN,55108-1496,https://www.luthersem.edu/,139,348,4,0,12,9,1039520,736640,86626.67,81848.89,110286.9382,94108.42955,100,80,31,49,0.05,0.025,0.0,0.416666667,0.333333333,0.454545455,0.0,0.0,0.0,0.0,0.0,0.0,0.0,0.0,0.0,2.0,4.87804878,0.075803083,0.0,0,0.473938235
173902,Macalester College,410693962,235800,,1600 Grand Ave,Saint Paul,MN,55105-1899,www.macalester.edu/,511,2142,4,0,87,113,9817549,11171401,112845.39,98861.96,110286.9382,94108.42955,100,446,180,266,0.069506726,0.062780269,0.076233184,0.454545455,0.52173913,0.479674797,0.012987013,0.0,0.008130081,0.012987013,0.086956522,0.040650407,0.051948052,0.065217391,0.056910569,0.0,0,0.075803083,3.0,1.379310345,0.473938235
173911,South Central College,411687554,553700,,1920 Lee Blvd,North Mankato,MN,56003-1920,southcentral.edu/,559,2652,1,0,38,35,2839549,2634682,74724.97,75276.63,110286.9382,94108.42955,100,136,46,90,0.066176471,0.022058824,0.0,0.0,0.0,0.482758621,0.0,0.0,0.0,0.0,0.0,0.0,0.0,0.0,0.034482759,0.666666667,0.256213169,0.075803083,0.0,0,0.473938235
173920,Minnesota State University-Mankato,411687554,236000,,South Rd and Ellis Ave,Mankato,MN,56001,https://mnsu.edu/,3448,14709,1,0,246,244,25042748,22379064,101799.79,91717.48,110286.9382,94108.42955,100,883,341,542,0.022650057,0.033975085,0.027180068,0.445544554,0.493055556,0.451895044,0.004950495,0.027777778,0.014577259,0.004950495,0.006944444,0.005830904,0.054455446,0.041666667,0.049562682,0.0,0,0.075803083,7.333333333,0.50262737,0.473938235
174020,Metropolitan State University,411687554,1037400,,700 East Seventh Street,Saint Paul,MN,55106-5000,www.metrostate.edu/,1779,6005,1,0,67,97,6684189,9241886,99764.01,95277.18,110286.9382,94108.42955,100,350,122,228,0.102857143,0.068571429,0.168571429,0.56,0.569230769,0.554545455,0.04,0.015384615,0.018181818,0.02,0.046153846,0.036363636,0.04,0.061538462,0.045454545,2.0,0.317762949,0.075803083,2.0,0.317762949,0.473938235
174066,University of Minnesota-Twin Cities,416007513,396900,,100 Church Street SE,Minneapolis,MN,55455-0213,https://twin-cities.umn.edu/,12504,54890,1,1,1310,1128,184100769,129556039,140534.94,114854.64,110286.9382,94108.42955,100,14007,5174,8833,0.071035911,0.038337974,0.075819233,0.320266889,0.475789474,0.358348968,0.008340284,0.017894737,0.012507817,0.009174312,0.011578947,0.011257036,0.041701418,0.068421053,0.05003127,4.0,0.072786826,0.075803083,45.0,0.818851788,0.473938235
174075,University of Minnesota-Crookston,416007513,406900,,2900 University Ave,Crookston,MN,56716-5001,https://crk.umn.edu/,365,2518,1,1,32,32,2545096,2314774,79534.25,72336.69,110286.9382,94108.42955,100,166,66,100,0.006024096,0.018072289,0.024096386,0.4,0.411764706,0.36,0.0,0.0,0.0,0.0,0.0,0.0,0.1,0.0,0.04,0.666666667,0.289477493,0.075803083,1.666666667,0.723693733,0.473938235
174127,Minneapolis College of Art and Design,411607453,236500,MCAD,2501 Stevens Ave,Minneapolis,MN,55404,https://mcad.edu/,165,824,3,0,17,21,1312694,1481726,77217.29,70558.38,110286.9382,94108.42955,100,131,50,81,0.061068702,0.045801527,0.038167939,0.5,0.444444444,0.0,0.05,0.0,0.0,0.0,0.0,0.0,0.0,0.0,0.0,0.0,0,0.075803083,0.0,0,0.473938235
174136,Minneapolis Community and Technical College,411687554,236200,,1501 Hennepin Ave,Minneapolis,MN,55403-1779,www.minneapolis.edu/,1002,6269,1,0,39,59,3089714,4698058,79223.44,79628.1,110286.9382,94108.42955,100,234,98,136,0.136752137,0.064102564,0.08974359,0.0,0.0,0.595238095,0.0,0.0,0.05952381,0.0,0.0,0.047619048,0.0,0.0,0.083333333,2.0,0.331674959,0.075803083,2.0,0.331674959,0.473938235
174154,Herzing University-Minneapolis,271503981,962108,,435 Ford Road,St. Louis Park,MN,55426,https://www.herzing.edu/,290,752,3,0,1,15,87500,1322546,87500.0,88169.73,110286.9382,94108.42955,100,14,6,8,0.071428571,0.0,0.142857143,1.0,1.0,0.0,0.0,0.0,0.0,0.0,0.0,0.0,0.0,0.0,0.0,0.0,0,0.075803083,0.0,0,0.473938235
174233,University of Minnesota-Duluth,416007513,238800,,515 Darland Administration Bldg,Duluth,MN,55812,https://www.d.umn.edu/,1996,9350,1,1,254,211,21364796,15116113,84113.37,71640.35,110286.9382,94108.42955,100,921,390,531,0.007600434,0.017372421,0.024972856,0.285714286,0.44,0.375527426,0.0,0.02,0.012658228,0.010989011,0.006666667,0.008438819,0.065934066,0.073333333,0.071729958,1.333333333,0.137812231,0.075803083,6.333333333,0.654608096,0.473938235
174251,University of Minnesota-Morris,416007513,238900,,309 Behmler Hall,Morris,MN,56267,https://morris.umn.edu/,226,1020,1,0,53,49,3924882,3247744,74054.38,66280.49,110286.9382,94108.42955,100,206,71,135,0.019417476,0.053398058,0.029126214,0.304347826,0.5,0.435483871,0.0,0.0,0.0,0.0,0.023809524,0.016129032,0.0,0.023809524,0.016129032,0.666666667,0.624219725,0.075803083,1.666666667,1.560549313,0.473938235
174358,Minnesota State University Moorhead,411687554,236700,MSU Moorhead or MSUM,1104 Seventh Avenue South,Moorhead,MN,56563,https://www.mnstate.edu/,1337,4410,1,1,81,87,7748630,7541970,95662.1,86689.31,110286.9382,94108.42955,100,336,140,196,0.023809524,0.035714286,0.014880952,0.457831325,0.512195122,0.475409836,0.0,0.024390244,0.008196721,0.024096386,0.0,0.016393443,0.012048193,0.024390244,0.016393443,0.0,0,0.075803083,0.666666667,0.142389292,0.473938235
174376,North Hennepin Community College,411687554,237000,,7411 85th Ave N,Brooklyn Park,MN,55445,https://www.nhcc.edu/,774,5195,1,0,31,50,2426042,3911347,78259.42,78226.94,110286.9382,94108.42955,100,153,52,101,0.111111111,0.091503268,0.124183007,0.0,0.0,0.621621622,0.0,0.0,0.013513514,0.0,0.0,0.0,0.0,0.0,0.013513514,0.0,0,0.075803083,2.333333333,0.476579521,0.473938235
174428,Normandale Community College,411687554,795400,,9700 France Ave S,Bloomington,MN,55431-4399,www.normandale.edu/,1205,9620,1,0,64,81,5197919,6274813,81217.48,77466.83,110286.9382,94108.42955,100,295,120,175,0.101694915,0.057627119,0.115254237,0.0,0.0,0.532846715,0.0,0.0,0.0,0.0,0.0,0.02189781,0.0,0.0,0.01459854,0.0,0,0.075803083,1.0,0.106997646,0.473938235
174437,North Central University,410706151,236900,,910 Elliot Ave,Minneapolis,MN,55404-1391,www.northcentral.edu/,221,984,4,0,22,12,1541527,692196,70069.41,57683.0,110286.9382,94108.42955,100,134,58,76,0.059701493,0.059701493,0.029850746,0.6,0.235294118,0.0,0.0,0.058823529,0.0,0.0,0.0,0.0,0.0,0.0,0.0,0.0,0,0.075803083,0.333333333,0.336021505,0.473938235
174473,Northland Community and Technical College,411687554,238500,Northland,1101 Hwy One East,Thief River Falls,MN,56701,www.northlandcollege.edu/,586,2477,1,0,34,34,2570296,2533141,75596.94,74504.15,110286.9382,94108.42955,100,101,40,61,0.0,0.0,0.0,0.0,0.0,0.490909091,0.0,0.0,0.0,0.0,0.0,0.0,0.0,0.0,0.018181818,0.0,0,0.075803083,0.0,0,0.473938235
174491,University of Northwestern-St Paul,410711610,237100,University of Northwestern (MN) | Northwestern,3003 Snelling Ave N,Saint Paul,MN,55113-1598,https://www.unwsp.edu/,473,3262,4,0,39,33,2580449,1995194,66165.36,60460.42,110286.9382,94108.42955,100,354,166,188,0.014124294,0.028248588,0.031073446,0.37037037,0.153846154,0.0,0.0,0.0,0.0,0.0,0.0,0.0,0.037037037,0.0,0.0,0.0,0,0.075803083,0.333333333,0.102469515,0.473938235
174507,Northwestern Health Sciences University,410684657,1232800,,2501 W 84th St,Bloomington,MN,55431,www.nwhealth.edu/,262,1032,3,0,23,30,1832416,2177764,79670.26,72592.13,110286.9382,94108.42955,100,133,31,102,0.015037594,0.022556391,0.045112782,0.4,0.388888889,0.0,0.1,0.0,0.0,0.0,0.0,0.0,0.1,0.111111111,0.0,0.0,0,0.075803083,0.0,0,0.473938235
174570,Pine Technical & Community College,411687554,553500,,900 4th St SE,Pine City,MN,55063,www.pine.edu/,349,1913,1,1,10,12,690748,946620,69074.8,78885.0,110286.9382,94108.42955,100,54,10,44,0.0,0.018518519,0.037037037,0.0,0.0,0.5,0.0,0.0,0.0,0.0,0.0,0.0,0.0,0.0,0.0,0.0,0,0.075803083,0.0,0,0.473938235
174738,Rochester Community and Technical College,411687554,237300,RCTC,851 30th Ave SE,Rochester,MN,55904-4999,www.rctc.edu/,857,4714,1,0,48,45,3827546,3622666,79740.54,80503.69,110286.9382,94108.42955,100,167,78,89,0.071856287,0.02994012,0.035928144,0.0,0.0,0.469135802,0.0,0.0,0.0,0.0,0.0,0.0,0.0,0.0,0.012345679,0.0,0,0.075803083,0.0,0,0.473938235
174747,College of Saint Benedict,410969244,234100,Saint Benedict,37 S. College Ave.,Saint Joseph,MN,56374,https://csbsju.edu/,398,1451,4,0,56,62,4682273,4934863,83612.02,79594.56,110286.9382,94108.42955,100,248,81,167,0.024193548,0.028225806,0.008064516,0.447368421,0.567567568,0.513513514,0.0,0.0,0.0,0.0,0.081081081,0.040540541,0.052631579,0.0,0.027027027,0.0,0,0.075803083,1.666666667,1.133786848,0.473938235
174756,St Cloud Technical and Community College,411687554,553400,SCTCC,1540 Northway Drive,Saint Cloud,MN,56303-1240,www.sctcc.edu/,819,3565,1,1,40,37,3161922,2784960,79048.05,75269.19,110286.9382,94108.42955,100,132,49,83,0.075757576,0.03030303,0.015151515,0.0,0.0,0.441176471,0.0,0.0,0.0,0.0,0.0,0.014705882,0.0,0.0,0.014705882,0.0,0,0.075803083,0.0,0,0.473938235
174783,Saint Cloud State University,411687554,237700,St. Cloud State University; St. Cloud State; SCSU,720 Fourth Ave. South,Saint Cloud,MN,56301-4498,https://www.stcloudstate.edu/,2054,10514,1,1,185,146,19195329,14026470,103758.54,96071.71,110286.9382,94108.42955,100,579,238,341,0.031088083,0.015544041,0.02417962,0.397660819,0.4,0.403292181,0.023391813,0.011764706,0.020576132,0.01754386,0.011764706,0.016460905,0.076023392,0.047058824,0.065843621,0.0,0,0.075803083,1.333333333,0.127959053,0.473938235
174792,Saint Johns University,453656132,237900,Saint John's,2850 Abbey Plaza,Collegeville,MN,56321,https://csbsju.edu/,354,1624,4,0,56,62,4832411,4878548,86293.05,78686.26,110286.9382,94108.42955,100,330,163,167,0.006060606,0.012121212,0.006060606,0.447368421,0.55,0.520547945,0.0,0.025,0.01369863,0.078947368,0.025,0.054794521,0.0,0.0,0.0,0.0,0,0.075803083,0.666666667,0.40526849,0.473938235
174817,Saint Mary's University of Minnesota,410695527,238000,,700 Terrace Heights,Winona,MN,55987-1399,www.smumn.edu/,1496,3831,4,0,32,32,2228659,2204452,69645.59,68889.12,110286.9382,94108.42955,100,363,168,195,0.019283747,0.013774105,0.019283747,0.545454545,0.433333333,0.40625,0.090909091,0.0,0.0,0.0,0.0,0.0,0.0,0.0,0.0,0.0,0,0.075803083,0.333333333,0.080651665,0.473938235
174844,St Olaf College,410693979,238200,,1520 St Olaf Ave,Northfield,MN,55057-1098,wp.stolaf.edu/,687,3074,4,0,112,120,9377270,9634110,83725.62,80284.25,110286.9382,94108.42955,100,504,198,306,0.01984127,0.063492063,0.043650794,0.421052632,0.506849315,0.433962264,0.0,0.01369863,0.0,0.01754386,0.01369863,0.018867925,0.052631579,0.04109589,0.056603774,0.0,0,0.075803083,9.0,2.954694682,0.473938235
174862,Crown College,410693968,238300,,8700 College View Drive,Saint Bonifacius,MN,55375-9001,www.crown.edu/,315,1727,4,0,17,12,1062061,669621,62474.18,55801.75,110286.9382,94108.42955,100,82,39,43,0.012195122,0.012195122,0.024390244,0.4,0.333333333,0.666666667,0.2,0.0,0.0,0.0,0.0,0.0,0.0,0.0,0.0,0.0,0,0.075803083,0.0,0,0.473938235
174899,The College of Saint Scholastica,410698301,234300,,1200 Kenwood Ave,Duluth,MN,55811-4199,www.css.edu/,1210,2979,4,0,47,111,3516375,8588598,74816.49,77374.76,110286.9382,94108.42955,100,273,113,160,0.014652015,0.018315018,0.018315018,0.571428571,0.6875,0.661290323,0.0,0.020833333,0.016129032,0.0,0.020833333,0.016129032,0.0,0.0,0.0,0.0,0,0.075803083,1.0,0.311817898,0.473938235
174914,University of St Thomas,410693970,234500,University of Saint Thomas,2115 Summit Ave,Saint Paul,MN,55105-1078,www.stthomas.edu/,2545,9121,4,0,229,182,25599881,17006521,111789.87,93442.42,110286.9382,94108.42955,100,1079,458,621,0.067655236,0.05931418,0.044485635,0.319727891,0.475177305,0.395759717,0.0,0.014184397,0.007067138,0.027210884,0.056737589,0.042402827,0.013605442,0.056737589,0.035335689,0.0,0,0.075803083,5.333333333,0.590951062,0.473938235
175005,St Catherine University,410695509,234200,St. Kate's,2004 Randolph Ave,Saint Paul,MN,55105,https://www.stkate.edu/,1266,3533,4,1,36,171,2740238,13193881,76117.72,77157.2,110286.9382,94108.42955,100,381,103,278,0.052493438,0.047244094,0.049868766,0.703703704,0.850746269,0.787878788,0.0,0.059701493,0.060606061,0.0,0.014925373,0.0,0.074074074,0.104477612,0.121212121,2.0,0.559127761,0.075803083,1.0,0.27956388,0.473938235
175041,Saint Paul College,411687554,553300,Saint Paul College-A Community and Technical College,235 Marshall Ave,Saint Paul,MN,55102-9808,https://www.saintpaul.edu/,1163,5155,1,0,45,66,3442762,5064644,76505.82,76737.03,110286.9382,94108.42955,100,205,84,121,0.12195122,0.063414634,0.195121951,0.0,0.0,0.6,0.0,0.0,0.03,0.0,0.0,0.01,0.0,0.0,0.05,0.0,0,0.075803083,1.333333333,0.248524386,0.473938235
175078,Southwest Minnesota State University,416007162,237500,,1501 State St,Marshall,MN,56258-5468,www.smsu.edu/,627,7324,1,1,51,53,4927542,4863453,96618.47,91763.26,110286.9382,94108.42955,100,193,81,112,0.046632124,0.010362694,0.015544041,0.4375,0.535714286,0.452054795,0.0,0.0,0.0,0.020833333,0.0,0.01369863,0.020833333,0.071428571,0.04109589,1.333333333,0.192400192,0.075803083,2.666666667,0.384800385,0.473938235
175227,Dunwoody College of Technology,410693856,464100,,818 Dunwoody Blvd,Minneapolis,MN,55403-1192,www.dunwoody.edu/,489,1424,3,0,64,21,5582589,1854205,87227.95,88295.48,110286.9382,94108.42955,100,87,33,54,0.045977011,0.0,0.08045977,0.4,0.375,0.0,0.0,0.0,0.0,0.0,0.0,0.0,0.1,0.125,0.0,0.0,0,0.075803083,0.333333333,0.245278391,0.473938235
175236,Ridgewater College,411687554,525200,,2101 15th Ave NW,Willmar,MN,56201,www.ridgewater.edu/,820,2855,1,0,45,42,3364541,3167487,74767.58,75416.36,110286.9382,94108.42955,100,155,50,105,0.012903226,0.032258065,0.006451613,0.0,0.0,0.5,0.0,0.0,0.0,0.0,0.0,0.0,0.0,0.0,0.0,0.0,0,0.075803083,0.0,0,0.473938235
175263,Minnesota State College Southeast,411687554,239300,Minnesota State College Southeast,1250 Homer Rd,Winona,MN,55987,www.southeastmn.edu/,365,2020,1,0,24,21,1795462,1594495,74810.92,75928.33,110286.9382,94108.42955,100,61,19,42,0.0,0.016393443,0.016393443,0.0,0.0,0.555555556,0.0,0.0,0.0,0.0,0.0,0.0,0.0,0.0,0.0,0.0,0,0.075803083,0.0,0,0.473938235
175272,Winona State University,411687554,239400,,175 West Mark Street,Winona,MN,55987-5838,www.winona.edu/,1666,6058,1,1,136,159,13301808,14127087,97807.41,88849.6,110286.9382,94108.42955,100,457,169,288,0.021881838,0.013129103,0.015317287,0.416,0.535714286,0.450980392,0.0,0.0,0.0,0.008,0.0,0.004901961,0.032,0.047619048,0.039215686,0.666666667,0.108330625,0.075803083,3.0,0.487487813,0.473938235
175281,Mitchell Hamline School of Law,410518750,239100,,875 Summit Ave,Saint Paul,MN,55105-3076,www.mitchellhamline.edu/,308,1217,3,0,21,30,2946115,3142495,140291.19,104749.83,110286.9382,94108.42955,100,145,49,96,0.068965517,0.082758621,0.075862069,0.551724138,0.6,0.5,0.0,0.1,0.0,0.0,0.0,0.0,0.0,0.1,0.0,0.0,0,0.075803083,0.0,0,0.473938235
175315,Century College,411687554,1054600,,3300 Century Ave N,White Bear Lake,MN,55110,https://www.century.edu/,1555,8248,1,0,60,65,4789812,5160609,79830.2,79393.98,110286.9382,94108.42955,100,286,107,179,0.048951049,0.059440559,0.195804196,0.0,0.0,0.527272727,0.0,0.0,0.027272727,0.0,0.0,0.0,0.0,0.0,0.009090909,0.0,0,0.075803083,6.333333333,0.828319819,0.473938235
175342,Alcorn State University,646000013,239600,,1000 ASU Dr Ste 359,Alcorn State,MS,39096-7500,www.alcorn.edu/,648,2894,1,0,63,51,4482451,3281346,71150.02,64340.12,110286.9382,94108.42955,100,376,138,238,0.938829787,0.005319149,0.007978723,0.260869565,0.35,0.292682927,0.217391304,0.25,0.195121951,0.043478261,0.0,0.024390244,0.0,0.0,0.024390244,0.0,0,0.075803083,0.0,0,0.473938235
175421,Belhaven University,640303069,239700,,1500 Peachtree St,Jackson,MS,39202,https://www.belhaven.edu/,1259,3616,4,0,35,42,2499325,2673546,71409.29,63655.86,110286.9382,94108.42955,100,269,118,151,0.278810409,0.007434944,0.014869888,0.413793103,0.75,0.513513514,0.0,0.1,0.0,0.0,0.0,0.0,0.034482759,0.0,0.027027027,0.0,0,0.075803083,0.0,0,0.473938235
175430,Blue Mountain Christian University,640325640,239800,,201 W Main St,Blue Mountain,MS,38610,www.bmc.edu/,172,971,4,0,18,26,1042352,1609431,57908.44,61901.19,110286.9382,94108.42955,100,80,38,42,0.075,0.0,0.0,0.5,0.571428571,0.0,0.0,0.0,0.0,0.0,0.0,0.0,0.0,0.0,0.0,0.0,0,0.075803083,0.0,0,0.473938235
175616,Delta State University,646026565,240300,,1003 W Sunflower Road,Cleveland,MS,38733,https://www.deltastate.edu/,712,2716,1,0,55,68,3788620,4506396,68884.0,66270.53,110286.9382,94108.42955,100,365,126,239,0.383561644,0.005479452,0.002739726,0.388888889,0.463414634,0.481481481,0.055555556,0.073170732,0.074074074,0.0,0.024390244,0.018518519,0.111111111,0.0,0.037037037,0.0,0,0.075803083,0.333333333,0.130412102,0.473938235
175856,Jackson State University,646000507,241000,,1400 John R. Lynch Street,Jackson,MS,39217,https://www.jsums.edu/,1411,6564,1,1,153,154,11916228,10583828,77883.84,68726.16,110286.9382,94108.42955,100,661,225,436,0.909228442,0.004538578,0.007564297,0.315789474,0.494623656,0.398550725,0.25,0.376344086,0.311594203,0.0,0.010752688,0.007246377,0.026315789,0.021505376,0.014492754,0.0,0,0.075803083,4.666666667,0.675740902,0.473938235
175980,Millsaps College,640303084,241400,Millsaps,1701 N State St,Jackson,MS,39210-0001,www.millsaps.edu/,159,626,4,0,39,31,3136045,2222498,80411.41,71693.48,110286.9382,94108.42955,100,144,65,79,0.256944444,0.0,0.006944444,0.3,0.555555556,0.43902439,0.0,0.074074074,0.024390244,0.0,0.037037037,0.024390244,0.0,0.0,0.0,0.0,0,0.075803083,0.0,0,0.473938235
176017,University of Mississippi,646001159,244000,Ole Miss,"Oxford, Mississippi",University,MS,38677-1848,www.olemiss.edu/,5756,24043,1,0,581,584,62415969,54609495,107428.52,93509.41,110286.9382,94108.42955,100,10345,2612,7733,0.326631223,0.0179797,0.026872885,0.358078603,0.436,0.343154246,0.03930131,0.034,0.031195841,0.006550218,0.016,0.003466205,0.028384279,0.038,0.024263432,0.0,0,0.075803083,21.0,0.941704036,0.473938235
176035,Mississippi University for Women,646000826,242200,MUW,1100 College Street,Columbus,MS,39701,https://www.muw.edu/,869,2227,1,1,43,94,2648823,6196013,61600.53,65915.03,110286.9382,94108.42955,100,222,69,153,0.288288288,0.004504505,0.004504505,0.604651163,0.772727273,0.625,0.046511628,0.090909091,0.071428571,0.023255814,0.0,0.017857143,0.023255814,0.045454545,0.035714286,0.0,0,0.075803083,0.666666667,0.285022089,0.473938235
176044,Mississippi Valley State University,646001395,242400,,14000 Highway 82 West,Itta Bena,MS,38941-1400,www.mvsu.edu/,328,2196,1,1,44,47,2820010,2787045,64091.14,59298.83,110286.9382,94108.42955,100,328,126,202,0.875,0.00304878,0.027439024,0.333333333,0.4375,0.485714286,0.111111111,0.375,0.342857143,0.0,0.0,0.0,0.111111111,0.0,0.057142857,0.0,0,0.075803083,3.666666667,1.951392585,0.473938235
176053,Mississippi College,640303086,241500,MC,200 South Capitol Street,Clinton,MS,39058,www.mc.edu/,1262,4087,4,0,94,95,7633594,6507148,81208.45,68496.29,110286.9382,94108.42955,100,377,158,219,0.116710875,0.00265252,0.01061008,0.327272727,0.35,0.333333333,0.018181818,0.075,0.049382716,0.0,0.0,0.0,0.018181818,0.0,0.012345679,0.0,0,0.075803083,3.666666667,0.929211015,0.473938235
176080,Mississippi State University,646000819,242300,,Lee Boulevard,Mississippi State,MS,39762,https://www.msstate.edu/,5813,22657,1,1,580,455,60426862,35463222,104184.24,77941.15,110286.9382,94108.42955,100,3912,1478,2434,0.199130879,0.014059305,0.020961145,0.239669421,0.404494382,0.32183908,0.020661157,0.037453184,0.034482759,0.0,0.02247191,0.011494253,0.024793388,0.048689139,0.029885057,0.0,0,0.075803083,12.0,0.529824716,0.473938235
176318,Rust College,604303805,243300,,150 Rust Avenue,Holly Springs,MS,38635,www.rustcollege.edu/,79,429,4,0,15,20,795218,1044483,53014.53,52224.15,110286.9382,94108.42955,100,102,44,58,0.950980392,0.0,0.0,0.0,0.571428571,0.0,0.0,0.285714286,0.0,0.0,0.0,0.0,0.0,0.142857143,0.0,0.0,0,0.075803083,7.333333333,9.713024283,0.473938235
176372,University of Southern Mississippi,646000818,244100,,118 College Drive # 0001,Hattiesburg,MS,39406-0001,https://www.usm.edu/,3729,13110,1,0,338,330,28086038,24589654,83094.79,74514.1,110286.9382,94108.42955,100,1635,603,1032,0.182874618,0.017125382,0.021406728,0.344827586,0.426229508,0.395348837,0.013793103,0.016393443,0.013289037,0.0,0.0,0.0,0.04137931,0.054644809,0.053156146,0.0,0,0.075803083,2.666666667,0.197151166,0.473938235
176406,Tougaloo College,640303093,243900,,500 W County Line Rd,Tougaloo,MS,39174,www.tougaloo.edu/,115,725,4,0,19,27,850102,1266117,44742.21,46893.22,110286.9382,94108.42955,100,160,50,110,0.95,0.00625,0.00625,0.666666667,0.5,0.526315789,0.333333333,0.166666667,0.210526316,0.0,0.0,0.0,0.333333333,0.333333333,0.315789474,0.0,0,0.075803083,2.0,2.954209749,0.473938235
176479,William Carey University,640329300,244700,,710 William Carey Parkway,Hattiesburg,MS,39401,https://www.wmcarey.edu/,1367,5448,4,0,71,97,5191004,6535549,73112.73,67376.79,110286.9382,94108.42955,100,323,94,229,0.176470588,0.027863777,0.009287926,0.324324324,0.470588235,0.0,0.027027027,0.019607843,0.0,0.0,0.0,0.0,0.0,0.0,0.0,0.0,0,0.075803083,0.0,0,0.473938235
176628,Avila University,440617326,244900,,11901 Wornall Rd,Kansas City,MO,64145-1698,https://www.avila.edu/,348,1733,4,0,20,38,1340807,2503027,67040.35,65869.13,110286.9382,94108.42955,100,143,59,84,0.13986014,0.027972028,0.006993007,0.538461538,0.461538462,0.6,0.0,0.0,0.0,0.0,0.076923077,0.05,0.0,0.076923077,0.0,0.0,0,0.075803083,0.333333333,0.255232261,0.473938235
176770,Cox College,144057718,2068200,Lester L Cox College of Nursing and Health Sciences,1423 N Jefferson,Springfield,MO,65802-1917,https://coxcollege.edu/,317,795,3,0,5,53,350916,3665043,70183.2,69151.75,110286.9382,94108.42955,100,42,12,30,0.023809524,0.023809524,0.023809524,1.0,0.666666667,0.0,0.0,0.0,0.0,0.0,0.0,0.0,0.0,0.0,0.0,0.0,0,0.075803083,13.33333333,15.64945227,0.473938235
176789,Calvary University,436052681,245000,,15800 Calvary Road,Kansas City,MO,64147-1341,www.calvary.edu/,71,262,4,0,9,7,440300,319500,48922.22,45642.86,110286.9382,94108.42955,100,31,15,16,0.0,0.032258065,0.0,0.2,0.75,0.0,0.0,0.25,0.0,0.0,0.0,0.0,0.2,0.0,0.0,0.0,0,0.075803083,0.0,0,0.473938235
176965,University of Central Missouri,446000293,245400,Central,108 W South Street,Warrensburg,MO,64093,https://www.ucmo.edu/,3679,12788,1,1,195,186,16486173,13735196,84544.48,73845.14,110286.9382,94108.42955,100,672,288,384,0.044642857,0.03125,0.010416667,0.338983051,0.474747475,0.404878049,0.008474576,0.01010101,0.009756098,0.0,0.0,0.0,0.016949153,0.02020202,0.014634146,0.0,0,0.075803083,6.666666667,0.572885337,0.473938235
177038,Cleveland University-Kansas City,446000294,2090700,,10850 Lowell Avenue,Overland Park,KS,66210,www.cleveland.edu/,178,588,3,0,21,17,1649406,1229817,78543.14,72342.18,110286.9382,94108.42955,100,73,21,52,0.109589041,0.02739726,0.01369863,0.2,0.625,0.0,0.0,0.0,0.0,0.0,0.0,0.0,0.0,0.0,0.0,0.0,0,0.075803083,0.0,0,0.473938235
177092,Concordia Seminary,430655869,245700,,801 Seminary Place,Saint Louis,MO,63105-3196,https://www.csl.edu/,100,600,4,0,29,0,3119502,0,107569.03,,110286.9382,94108.42955,100,81,36,45,0.037037037,0.0,0.012345679,0.0,0.0,0.0,0.0,0.0,0.0,0.0,0.0,0.0,0.0,0.0,0.0,0.0,0,0.075803083,0.0,0,0.473938235
177117,Cottey College,440545271,245800,,1000 W Austin,Nevada,MO,64772,https://www.cottey.edu/,61,266,3,0,7,30,443340,1849746,63334.29,61658.2,110286.9382,94108.42955,100,135,45,90,0.014814815,0.007407407,0.007407407,0.818181818,0.785714286,0.8,0.0,0.071428571,0.04,0.090909091,0.0,0.04,0.090909091,0.142857143,0.12,0.0,0,0.075803083,0.666666667,2.143622722,0.473938235
177126,Covenant Theological Seminary,430863116,470700,Covenant|Covenant Seminary|CTS|Francis Schaeffer Institute|FSI|Center for Ministry Leadership|CML,12330 Conway Road,Saint Louis,MO,63141-8609,https://www.covenantseminary.edu/,100,607,4,0,13,2,1040112,150848,80008.62,75424.0,110286.9382,94108.42955,100,90,45,45,0.066666667,0.033333333,0.122222222,0.142857143,0.0,0.0,0.0,0.0,0.0,0.0,0.0,0.0,0.0,0.0,0.0,0.0,0,0.075803083,0.0,0,0.473938235
177144,Culver-Stockton College,430610813,246000,CULVER|C-SC|,One College Hill,Canton,MO,63435-1299,https://www.culver.edu/,197,1069,4,0,21,22,1174476,1189843,55927.43,54083.77,110286.9382,94108.42955,100,128,56,72,0.0390625,0.0078125,0.0,0.375,0.714285714,0.533333333,0.0,0.0,0.0,0.0,0.0,0.0,0.0,0.0,0.0,0.0,0,0.075803083,0.0,0,0.473938235
177214,Drury University,440552049,246100,,900 N. Benton Ave,Springfield,MO,65802-3791,www.drury.edu/,366,1596,4,0,60,56,4491900,4106669,74865.0,73333.38,110286.9382,94108.42955,100,225,108,117,0.008888889,0.0,0.017777778,0.4,0.384615385,0.394366197,0.0,0.0,0.0,0.0,0.0,0.0,0.022222222,0.0,0.014084507,0.0,0,0.075803083,0.666666667,0.417972832,0.473938235
177250,East Central College,430910391,886200,,1964 Prairie Dell Rd,Union,MO,63084,www.eastcentral.edu/,566,2638,1,0,30,40,1959208,2571551,65306.93,64288.78,110286.9382,94108.42955,100,156,45,111,0.0,0.006410256,0.0,0.666666667,0.6,0.511627907,0.0,0.0,0.023255814,0.0,0.0,0.0,0.333333333,0.0,0.023255814,0.0,0,0.075803083,0.0,0,0.473938235
177339,Evangel University,440589787,246300,,1111 N Glenstone,Springfield,MO,65802-2125,www.evangel.edu/,483,2157,4,0,47,32,3042140,1975346,64726.38,61729.56,110286.9382,94108.42955,100,238,113,125,0.021008403,0.016806723,0.004201681,0.214285714,0.291666667,0.25,0.0,0.0,0.0,0.0,0.0,0.0,0.0,0.0,0.0,0.0,0,0.075803083,0.0,0,0.473938235
177418,Fontbonne University,430694556,246400,,6800 Wydown Blvd,Saint Louis,MO,63105-3098,https://www.fontbonne.edu/,280,874,4,0,18,42,1259459,2802390,69969.94,66723.57,110286.9382,94108.42955,100,112,40,72,0.116071429,0.035714286,0.008928571,0.692307692,0.785714286,0.75,0.0,0.142857143,0.041666667,0.0,0.0,0.0,0.0,0.0,0.0,0.0,0,0.075803083,1.666666667,1.765536723,0.473938235
177542,Hannibal-LaGrange University,431007642,908900,,2800 Palmyra Rd,Hannibal,MO,63401,www.hlg.edu/,158,441,4,0,14,19,751810,854174,53700.71,44956.53,110286.9382,94108.42955,100,62,30,32,0.048387097,0.0,0.0,0.4,0.833333333,0.0,0.0,0.0,0.0,0.0,0.0,0.0,0.0,0.0,0.0,0.0,0,0.075803083,0.0,0,0.473938235
177551,Harris-Stowe State University,431166917,246600,Harris-Stowe State College,3026 Laclede Ave,Saint Louis,MO,63103-2136,https://www.hssu.edu/,245,1098,1,1,21,22,1360548,1390243,64788.0,63192.86,110286.9382,94108.42955,100,166,64,102,0.795180723,0.012048193,0.006024096,0.666666667,0.384615385,0.5,0.0,0.076923077,0.083333333,0.0,0.076923077,0.083333333,0.333333333,0.076923077,0.166666667,1.333333333,1.2300123,0.075803083,7.666666667,7.072570726,0.473938235
177676,Jefferson College,430793993,246800,JeffCo,1000 Viking Drive,Hillsboro,MO,63050-2440,https://www.jeffco.edu/,701,3769,1,1,37,51,2576834,3485727,69644.16,68347.59,110286.9382,94108.42955,100,210,66,144,0.0,0.0,0.014285714,0.486486486,0.642857143,0.533333333,0.0,0.0,0.0,0.0,0.0,0.0,0.027027027,0.071428571,0.033333333,0.0,0,0.075803083,1.333333333,0.367714653,0.473938235
177719,Barnes-Jewish College Goldfarb School of Nursing,430652644,638900,Barnes-Jewish College of Nursing  Barnes-Jewish College of Nursing and Allied Health   Jewish Hospital College of Nursing,"4483 Duncan Avenue, Mailstop 90-36-697",Saint Louis,MO,63110,https://www.barnesjewishcollege.edu/,342,499,3,0,3,42,283035,4125870,94345.0,98235.0,110286.9382,94108.42955,100,46,16,30,0.260869565,0.043478261,0.065217391,0.0,0.888888889,0.0,0.0,0.111111111,0.0,0.0,0.0,0.0,0.0,0.0,0.0,0.0,0,0.075803083,0.0,0,0.473938235
177746,Kansas City Art Institute,440546278,247300,,4415 Warwick Blvd,Kansas City,MO,64111-1874,www.kcai.edu/,132,789,3,0,30,30,2001294,2015330,66709.8,67177.67,110286.9382,94108.42955,100,117,50,67,0.042735043,0.085470085,0.017094017,0.352941176,0.631578947,0.484848485,0.0,0.0,0.0,0.0,0.0,0.0,0.0,0.0,0.0,0.0,0,0.075803083,0.333333333,0.451671183,0.473938235
177834,A T Still University of Health Sciences,430356250,247700,,800 W Jefferson,Kirksville,MO,63501,www.atsu.edu/,1259,3629,3,0,77,115,10683235,12918492,138743.31,112334.71,110286.9382,94108.42955,100,679,197,482,0.042709867,0.086892489,0.032400589,0.392156863,0.561643836,0.0,0.019607843,0.01369863,0.0,0.019607843,0.054794521,0.0,0.019607843,0.068493151,0.0,0.0,0,0.075803083,2.666666667,0.716268242,0.473938235
177940,Lincoln University,446001089,247900,Lincoln University of Missouri,820 Chestnut Street,Jefferson City,MO,65101,https://www.lincolnu.edu/,253,1799,1,0,45,43,2941109,2474406,65357.98,57544.33,110286.9382,94108.42955,100,297,132,165,0.420875421,0.043771044,0.03030303,0.28,0.357142857,0.314285714,0.08,0.0,0.057142857,0.0,0.0,0.0,0.04,0.0,0.028571429,0.0,0,0.075803083,12.0,6.546644845,0.473938235
177968,Lindenwood University,430652649,248000,,209 S Kingshighway St,Saint Charles,MO,63301-1695,https://www.lindenwood.edu/,1777,7288,3,0,76,105,7337274,9475458,96543.08,90242.46,110286.9382,94108.42955,100,516,264,252,0.098837209,0.031007752,0.011627907,0.65625,0.476190476,0.0,0.0,0.047619048,0.0,0.046875,0.015873016,0.0,0.03125,0.031746032,0.0,0.0,0,0.075803083,5.333333333,0.761904762,0.473938235
177986,Logan University,430746185,470300,Logan University,1851 Schoettler Rd,Chesterfield,MO,63017,https://www.logan.edu/,539,1582,3,0,23,32,2006693,2528039,87247.52,79001.22,110286.9382,94108.42955,100,194,59,135,0.154639175,0.041237113,0.025773196,0.5,0.166666667,0.0,0.0,0.0,0.0,0.0,0.0,0.0,0.0,0.0,0.0,0.0,0,0.075803083,0.0,0,0.473938235
178059,Maryville University of Saint Louis,430653369,248200,,650 Maryville University Drive,Saint Louis,MO,63141-7299,https://www.maryville.edu/,2727,9883,3,0,52,102,5077782,8986821,97649.65,88106.09,110286.9382,94108.42955,100,268,108,160,0.149253731,0.037313433,0.02238806,0.419354839,0.658536585,0.557142857,0.032258065,0.048780488,0.042857143,0.032258065,0.0,0.014285714,0.064516129,0.024390244,0.042857143,0.0,0,0.075803083,3.666666667,0.368176189,0.473938235
178208,Midwestern Baptist Theological Seminary,440618839,248500,"MBTS|MBC|MBC,SBC|Midwestern Baptist Seminary|Midwestern|Midwestern Baptist College, SBC|Midwestern Baptist College|MBCSBC, Spurgeon College",5001 N. Oak Trafficway,Kansas City,MO,64118-4697,https://www.mbts.edu/,603,3840,4,0,41,4,3826568,60720,93330.93,15180.0,110286.9382,94108.42955,100,192,115,77,0.046875,0.052083333,0.098958333,0.0,0.111111111,0.0,0.0,0.0,0.0,0.0,0.0,0.0,0.0,0.0,0.0,0.0,0,0.075803083,0.0,0,0.473938235
178217,Mineral Area College,430829175,248600,MAC,5270 Flat River Road,Park Hills,MO,63601-1000,https://mineralarea.edu/,569,2389,1,1,19,26,1049130,1396543,55217.37,53713.19,110286.9382,94108.42955,100,212,83,129,0.018867925,0.014150943,0.004716981,0.5,0.666666667,0.0,0.0,0.0,0.0,0.0,0.166666667,0.0,0.0,0.0,0.0,0.0,0,0.075803083,0.0,0,0.473938235
178244,Missouri Baptist University,430817015,754000,MBU,One College Park Dr,Saint Louis,MO,63141-8698,www.mobap.edu/,645,5641,4,0,30,39,1880468,2712434,62682.27,69549.59,110286.9382,94108.42955,100,194,91,103,0.108247423,0.030927835,0.005154639,0.4,0.529411765,0.0,0.0,0.058823529,0.0,0.0,0.0,0.0,0.066666667,0.0,0.0,0.0,0,0.075803083,1.333333333,0.254890716,0.473938235
178341,Missouri Southern State University,430813540,248800,Missouri Southern,3950 E. Newman Road,Joplin,MO,64801-1595,www.mssu.edu/,896,4090,1,1,56,83,3980711,5278902,71084.12,63601.23,110286.9382,94108.42955,100,299,117,182,0.043478261,0.026755853,0.0,0.428571429,0.64516129,0.535211268,0.0,0.0,0.0,0.0,0.032258065,0.014084507,0.0,0.0,0.0,0.0,0,0.075803083,3.333333333,0.804375804,0.473938235
178369,Missouri Valley College,440545286,248900,,500 E College St,Marshall,MO,65340,https://www.moval.edu/,213,1619,4,0,36,41,1766959,2282541,49082.19,55671.73,110286.9382,94108.42955,100,161,91,70,0.055900621,0.074534161,0.01863354,0.444444444,0.625,0.0,0.0,0.0,0.0,0.0,0.0,0.0,0.0,0.0,0.0,0.0,0,0.075803083,0.666666667,0.436585898,0.473938235
178387,Missouri Western State University,430830018,249000,Western|MWSU|MWSC|Missouri Western State College,4525 Downs Dr,Saint Joseph,MO,64507,https://www.missouriwestern.edu/,727,3817,1,1,63,66,4592786,4440703,72901.37,67283.38,110286.9382,94108.42955,100,250,107,143,0.032,0.04,0.0,0.317073171,0.533333333,0.391304348,0.0,0.0,0.0,0.0,0.0,0.0,0.024390244,0.033333333,0.028985507,0.0,0,0.075803083,4.666666667,1.159996686,0.473938235
178396,University of Missouri-Columbia,436003859,251600,,105 Jesse Hall,Columbia,MO,65211,https://missouri.edu/,7856,31013,1,0,761,703,95300570,70957477,125230.71,100935.24,110286.9382,94108.42955,100,7745,2887,4858,0.059134926,0.037443512,0.040154939,0.308118081,0.41609589,0.303198887,0.007380074,0.01369863,0.004172462,0.012915129,0.025684932,0.020862309,0.033210332,0.037671233,0.038942976,0.0,0,0.075803083,36.33333333,1.160661044,0.473938235
178402,University of Missouri-Kansas City,436003859,251800,,5000 Holmes St.,Kansas City,MO,64110,https://www.umkc.edu/,3714,15277,1,1,292,270,32087515,27157552,109888.75,100583.53,110286.9382,94108.42955,100,2125,831,1294,0.102588235,0.059764706,0.055058824,0.426229508,0.448275862,0.384313725,0.032786885,0.009852217,0.02745098,0.021857923,0.02955665,0.019607843,0.049180328,0.039408867,0.047058824,2.666666667,0.169818931,0.075803083,8.0,0.509456792,0.473938235
178411,Missouri University of Science and Technology,436003859,251700,,300 W.13th Street,Rolla,MO,65409,https://www.mst.edu/,1782,7156,1,1,228,83,26742339,8377382,117290.96,100932.31,110286.9382,94108.42955,100,962,444,518,0.021829522,0.020790021,0.021829522,0.230769231,0.323809524,0.236842105,0.007692308,0.00952381,0.010526316,0.0,0.0,0.0,0.061538462,0.047619048,0.063157895,1.333333333,0.188323917,0.075803083,3.333333333,0.470809793,0.473938235
178420,University of Missouri-St Louis,436003859,251900,,One University Boulevard,Saint Louis,MO,63121-4400,https://www.umsl.edu/,2425,14800,1,1,159,204,16694786,18094767,104998.65,88699.84,110286.9382,94108.42955,100,986,368,618,0.198782961,0.031440162,0.038539554,0.407079646,0.579710145,0.426829268,0.03539823,0.050724638,0.048780488,0.026548673,0.0,0.006097561,0.053097345,0.036231884,0.054878049,0.0,0,0.075803083,6.333333333,0.417188152,0.473938235
178448,Moberly Area Community College,430908094,249100,MACC,101 College Ave,Moberly,MO,65270-1304,www.macc.edu/,826,4997,1,0,28,47,1515644,2681829,54130.14,57060.19,110286.9382,94108.42955,100,257,83,174,0.046692607,0.007782101,0.015564202,0.538461538,0.764705882,0.0,0.0,0.0,0.0,0.0,0.058823529,0.0,0.0,0.0,0.0,0.0,0,0.075803083,0.0,0,0.473938235
178615,Truman State University,436005833,249500,Truman,100 E Normal Avenue,Kirksville,MO,63501-4221,https://www.truman.edu/,952,3636,1,0,135,100,9450125,6528047,70000.93,65280.47,110286.9382,94108.42955,100,334,131,203,0.023952096,0.017964072,0.020958084,0.30952381,0.490566038,0.37593985,0.0,0.0,0.0,0.0,0.0,0.0,0.05952381,0.018867925,0.045112782,1.333333333,0.336700337,0.075803083,4.333333333,1.094276094,0.473938235
178624,Northwest Missouri State University,446000301,249600,Northwest,800 University Drive,Maryville,MO,64468-6001,https://www.nwmissouri.edu/,2734,9664,1,0,125,105,9302924,7015666,74423.39,66815.87,110286.9382,94108.42955,100,454,172,282,0.019823789,0.017621145,0.011013216,0.206896552,0.444444444,0.382022472,0.0,0.0,0.0,0.0,0.015873016,0.011235955,0.068965517,0.015873016,0.033707865,2.0,0.235155791,0.075803083,5.0,0.587889477,0.473938235
178679,Ozark Christian College,446005108,2202700,,1111 N Main St,Joplin,MO,64801,www.occ.edu/,128,701,4,0,20,2,1148990,108215,57449.5,54107.5,110286.9382,94108.42955,100,101,39,62,0.00990099,0.01980198,0.00990099,0.090909091,0.0,0.0,0.0,0.0,0.0,0.0,0.0,0.0,0.0,0.0,0.0,0.0,0,0.075803083,0.666666667,0.967585873,0.473938235
178697,College of the Ozarks,440556862,250000,,100 Opportunity Avenue,Point Lookout,MO,65726-0017,www.cofo.edu/,304,1427,4,1,55,41,4112709,3043601,74776.53,74234.17,110286.9382,94108.42955,100,206,100,106,0.004854369,0.014563107,0.019417476,0.310344828,0.525,0.0,0.0,0.0,0.0,0.0,0.0,0.0,0.0,0.0,0.0,0.0,0,0.075803083,0.0,0,0.473938235
178721,Park University,440562048,249800,,8700 NW River Park Dr,Parkville,MO,64152-3795,www.park.edu/,2001,6634,3,0,44,57,3256626,3783993,74014.23,66385.84,110286.9382,94108.42955,100,318,121,197,0.066037736,0.128930818,0.037735849,0.363636364,0.472222222,0.41509434,0.0,0.027777778,0.018867925,0.045454545,0.0,0.018867925,0.090909091,0.027777778,0.056603774,0.0,0,0.075803083,0.666666667,0.087009484,0.473938235
179043,Rockhurst University,440545813,249900,Rockhurst,1100 Rockhurst Rd,Kansas City,MO,64110-2561,https://www.rockhurst.edu/,804,3496,4,0,50,94,4157559,6564216,83151.18,69832.09,110286.9382,94108.42955,100,248,102,146,0.125,0.02016129,0.008064516,0.363636364,0.7,0.537313433,0.03030303,0.0,0.029850746,0.0,0.025,0.014925373,0.0,0.025,0.014925373,0.666666667,0.195790504,0.075803083,2.333333333,0.685266765,0.473938235
179159,Saint Louis University,430654872,250600,,One North Grand Blvd,Saint Louis,MO,63103-2097,www.slu.edu/,3618,17202,4,0,340,386,37578597,37837650,110525.29,98025.0,110286.9382,94108.42955,100,2086,829,1257,0.167305849,0.041706616,0.032118888,0.360323887,0.563432836,0.424528302,0.020242915,0.037313433,0.033018868,0.016194332,0.026119403,0.023584906,0.036437247,0.037313433,0.035377358,0.0,0,0.075803083,27.33333333,1.734898974,0.473938235
179265,University of Health Sciences and Pharmacy in St. Louis,430652675,250400,St. Louis College of Pharmacy,1 Pharmacy Place,Saint Louis,MO,63110-1088,www.uhsp.edu/,207,631,3,0,20,33,2044396,3462898,102219.8,104936.3,110286.9382,94108.42955,100,202,101,101,0.188118812,0.01980198,0.014851485,0.3,0.72,0.473684211,0.0,0.0,0.0,0.0,0.04,0.0,0.0,0.08,0.052631579,0.0,0,0.075803083,1.666666667,2.398081535,0.473938235
179308,Saint Louis Community College,430786590,247100,St Louis Community  College,3221 McKelvey Road,Bridgeton,MO,63044,https://www.stlcc.edu/,2052,14627,1,1,130,189,10982980,15193368,84484.46,80388.19,110286.9382,94108.42955,100,1312,472,840,0.27820122,0.025914634,0.020579268,0.519607843,0.482142857,0.0,0.029411765,0.071428571,0.0,0.019607843,0.0,0.0,0.049019608,0.0,0.0,0.0,0,0.075803083,5.333333333,0.372934294,0.473938235
179326,Southwest Baptist University,440567385,250200,,1600 University Ave,Bolivar,MO,65613-2596,www.sbuniv.edu/,631,2155,4,0,52,51,2712538,2688377,52164.19,52713.27,110286.9382,94108.42955,100,173,85,88,0.01734104,0.011560694,0.0,0.25,0.380952381,0.318181818,0.0,0.0,0.0,0.0,0.0,0.0,0.0,0.0,0.0,0.666666667,0.279407656,0.075803083,0.666666667,0.279407656,0.473938235
179344,Missouri State University-West Plains,431641443,3106000,,128 Garfield Avenue,West Plains,MO,65775-2715,wp.missouristate.edu/,259,1726,1,0,17,21,1059497,1243486,62323.35,59213.62,110286.9382,94108.42955,100,159,60,99,0.006289308,0.006289308,0.0,0.375,0.3,0.444444444,0.0,0.0,0.0,0.0,0.0,0.037037037,0.0,0.0,0.0,0.0,0,0.075803083,0.0,0,0.473938235
179548,Stephens College,430670936,251200,Stephens,1200 E Broadway,Columbia,MO,65215,https://www.stephens.edu/,152,532,3,0,12,31,885350,2437110,73779.17,78616.45,110286.9382,94108.42955,100,116,39,77,0.112068966,0.043103448,0.0,1.0,0.733333333,0.777777778,0.0,0.0,0.0,0.0,0.0,0.0,0.0,0.0,0.0,0.0,0,0.075803083,1.333333333,2.259887006,0.473938235
179557,Southeast Missouri State University,436003569,250100,,"One University Plaza, MS2025",Cape Girardeau,MO,63701,https://www.semo.edu/,2315,9686,1,0,162,173,13044687,12206877,80522.76,70559.98,110286.9382,94108.42955,100,495,190,305,0.062626263,0.0,0.014141414,0.407407407,0.603773585,0.475308642,0.018518519,0.018867925,0.018518519,0.0,0.0,0.0,0.046296296,0.056603774,0.049382716,0.0,0,0.075803083,6.333333333,0.637990665,0.473938235
179566,Missouri State University-Springfield,446000308,250300,,901 S National Avenue,Springfield,MO,65897,www.missouristate.edu/,4991,23418,1,1,320,377,28565115,29217775,89265.98,77500.73,110286.9382,94108.42955,100,1727,666,1061,0.023740591,0.022003474,0.023740591,0.37745098,0.53030303,0.427055703,0.004901961,0.025252525,0.015915119,0.004901961,0.04040404,0.021220159,0.034313725,0.035353535,0.037135279,0.0,0,0.075803083,3.0,0.133126248,0.473938235
179645,Three Rivers College,430862849,471300,,2080 Three Rivers Blvd,Poplar Bluff,MO,63901,https://trcc.edu/,513,2682,1,0,29,27,1441008,1411654,49689.93,52283.48,110286.9382,94108.42955,100,124,36,88,0.032258065,0.024193548,0.008064516,0.25,0.5,0.285714286,0.0,0.0,0.0,0.0,0.0,0.0,0.0,0.0,0.0,0.666666667,0.254065041,0.075803083,1.0,0.381097561,0.473938235
179715,North Central Missouri College,431172503,251400,NCMC,1301 Main St,Trenton,MO,64683,www.ncmissouri.edu/,369,1847,1,0,11,32,639429,1867256,58129.91,58351.75,110286.9382,94108.42955,100,118,41,77,0.008474576,0.0,0.0,0.0,0.0,0.76,0.0,0.0,0.0,0.0,0.0,0.0,0.0,0.0,0.0,0.0,0,0.075803083,0.333333333,0.188111362,0.473938235
179812,Kansas City University,440545280,247400,KCU - Kansas City,1750 Independence Ave,Kansas City,MO,64106-1453,www.kansascity.edu/,487,2048,3,0,6,14,622837,1364976,103806.17,97498.29,110286.9382,94108.42955,100,420,141,279,0.066666667,0.038095238,0.028571429,0.2,0.37037037,0.0,0.0,0.0,0.0,0.1,0.074074074,0.0,0.1,0.037037037,0.0,0.0,0,0.075803083,0.0,0,0.473938235
179867,Washington University in St Louis,430653611,252000,WashU,One Brookings Drive,Saint Louis,MO,63130-4899,https://wustl.edu/,5347,16500,3,1,651,477,113526873,61428106,174388.44,128780.1,110286.9382,94108.42955,100,17858,5329,12529,0.132265651,0.031582484,0.103987009,0.287047841,0.373860182,0.287907869,0.022170362,0.015197568,0.019193858,0.01050175,0.015197568,0.010556622,0.031505251,0.079027356,0.04318618,0.666666667,0.039188024,0.075803083,16.33333333,0.960106591,0.473938235
179894,Webster University,430662529,252100,,470 E Lockwood Ave.,Saint Louis,MO,63119-3194,www.webster.edu/,2309,7606,3,0,88,87,7970107,6678173,90569.4,76760.61,110286.9382,94108.42955,100,445,153,292,0.146067416,0.031460674,0.038202247,0.491525424,0.410714286,0.462264151,0.0,0.017857143,0.009433962,0.0,0.0,0.0,0.06779661,0.089285714,0.094339623,0.0,0,0.075803083,9.333333333,1.459245362,0.473938235
179946,Westminster College,430652617,252300,,501 Westminster Ave,Fulton,MO,65251-1299,www.wcmo.edu/,114,593,4,0,25,25,1650665,1614331,66026.6,64573.24,110286.9382,94108.42955,100,138,53,85,0.057971014,0.007246377,0.014492754,0.5,0.5,0.47826087,0.0,0.0,0.0,0.0,0.0,0.0,0.0,0.0,0.0,0.666666667,1.092896175,0.075803083,4.666666667,7.650273224,0.473938235
179955,William Jewell College,440545914,252400,,500 College Hill,Liberty,MO,64068-1896,https://www.jewell.edu/,198,886,3,0,36,36,2353223,2289051,65367.31,63584.75,110286.9382,94108.42955,100,132,62,70,0.060606061,0.075757576,0.015151515,0.5,0.36,0.4,0.0,0.0,0.0,0.0,0.0,0.0,0.0,0.0,0.0,0.666666667,0.781555295,0.075803083,0.333333333,0.390777648,0.473938235
179964,William Woods University,430654876,252500,WWU/William Woods/The Woods,One University Avenue,Fulton,MO,65251-2388,https://www.williamwoods.edu/,444,1729,4,0,31,30,1747370,1584925,56366.77,52830.83,110286.9382,94108.42955,100,152,67,85,0.072368421,0.019736842,0.006578947,0.5,0.411764706,0.6,0.0,0.0,0.0,0.0,0.0,0.0,0.0,0.058823529,0.0,0.0,0,0.075803083,0.333333333,0.221043324,0.473938235
180106,Carroll College,810231774,252600,Carroll Montana  CC,1601 N Benton Ave,Helena,MT,59625-0002,www.carroll.edu/,306,1103,4,0,37,44,2453966,2860908,66323.41,65020.64,110286.9382,94108.42955,100,112,45,67,0.008928571,0.017857143,0.008928571,0.409090909,0.5,0.416666667,0.045454545,0.026315789,0.020833333,0.0,0.0,0.0,0.0,0.026315789,0.020833333,0.0,0,0.075803083,0.666666667,0.570776256,0.473938235
180151,Dawson Community College,816000240,252900,DCC; Dawson College; Dawson Junior College,300 College Dr,Glendive,MT,59330,www.dawson.edu/,94,406,1,0,5,8,254596,457482,50919.2,57185.25,110286.9382,94108.42955,100,41,20,21,0.024390244,0.0,0.0,0.0,0.0,1.0,0.0,0.0,0.0,0.0,0.0,0.0,0.0,0.0,0.25,2.666666667,5.772005772,0.075803083,0.0,0,0.473938235
180179,Montana State University Billings,816001642,253000,MSU Billings,1500 University Drive,Billings,MT,59101-0298,www.msubillings.edu/,743,4092,1,0,70,75,4592100,4569934,65601.43,60932.45,110286.9382,94108.42955,100,273,106,167,0.010989011,0.032967033,0.018315018,0.5,0.458333333,0.450980392,0.0,0.0,0.0,0.0,0.041666667,0.019607843,0.045454545,0.041666667,0.039215686,0.0,0,0.075803083,1.333333333,0.32865007,0.473938235
180197,Flathead Valley Community College,810299199,677700,,777 Grandview Dr,Kalispell,MT,59901,www.fvcc.edu/,259,2201,1,0,29,33,1825765,2193365,62957.41,66465.61,110286.9382,94108.42955,100,137,45,92,0.0,0.03649635,0.00729927,0.692307692,0.473684211,0.5625,0.0,0.052631579,0.03125,0.0,0.0,0.0,0.076923077,0.0,0.03125,0.0,0,0.075803083,0.666666667,0.313136058,0.473938235
180249,Great Falls College Montana State University,810522790,931400,Great Falls College,2100 16th Ave S,Great Falls,MT,59405,https://www.gfcmsu.edu/,198,1318,1,1,11,20,683562,1210524,62142.0,60526.2,110286.9382,94108.42955,100,75,23,52,0.0,0.026666667,0.013333333,0.0,0.0,0.578947368,0.0,0.0,0.0,0.0,0.0,0.0,0.0,0.0,0.0,0.0,0,0.075803083,0.0,0,0.473938235
180258,University of Providence,810231777,252700,Previously known as the University of Great Falls (prior to July 2018),1301 20th St S,Great Falls,MT,59405-4996,www.uprovidence.edu/,528,677,4,0,20,27,1070838,1911228,53541.9,70786.22,110286.9382,94108.42955,100,99,50,49,0.03030303,0.060606061,0.01010101,0.454545455,0.5,0.384615385,0.0,0.0,0.0,0.0,0.0,0.0,0.0,0.0,0.0,0.0,0,0.075803083,0.0,0,0.473938235
180276,Helena College University of Montana,810302402,757000,Helena College,1115 N Roberts Street,Helena,MT,59601,https://www.helenacollege.edu/,166,1485,1,0,18,10,1101554,576924,61197.44,57692.4,110286.9382,94108.42955,100,62,17,45,0.0,0.016129032,0.032258065,0.0,0.0,0.266666667,0.0,0.0,0.0,0.0,0.0,0.0,0.0,0.0,0.066666667,0.0,0,0.075803083,0.0,0,0.473938235
180416,Montana Technological University,816001654,253100,,1300 W Park St,Butte,MT,59701-8997,https://www.mtech.edu/,339,1622,1,0,79,44,6167777,3092492,78073.13,70283.91,110286.9382,94108.42955,100,282,135,147,0.021276596,0.028368794,0.021276596,0.3125,0.413793103,0.375,0.0,0.0,0.0,0.0,0.0,0.0,0.0,0.034482759,0.017857143,1.333333333,0.820512821,0.075803083,1.666666667,1.025641026,0.473938235
180461,Montana State University,816010045,253200,MSU,Montana State University,Bozeman,MT,59717,https://www.montana.edu/,3432,16960,1,1,330,299,33083395,26390150,100252.71,88261.37,110286.9382,94108.42955,100,2278,961,1317,0.006584723,0.034679543,0.023705004,0.303664921,0.48125,0.387811634,0.0,0.0,0.0,0.0,0.00625,0.002770083,0.015706806,0.0375,0.027700831,2.666666667,0.159862518,0.075803083,19.0,1.139020442,0.473938235
180489,The University of Montana,816001713,253600,University of Montana,"Missoula, Montana",Missoula,MT,59812,www.umt.edu/,2546,10327,1,1,220,188,20113300,15929916,91424.09,84733.6,110286.9382,94108.42955,100,1763,754,1009,0.00907544,0.043675553,0.026659104,0.345238095,0.471698113,0.38247012,0.0,0.0,0.0,0.017857143,0.009433962,0.015936255,0.011904762,0.028301887,0.019920319,8.0,0.803616273,0.075803083,21.0,2.109492717,0.473938235
180522,Montana State University-Northern,816001663,253300,,300 W 11th St,Havre,MT,59501,www.msun.edu/,224,1021,1,0,37,14,2174434,855780,58768.49,61127.14,110286.9382,94108.42955,100,116,51,65,0.051724138,0.00862069,0.017241379,0.111111111,0.307692308,0.15,0.0,0.076923077,0.0,0.0,0.0,0.0,0.0,0.0,0.0,0.0,0,0.075803083,0.666666667,0.584795322,0.473938235
180595,Rocky Mountain College,810235407,253400,RMC,1511 Poly Drive,Billings,MT,59102-1796,https://www.rocky.edu/,269,991,4,0,29,34,1895058,2250328,65346.83,66186.12,110286.9382,94108.42955,100,129,65,64,0.03875969,0.015503876,0.0,0.368421053,0.769230769,0.53125,0.0,0.0,0.0,0.0,0.0,0.0,0.0,0.0,0.0,0.666666667,0.632511069,0.075803083,1.666666667,1.581277672,0.473938235
180692,The University of Montana-Western,816001713,253700,Western Montana College; Montana Western; UM Western; WMC; UMW,710 S Atlantic,Dillon,MT,59725-3598,umwestern.edu/,311,1458,1,0,33,35,2225760,2050029,67447.27,58572.26,110286.9382,94108.42955,100,111,49,62,0.0,0.009009009,0.009009009,0.384615385,0.647058824,0.486486486,0.0,0.0,0.0,0.0,0.0,0.0,0.0,0.0,0.0,0.0,0,0.075803083,0.0,0,0.473938235
180814,Bellevue University,470491571,974300,,1000 Galvin Rd S,Bellevue,NE,68005-3098,www.bellevue.edu/,2807,14476,3,0,56,51,4555185,3792059,81342.59,74354.1,110286.9382,94108.42955,100,541,225,316,0.066543438,0.0,0.064695009,0.391304348,0.463414634,0.0,0.0,0.0,0.0,0.0,0.0,0.0,0.043478261,0.0,0.0,0.0,0,0.075803083,0.333333333,0.024083038,0.473938235
180832,Clarkson College,363649217,986200,,101 S 42nd St,Omaha,NE,68131-2739,www.clarksoncollege.edu/,336,1078,4,0,5,55,435781,4233825,87156.2,76978.64,110286.9382,94108.42955,100,76,8,68,0.026315789,0.105263158,0.026315789,1.0,0.823529412,0.0,0.0,0.0,0.0,0.0,0.0,0.0,0.0,0.0,0.0,0.0,0,0.075803083,0.0,0,0.473938235
180878,Bryan College of Health Sciences,470376552,639900,,1535 S 52nd St,Lincoln,NE,68506,https://www.bryanhealthcollege.edu/bcohs/,162,746,3,0,8,38,661049,3303415,82631.12,86931.97,110286.9382,94108.42955,100,40,7,33,0.05,0.0,0.05,0.8,0.6875,0.0,0.0,0.0,0.0,0.0,0.0,0.0,0.0,0.0,0.0,0.0,0,0.075803083,1.0,1.379310345,0.473938235
180948,Chadron State College,611573095,253900,,1000 Main St,Chadron,NE,69337-2690,www.csc.edu/,469,2205,1,1,43,46,3076771,3231334,71552.81,70246.39,110286.9382,94108.42955,100,175,69,106,0.045714286,0.028571429,0.0,0.470588235,0.565217391,0.511111111,0.0,0.043478261,0.0,0.0,0.0,0.0,0.0,0.0,0.0,0.0,0,0.075803083,1.666666667,0.737463127,0.473938235
180984,Concordia University-Nebraska,470378777,254100,"Concordia Teachers College  Concordia College  Concordia University, Seward",800 N Columbia Ave,Seward,NE,68434-1556,www.cune.edu/,374,3423,4,0,45,21,2919462,1452021,64876.93,69143.86,110286.9382,94108.42955,100,182,94,88,0.027472527,0.021978022,0.016483516,0.272727273,0.466666667,0.0,0.0,0.0,0.0,0.0,0.0,0.0,0.0,0.0,0.0,0.0,0,0.075803083,0.333333333,0.109397221,0.473938235
181002,Creighton University,470376583,254200,,2500 California Plaza,Omaha,NE,68178,https://www.creighton.edu/,2406,8255,4,1,268,289,30380885,30336283,113361.51,104969.84,110286.9382,94108.42955,100,1386,505,881,0.068542569,0.050505051,0.060606061,0.354651163,0.473404255,0.382445141,0.011627907,0.010638298,0.012539185,0.005813953,0.010638298,0.009404389,0.01744186,0.010638298,0.015673981,0.0,0,0.075803083,13.0,1.548171966,0.473938235
181020,Doane University,470377991,254400,,1014 Boswell Avenue,Crete,NE,68333,www.doane.edu/,574,1948,3,0,45,52,3334749,3681336,74105.53,70794.92,110286.9382,94108.42955,100,226,109,117,0.03539823,0.066371681,0.017699115,0.391304348,0.458333333,0.352941176,0.043478261,0.041666667,0.029411765,0.0,0.0,0.0,0.0,0.0,0.0,0.0,0,0.075803083,1.333333333,0.709597304,0.473938235
181127,Hastings College,470376525,254800,Hastings College,710 N Turner Ave,Hastings,NE,68901,www.hastings.edu/,206,1011,4,0,31,31,1968902,1893724,63512.97,61087.87,110286.9382,94108.42955,100,121,60,61,0.024793388,0.049586777,0.0,0.3,0.5,0.366666667,0.0,0.0,0.0,0.0,0.0,0.0,0.0,0.0,0.0,0.0,0,0.075803083,0.666666667,0.712250712,0.473938235
181215,University of Nebraska at Kearney,470049123,255100,UNK|University of Nebraska - Kearney|Nebraska - Kearney|Nebraska Kearney|,2504 9th Avenue,Kearney,NE,68849-1212,www.unk.edu/,1362,6017,1,1,155,151,12032605,11009058,77629.71,72907.67,110286.9382,94108.42955,100,426,152,274,0.018779343,0.058685446,0.011737089,0.472727273,0.475609756,0.466292135,0.009090909,0.012195122,0.011235955,0.009090909,0.036585366,0.02247191,0.018181818,0.024390244,0.02247191,1.333333333,0.22071401,0.075803083,2.0,0.331071015,0.473938235
181297,Nebraska Methodist College of Nursing & Allied Health,470724387,640400,Nebraska Methodist College,720 North 87th Street,Omaha,NE,68114-2852,www.methodistcollege.edu/,453,1040,4,0,5,69,319363,5397645,63872.6,78226.74,110286.9382,94108.42955,100,85,13,72,0.070588235,0.070588235,0.011764706,0.9,1.0,0.0,0.0,0.0,0.0,0.0,0.0,0.0,0.2,0.0,0.0,0.0,0,0.075803083,0.333333333,0.290866783,0.473938235
181330,Midland University,470376551,255300,MidlandU,900 N. Clarkson St.,Fremont,NE,68025,https://www.midlandu.edu/,415,1557,4,0,9,28,583417,1711281,64824.11,61117.18,110286.9382,94108.42955,100,168,85,83,0.035714286,0.05952381,0.011904762,0.625,0.714285714,0.625,0.0,0.071428571,0.0,0.0,0.071428571,0.0,0.0,0.0,0.0,0.0,0,0.075803083,1.666666667,1.031991744,0.473938235
181394,University of Nebraska at Omaha,470049123,255400,UNOMAHA,6001 Dodge St,Omaha,NE,68182-0225,https://www.unomaha.edu/,3317,15015,1,1,286,286,24687109,21685845,86318.56,75824.63,110286.9382,94108.42955,100,938,370,568,0.07249467,0.070362473,0.036247335,0.34375,0.527777778,0.444852941,0.0,0.027777778,0.014705882,0.015625,0.027777778,0.022058824,0.0625,0.034722222,0.047794118,6.0,0.398459291,0.075803083,4.0,0.265639527,0.473938235
181428,University of Nebraska Medical Center,470049123,689500,UNMC,42nd & Dewey Ave,Omaha,NE,68198-7815,www.unmc.edu/,1228,3786,1,1,83,251,10913070,22647517,131482.77,90229.15,110286.9382,94108.42955,100,4545,1828,2717,0.035863586,0.044664466,0.086688669,0.35483871,0.631944444,0.43956044,0.010752688,0.013888889,0.0,0.0,0.027777778,0.0,0.064516129,0.055555556,0.087912088,2.0,0.546448087,0.075803083,3.0,0.819672131,0.473938235
181446,Nebraska Wesleyan University,470376524,255500,,5000 St Paul Ave,Lincoln,NE,68504-2794,https://www.nebrwesleyan.edu/,422,1690,4,0,40,55,2644309,3492485,66107.73,63499.73,110286.9382,94108.42955,100,212,93,119,0.037735849,0.037735849,0.018867925,0.545454545,0.5,0.537037037,0.03030303,0.0,0.018518519,0.0,0.045454545,0.018518519,0.0,0.0,0.0,2.0,1.184834123,0.075803083,7.333333333,4.344391785,0.473938235
181464,University of Nebraska-Lincoln,470049123,256500,,1400 R Street,Lincoln,NE,68588-0419,www.unl.edu/,5663,23986,1,1,766,530,96307153,55184033,125727.35,104120.82,110286.9382,94108.42955,100,4597,1969,2628,0.034587775,0.049162497,0.043289102,0.271714922,0.415617128,0.321236559,0.004454343,0.025188917,0.01344086,0.006681514,0.020151134,0.014784946,0.024498886,0.078085642,0.053763441,4.666666667,0.196037247,0.075803083,23.66666667,0.994188896,0.473938235
181534,Peru State College,611573095,255900,Peru State,600 Hoyt Street,Peru,NE,68421-0010,www.peru.edu/,380,1638,1,1,25,27,1850557,1778209,74022.28,65859.59,110286.9382,94108.42955,100,112,40,72,0.053571429,0.008928571,0.0,0.545454545,0.642857143,0.6,0.0,0.0,0.0,0.0,0.0,0.0,0.0,0.0,0.0,0.0,0,0.075803083,2.333333333,1.297016861,0.473938235
181604,College of Saint Mary,470424785,254000,,7000 Mercy Rd.,Omaha,NE,68106,https://www.csm.edu/,319,733,4,1,16,65,1333152,5295977,83322.0,81476.57,110286.9382,94108.42955,100,119,34,85,0.067226891,0.092436975,0.016806723,0.8,0.833333333,0.0,0.0,0.083333333,0.0,0.0,0.041666667,0.0,0.066666667,0.041666667,0.0,0.0,0,0.075803083,1.333333333,1.555814858,0.473938235
181765,Nebraska College of Technical Agriculture,470049123,256596,,404 East 7th,Curtis,NE,69025-9552,https://ncta.unl.edu/,78,259,1,0,5,8,427635,596382,85527.0,74547.75,110286.9382,94108.42955,100,26,5,21,0.0,0.038461538,0.0,0.0,1.0,0.0,0.0,0.0,0.0,0.0,0.0,0.0,0.0,0.0,0.0,0.0,0,0.075803083,0.0,0,0.473938235
181783,Wayne State College,470491233,256600,WSC,1111 Main St,Wayne,NE,68787,https://www.wsc.edu/,899,4807,1,0,65,57,4837028,4046131,74415.82,70984.75,110286.9382,94108.42955,100,264,102,162,0.007575758,0.022727273,0.0,0.404255319,0.555555556,0.462686567,0.0,0.0,0.0,0.0,0.111111111,0.044776119,0.0,0.0,0.0,0.0,0,0.075803083,3.666666667,0.768210071,0.473938235
181853,York University,470418641,256700,,1125 E 8th St,York,NE,68467-2699,www.york.edu/,203,585,4,0,20,7,1098530,383897,54926.5,54842.43,110286.9382,94108.42955,100,71,45,26,0.098591549,0.112676056,0.0,0.0,0.363636364,0.125,0.0,0.0,0.0,0.0,0.0,0.0,0.0,0.0,0.0,0.0,0,0.075803083,0.0,0,0.473938235
182005,College of Southern Nevada,886000024,1036200,CSN,6375 W. Charleston Blvd.,Las Vegas,NV,89146-1164,www.csn.edu/,4386,29081,1,1,269,251,24224356,21958384,90053.37,87483.6,110286.9382,94108.42955,100,744,273,471,0.178763441,0.275537634,0.081989247,0.465053763,0.0,0.466666667,0.034946237,0.0,0.034666667,0.029569892,0.0,0.029333333,0.048387097,0.0,0.048,0.0,0,0.075803083,1.666666667,0.057668131,0.473938235
182281,University of Nevada-Las Vegas,886000024,256900,UNLV,4505 S Maryland Pky,Las Vegas,NV,89154,www.unlv.edu/,6602,31094,1,1,634,486,76421260,50334211,120538.26,103568.34,110286.9382,94108.42955,100,3177,1307,1870,0.105445389,0.17374882,0.134718288,0.273333333,0.459016393,0.348230912,0.02,0.016393443,0.018621974,0.016666667,0.053278689,0.029795158,0.03,0.114754098,0.065176909,1.333333333,0.043487715,0.075803083,13.33333333,0.434877147,0.473938235
182290,University of Nevada-Reno,886000024,256800,,1664 North Virginia Street,Reno,NV,89557,www.unr.edu/,4748,21778,1,1,447,372,51592764,36897032,115420.05,99185.57,110286.9382,94108.42955,100,2896,1118,1778,0.032803867,0.143646409,0.06871547,0.32,0.364,0.343891403,0.0,0.004,0.0,0.005,0.024,0.015837104,0.035,0.068,0.052036199,0.0,0,0.075803083,9.666666667,0.461526219,0.473938235
182306,Great Basin College,886000024,697700,,1500 College Parkway,Elko,NV,89801,www.gbcnv.edu/,714,2936,1,0,45,30,3633898,2379970,80753.29,79332.33,110286.9382,94108.42955,100,214,52,162,0.03271028,0.23364486,0.009345794,0.457142857,0.0,0.457142857,0.0,0.0,0.0,0.057142857,0.0,0.057142857,0.0,0.0,0.0,0.0,0,0.075803083,0.333333333,0.104264415,0.473938235
182500,Truckee Meadows Community College,886000024,2107700,,7000 Dandini Blvd,Reno,NV,89512-3999,www.tmcc.edu/,2637,10006,1,1,74,73,6154128,6259203,83163.89,85742.51,110286.9382,94108.42955,100,390,155,235,0.020512821,0.261538462,0.041025641,0.544444444,0.0,0.544444444,0.011111111,0.0,0.011111111,0.022222222,0.0,0.022222222,0.044444444,0.0,0.044444444,0.0,0,0.075803083,0.333333333,0.034538735,0.473938235
182564,Western Nevada College,886000024,1036300,WNC,2201 West College Parkway,Carson City,NV,89703-7399,www.wnc.edu/,944,4188,1,1,30,28,2298477,2340159,76615.9,83577.11,110286.9382,94108.42955,100,208,80,128,0.019230769,0.177884615,0.048076923,0.548387097,0.0,0.548387097,0.0,0.0,0.0,0.0,0.0,0.0,0.032258065,0.0,0.032258065,0.0,0,0.075803083,0.666666667,0.186115764,0.473938235
182634,Colby-Sawyer College,20222120,257200,Colby-Sawyer,541 Main Street,New London,NH,03257-7835,www.colby-sawyer.edu/,260,950,3,0,21,33,1495516,2256494,71215.05,68378.61,110286.9382,94108.42955,100,232,89,143,0.00862069,0.004310345,0.0,0.466666667,0.833333333,0.526315789,0.0,0.0,0.0,0.0,0.0,0.0,0.0,0.0,0.0,0.0,0,0.075803083,2.0,2.120890774,0.473938235
182670,Dartmouth College,20222111,257300,"Dartmouth, Big Green",207 Parkhurst Hall,Hanover,NH,03755-3529,www.dartmouth.edu/,2089,6746,3,0,375,256,76000797,41756083,202668.79,163109.7,110286.9382,94108.42955,100,3294,1373,1921,0.018822101,0.025500911,0.034304797,0.318885449,0.406593407,0.328888889,0.009287926,0.043956044,0.017777778,0.018575851,0.032967033,0.022222222,0.024767802,0.049450549,0.033333333,4.0,0.59311981,0.075803083,14.66666667,2.174772637,0.473938235
182795,Franklin Pierce University,20263136,257500,"Franklin Pierce College, Franklin Pierce, FPU, Pierce",40 University Drive,Rindge,NH,03461-0060,https://www.franklinpierce.edu/,478,1637,3,0,39,56,3060571,4713108,78476.18,84162.64,110286.9382,94108.42955,100,189,74,115,0.037037037,0.026455026,0.005291005,0.428571429,0.6,0.0,0.0,0.0,0.0,0.0,0.033333333,0.0,0.0,0.066666667,0.0,0.0,0,0.075803083,3.0,1.803968731,0.473938235
182829,University of New Hampshire-Franklin Pierce School of Law,26000937,258903,,2 White St,Concord,NH,03301-4197,https://law.unh.edu/,198,685,1,0,16,12,2172508,1406870,135781.75,117239.17,110286.9382,94108.42955,100,37,8,29,0.081081081,0.027027027,0.054054054,0.25,0.666666667,0.25,0.0,0.0,0.0,0.0,0.0,0.0,0.0,0.0,0.0,0.0,0,0.075803083,0.0,0,0.473938235
182980,New England College,20223955,257900,NEC,98 Bridge St,Henniker,NH,03242,www.nec.edu/,1271,2856,3,0,38,28,2639202,1898321,69452.68,67797.18,110286.9382,94108.42955,100,246,100,146,0.052845528,0.032520325,0.020325203,0.421052632,0.347826087,0.0,0.0,0.043478261,0.0,0.0,0.0,0.0,0.0,0.0,0.0,0.0,0,0.075803083,4.666666667,1.636278635,0.473938235
183026,Southern New Hampshire University,20274509,258000,SNHU,2500 North River Road,Manchester,NH,03106-1045,www.snhu.edu/,34946,184099,3,0,77,52,7861456,4628765,102096.83,89014.71,110286.9382,94108.42955,100,4878,1515,3363,0.078515785,0.046535465,0.022345223,0.317073171,0.578947368,0.0,0.024390244,0.0,0.0,0.0,0.0,0.0,0.0,0.0,0.0,0.0,0,0.075803083,1.0,0.006094179,0.473938235
183044,University of New Hampshire-Main Campus,26000937,258900,,"105 Main St., Thompson Hall",Durham,NH,03824-3547,www.unh.edu/,3517,13626,1,1,324,378,37717623,37637649,116412.42,99570.5,110286.9382,94108.42955,100,2679,1043,1636,0.008958567,0.050391937,0.024636058,0.397727273,0.578125,0.45508982,0.0,0.010416667,0.005988024,0.011363636,0.005208333,0.005988024,0.0625,0.083333333,0.080838323,2.0,0.14333835,0.075803083,22.66666667,1.624501302,0.473938235
183062,Keene State College,26000937,259000,KSC,229 Main Street,Keene,NH,03435-1506,www.keene.edu/,653,2846,1,0,54,67,4985970,6089720,92332.78,90891.34,110286.9382,94108.42955,100,333,139,194,0.021021021,0.018018018,0.0,0.535714286,0.55,0.55952381,0.0,0.0,0.0,0.035714286,0.0,0.023809524,0.017857143,0.05,0.023809524,0.0,0,0.075803083,4.333333333,1.508820799,0.473938235
183071,University of New Hampshire at Manchester,26000937,258901,UNH Manchester,88 Commercial Street,Manchester,NH,03101-1113,manchester.unh.edu/,145,748,1,0,27,20,2495672,1845699,92432.3,92284.95,110286.9382,94108.42955,100,60,17,43,0.0,0.033333333,0.033333333,0.5,0.421052632,0.454545455,0.0,0.0,0.0,0.0,0.052631579,0.045454545,0.0,0.0,0.0,0.0,0,0.075803083,0.0,0,0.473938235
183080,Plymouth State University,26000937,259100,Plymouth | Plymouth State | PSU | Plymout | Plimout | Plymoth | Plimoth | Plymot | Plimot,17 High Street,Plymouth,NH,03264-1595,www.plymouth.edu/,995,3839,1,1,75,91,6463839,7591329,86184.52,83421.2,110286.9382,94108.42955,100,309,109,200,0.0,0.03236246,0.003236246,0.5,0.555555556,0.510638298,0.017857143,0.0,0.010638298,0.017857143,0.0,0.010638298,0.0,0.0,0.0,10.66666667,2.754820937,0.075803083,6.0,1.549586777,0.473938235
183099,NHTI-Concord's Community College,900531902,258100,NHTI New Hampshire Technical Institute,31 College Drive,Concord,NH,03301-7412,https://www.nhti.edu/,435,2613,1,0,18,46,1420146,3756934,78897.0,81672.48,110286.9382,94108.42955,100,147,54,93,0.034013605,0.020408163,0.020408163,0.745454545,0.571428571,0.0,0.0,0.0,0.0,0.0,0.0,0.0,0.0,0.0,0.0,3.333333333,1.272750414,0.075803083,1.666666667,0.636375207,0.473938235
183105,White Mountains Community College,900531902,529100,,2020 Riverside Drive,Berlin,NH,03570,www.wmcc.edu/,193,508,1,0,12,9,837442,667193,69786.83,74132.56,110286.9382,94108.42955,100,64,22,42,0.0,0.0,0.0,0.818181818,0.0,0.0,0.0,0.0,0.0,0.0,0.0,0.0,0.0,0.0,0.0,0.0,0,0.075803083,0.0,0,0.473938235
183114,River Valley Community College,900531902,756000,NH Community Technical College - Claremont; NH Technical College - Claremont,1 College Place,Claremont,NH,03743-9707,https://www.rivervalley.edu/,209,674,1,0,4,24,285192,1622618,71298.0,67609.08,110286.9382,94108.42955,100,51,14,37,0.019607843,0.0,0.0,0.846153846,0.875,0.0,0.076923077,0.0,0.0,0.0,0.0,0.0,0.0,0.0,0.0,0.0,0,0.075803083,0.0,0,0.473938235
183123,Lakes Region Community College,900531902,755500,New Hampshire Community Technical College-Laconia,379 Belmont Road,Laconia,NH,03246,www.lrcc.edu/,114,695,1,0,13,11,883289,745303,67945.31,67754.82,110286.9382,94108.42955,100,88,37,51,0.0,0.011363636,0.011363636,0.625,0.272727273,0.0,0.0,0.0,0.0,0.0,0.0,0.0,0.0,0.0,0.0,0.0,0,0.075803083,0.0,0,0.473938235
183141,Nashua Community College,900531902,923600,NCC,505 Amherst St,Nashua,NH,03063-1026,nashuacc.edu/,208,1262,1,0,13,17,984707,1276973,75746.69,75116.06,110286.9382,94108.42955,100,77,28,49,0.025974026,0.064935065,0.012987013,0.62962963,0.0,0.0,0.0,0.0,0.0,0.0,0.0,0.0,0.0,0.0,0.0,1.333333333,1.070950469,0.075803083,0.0,0,0.473938235
183150,Great Bay Community College,900531902,258300,Great Bay Community College,320 Corporate Drive,Portsmouth,NH,03801-2879,https://www.greatbay.edu/,276,1440,1,0,10,23,752354,1767593,75235.4,76851.87,110286.9382,94108.42955,100,107,45,62,0.0,0.0,0.028037383,0.678571429,0.75,0.0,0.0,0.0,0.0,0.0,0.0,0.0,0.0,0.0,0.0,0.0,0,0.075803083,0.0,0,0.473938235
183211,Rivier University,20223339,258600,,420 South Main St,Nashua,NH,03060,www.rivier.edu/,772,2879,4,1,20,49,1661197,3697012,83059.85,75449.22,110286.9382,94108.42955,100,150,52,98,0.02,0.013333333,0.013333333,0.2,0.916666667,0.428571429,0.0,0.083333333,0.0,0.0,0.0,0.0,0.0,0.0,0.0,0.666666667,0.261335424,0.075803083,0.0,0,0.473938235
183239,Saint Anselm College,20222182,258700,,100 Saint Anselm Drive,Manchester,NH,03102-1310,https://www.anselm.edu/,453,2078,4,0,65,87,5934274,7089446,91296.52,81487.89,110286.9382,94108.42955,100,354,144,210,0.016949153,0.04519774,0.016949153,0.431034483,0.58,0.490196078,0.0,0.0,0.0,0.017241379,0.02,0.019607843,0.034482759,0.04,0.039215686,0.0,0,0.075803083,2.0,1.011633789,0.473938235
183655,Atlantic Cape Community College,237368159,259600,,5100 Black Horse Pike,Mays Landing,NJ,08330-2699,atlanticcape.edu/,644,4273,1,0,28,43,2133449,3103305,76194.61,72169.88,110286.9382,94108.42955,100,286,110,176,0.230769231,0.122377622,0.041958042,0.56,0.545454545,0.555555556,0.0,0.0,0.0,0.0,0.0,0.0,0.0,0.090909091,0.022222222,0.0,0,0.075803083,0.0,0,0.473938235
183743,Bergen Community College,221820506,473600,,400 Paramus Rd,Paramus,NJ,07652-1595,https://www.bergen.edu/,1653,11801,1,1,95,115,7541453,8623101,79383.72,74983.49,110286.9382,94108.42955,100,375,153,222,0.109333333,0.218666667,0.048,0.451612903,0.543478261,0.545454545,0.032258065,0.0,0.012987013,0.0,0.0,0.019480519,0.032258065,0.065217391,0.045454545,3.333333333,0.297831785,0.075803083,5.666666667,0.506314034,0.473938235
183804,Beth Medrash Govoha,210634542,794700,,617 6th St,Lakewood,NJ,08701-2754,yeshivanotices.org/,1552,8824,3,0,19,0,2002628,0,105401.47,,110286.9382,94108.42955,100,231,177,54,0.0,0.0,0.0,0.0,0.0,0.0,0.0,0.0,0.0,0.0,0.0,0.0,0.0,0.0,0.0,0.0,0,0.075803083,0.0,0,0.473938235
183822,Bloomfield College,221494428,259700,,467 Franklin St,Bloomfield,NJ,07003,www.bloomfield.edu/,266,910,4,0,13,18,1169331,1619253,89948.54,89958.5,110286.9382,94108.42955,100,135,56,79,0.266666667,0.074074074,0.022222222,0.5,0.642857143,0.0,0.0,0.0,0.0,0.0,0.0,0.0,0.0,0.0,0.0,0.0,0,0.075803083,10.66666667,9.251228679,0.473938235
183859,Brookdale Community College,221849485,840400,,765 Newman Springs Rd,Lincroft,NJ,07738-1597,https://www.brookdalecc.edu/,1428,9916,1,0,79,110,7105970,9766660,89948.99,88787.82,110286.9382,94108.42955,100,293,88,205,0.088737201,0.027303754,0.034129693,0.576470588,0.722222222,0.58125,0.0,0.055555556,0.01875,0.011764706,0.0,0.00625,0.047058824,0.111111111,0.05625,0.666666667,0.067367286,0.075803083,0.0,0,0.473938235
183877,Rowan College at Burlington County,221825538,773000,RCBC,900 College Circle,Mount Laurel,NJ,08054-1599,www.rcbc.edu/,1536,6547,1,0,25,43,1671577,2755085,66863.08,64071.74,110286.9382,94108.42955,100,323,119,204,0.13003096,0.068111455,0.018575851,0.666666667,0.75,0.590909091,0.0,0.0,0.045454545,0.0,0.0,0.0,0.0,0.0,0.022727273,0.0,0,0.075803083,0.333333333,0.053937433,0.473938235
183910,Caldwell University,221500483,259800,formerly Caldwell College,120 Bloomfield Avenue,Caldwell,NJ,07006-6195,www.caldwell.edu/,432,1864,4,0,31,46,2399357,3348477,77398.61,72792.98,110286.9382,94108.42955,100,154,59,95,0.077922078,0.12987013,0.019480519,0.515151515,0.6,0.545454545,0.0,0.05,0.022727273,0.0,0.05,0.022727273,0.060606061,0.05,0.045454545,0.0,0,0.075803083,1.666666667,0.821827745,0.473938235
183938,Camden County College,221821290,686500,,200 College Drive,Blackwood,NJ,08012,https://www.camdencc.edu/,1360,7591,1,1,44,60,3604314,4629833,81916.23,77163.88,110286.9382,94108.42955,100,261,92,169,0.206896552,0.049808429,0.034482759,0.48,0.714285714,0.605263158,0.0,0.071428571,0.039473684,0.0,0.0,0.013157895,0.0,0.071428571,0.026315789,0.0,0,0.075803083,1.0,0.128700129,0.473938235
183974,Centenary University,221500484,259900,,400 Jefferson St,Hackettstown,NJ,07840,www.centenaryuniversity.edu/,352,1453,4,0,24,33,1640124,2182869,68338.5,66147.55,110286.9382,94108.42955,100,161,64,97,0.055900621,0.049689441,0.00621118,0.625,0.5,0.454545455,0.0,0.0,0.0,0.0,0.055555556,0.0,0.0,0.0,0.0,0.666666667,0.445037828,0.075803083,1.0,0.667556742,0.473938235
184180,County College of Morris,221817724,772900,,214 Center Grove Rd,Randolph,NJ,07869-2086,www.ccm.edu/,1077,6069,1,0,56,76,4812572,6156619,85938.79,81008.14,110286.9382,94108.42955,100,270,94,176,0.051851852,0.203703704,0.048148148,0.407407407,0.595744681,0.523809524,0.074074074,0.021276596,0.028571429,0.037037037,0.021276596,0.019047619,0.074074074,0.0,0.047619048,0.0,0,0.075803083,1.0,0.171291538,0.473938235
184348,Drew University,221487164,260300,,36 Madison Ave,Madison,NJ,07940,www.drew.edu/,536,2226,4,0,69,77,6123206,6567978,88742.12,85298.42,110286.9382,94108.42955,100,217,86,131,0.055299539,0.064516129,0.013824885,0.517857143,0.391304348,0.465909091,0.017857143,0.0,0.011363636,0.017857143,0.065217391,0.022727273,0.035714286,0.043478261,0.045454545,0.0,0,0.075803083,3.666666667,1.752708732,0.473938235
184481,Essex County College,221821292,710700,Essex,303 University Ave,Newark,NJ,07102,www.essex.edu/,1045,6790,1,1,43,40,4020194,3436305,93492.88,85907.62,110286.9382,94108.42955,100,411,155,256,0.525547445,0.282238443,0.01946472,0.5,0.45,0.490909091,0.1875,0.2,0.163636364,0.0625,0.05,0.054545455,0.0,0.1,0.072727273,0.0,0,0.075803083,0.0,0,0.473938235
184603,Fairleigh Dickinson University-Metropolitan Campus,221494434,260700,FDU,1000 River Rd,Teaneck,NJ,07666,https://www.fdu.edu/,1321,7607,3,0,71,65,6642614,5689613,93557.94,87532.51,110286.9382,94108.42955,100,457,192,265,0.098468271,0.170678337,0.083150985,0.378378378,0.444444444,0.338983051,0.0,0.0,0.0,0.027027027,0.037037037,0.033898305,0.108108108,0.111111111,0.084745763,0.0,0,0.075803083,0.666666667,0.09151224,0.473938235
184612,Felician University,221912028,261000,,262 S Main St,Lodi,NJ,07644,https://www.felician.edu/,570,2236,4,1,28,57,2171201,4840364,77542.89,84918.67,110286.9382,94108.42955,100,198,72,126,0.126262626,0.171717172,0.025252525,0.416666667,0.535714286,0.0,0.083333333,0.035714286,0.0,0.0,0.071428571,0.0,0.083333333,0.035714286,0.0,0.0,0,0.075803083,1.0,0.465549348,0.473938235
184694,Fairleigh Dickinson University-Florham Campus,221494434,260701,FDU,285 Madison Ave,Madison,NJ,07940,https://www.fdu.edu/,835,2778,3,0,70,86,6532993,7935019,93328.47,92267.66,110286.9382,94108.42955,100,259,107,152,0.104247104,0.088803089,0.034749035,0.333333333,0.604166667,0.415584416,0.0,0.020833333,0.012987013,0.025641026,0.0,0.012987013,0.051282051,0.125,0.103896104,0.666666667,0.23615539,0.075803083,1.0,0.354233085,0.473938235
184773,Georgian Court University,210634981,260800,,900 Lakewood Ave,Lakewood,NJ,08701-2697,https://georgian.edu/,503,1910,4,0,29,59,2148611,4399931,74090.03,74575.1,110286.9382,94108.42955,100,170,56,114,0.076470588,0.094117647,0.017647059,0.684210526,0.655172414,0.630434783,0.0,0.068965517,0.02173913,0.0,0.034482759,0.02173913,0.052631579,0.137931034,0.086956522,0.666666667,0.339789331,0.075803083,2.0,1.019367992,0.473938235
184782,Rowan University,222764819,260900,Rowan College of New Jersey   Glassboro State College,201 Mullica Hill Road,Glassboro,NJ,08028,https://www.rowan.edu/,5326,19660,1,1,299,306,32236419,29978519,107814.11,97969.02,110286.9382,94108.42955,100,2194,834,1360,0.14402917,0.08887876,0.034639927,0.348993289,0.514893617,0.438040346,0.0,0.042553191,0.017291066,0.013422819,0.029787234,0.025936599,0.046979866,0.068085106,0.057636888,0.0,0,0.075803083,83.0,4.248784233,0.473938235
184791,Rowan College of South Jersey-Gloucester Campus,226088440,690100,RCSJ - Gloucester Campus,1400 Tanyard Road,Sewell,NJ,08080,rcsj.edu/,926,5390,1,0,24,54,1926124,3601005,80255.17,66685.28,110286.9382,94108.42955,100,327,125,202,0.128440367,0.027522936,0.021406728,0.8,0.666666667,0.615384615,0.0,0.0,0.038461538,0.0,0.0,0.0,0.0,0.066666667,0.038461538,0.0,0,0.075803083,0.333333333,0.061263248,0.473938235
184995,Hudson County Community College,222045990,1295400,HCCC,70 Sip Avenue,Jersey City,NJ,07306,www.hccc.edu/,1270,7229,1,0,49,53,3591519,3853256,73296.31,72702.94,110286.9382,94108.42955,100,548,201,347,0.155109489,0.355839416,0.155109489,0.5,0.411764706,0.492307692,0.055555556,0.0,0.061538462,0.055555556,0.0,0.030769231,0.0,0.058823529,0.030769231,0.0,0,0.075803083,0.0,0,0.473938235
185129,New Jersey City University,222830882,261300,,2039 Kennedy Blvd,Jersey City,NJ,07305,www.njcu.edu/,1422,5833,1,1,80,76,9796045,9286175,122450.56,122186.51,110286.9382,94108.42955,100,474,176,298,0.284810127,0.261603376,0.084388186,0.508196721,0.430769231,0.496,0.098360656,0.030769231,0.08,0.0,0.061538462,0.04,0.114754098,0.061538462,0.104,0.0,0,0.075803083,2.333333333,0.356833359,0.473938235
185262,Kean University,222960726,262200,Kean,1000 Morris Avenue,Union,NJ,07083,https://www.kean.edu/,3087,13352,1,1,148,222,15540698,22557190,105004.72,101608.96,110286.9382,94108.42955,100,642,220,422,0.255451713,0.210280374,0.070093458,0.618181818,0.472222222,0.535714286,0.036363636,0.041666667,0.028571429,0.054545455,0.013888889,0.028571429,0.090909091,0.138888889,0.121428571,6.0,0.465693884,0.075803083,2.333333333,0.181103177,0.473938235
185509,Mercer County Community College,221804242,474000,,1200 Old Trenton Rd,West Windsor,NJ,08550-3407,www.mccc.edu/,715,6219,1,0,50,56,4535288,4738945,90705.76,84624.02,110286.9382,94108.42955,100,454,214,240,0.22246696,0.037444934,0.057268722,0.5,0.428571429,0.487804878,0.051724138,0.095238095,0.073170732,0.0,0.0,0.0,0.051724138,0.0,0.036585366,3.333333333,0.572639295,0.075803083,0.333333333,0.057263929,0.473938235
185536,Middlesex College,221769370,261500,,2600 Woodbridge Avenue,Edison,NJ,08837,www.middlesexcollege.edu/,1478,11471,1,1,65,68,6477793,6829669,99658.35,100436.31,110286.9382,94108.42955,100,604,227,377,0.102649007,0.245033113,0.09602649,0.585365854,0.451612903,0.482142857,0.024390244,0.0,0.017857143,0.024390244,0.032258065,0.026785714,0.073170732,0.096774194,0.0625,0.0,0,0.075803083,0.333333333,0.034237195,0.473938235
185572,Monmouth University,210634584,261600,,400 Cedar Ave,West Long Branch,NJ,07764-1898,https://www.monmouth.edu/,1474,4981,3,0,125,146,13293041,13767820,106344.33,94300.14,110286.9382,94108.42955,100,610,274,336,0.085245902,0.055737705,0.024590164,0.468085106,0.548387097,0.525179856,0.0,0.021505376,0.014388489,0.021276596,0.021505376,0.021582734,0.085106383,0.075268817,0.079136691,0.0,0,0.075803083,4.333333333,0.862011803,0.473938235
185590,Montclair State University,222912682,261700,,1 Normal Avenue,Montclair,NJ,07043-1624,www.montclair.edu/,5456,22570,1,1,322,352,38912744,40592145,120847.03,115318.59,110286.9382,94108.42955,100,1560,536,1024,0.144230769,0.156410256,0.051282051,0.471428571,0.508849558,0.49321267,0.023809524,0.044247788,0.033936652,0.038095238,0.039823009,0.038461538,0.085714286,0.07079646,0.07918552,2.666666667,0.122414004,0.075803083,17.0,0.780389277,0.473938235
185828,New Jersey Institute of Technology,226000910,262100,NJIT,University Heights,Newark,NJ,07102,https://www.njit.edu/,3188,13007,1,0,380,134,51651357,14539911,135924.62,108506.8,110286.9382,94108.42955,100,1113,550,563,0.222821204,0.137466307,0.090745732,0.105263158,0.211009174,0.154506438,0.015037594,0.0,0.008583691,0.0,0.009174312,0.004291845,0.030075188,0.091743119,0.060085837,0.0,0,0.075803083,3.0,0.243269543,0.473938235
185873,Ocean County College,221757756,262400,OCC,College Drive,Toms River,NJ,08754-2001,www.ocean.edu/,1367,7429,1,1,43,56,3412670,4424977,79364.42,79017.45,110286.9382,94108.42955,100,363,125,238,0.03030303,0.066115702,0.016528926,0.714285714,0.571428571,0.607142857,0.0,0.0,0.0,0.0,0.142857143,0.035714286,0.0,0.0,0.0,0.666666667,0.092772985,0.075803083,0.333333333,0.046386492,0.473938235
186034,Passaic County Community College,221907901,999400,PCCC,One College Blvd,Paterson,NJ,07505-1179,https://web.pccc.edu/,719,5165,1,1,27,49,2487953,4258476,92146.41,86907.67,110286.9382,94108.42955,100,755,306,449,0.210596026,0.336423841,0.039735099,0.533333333,0.727272727,0.6,0.066666667,0.090909091,0.107692308,0.0,0.090909091,0.046153846,0.066666667,0.045454545,0.030769231,0.0,0,0.075803083,0.0,0,0.473938235
186122,Princeton Theological Seminary,210635010,262600,"Princeton Seminary, PTS",64 Mercer St,Princeton,NJ,08542-0803,www.ptsem.edu/,125,287,4,0,22,12,2911278,1432477,132330.82,119373.08,110286.9382,94108.42955,100,198,77,121,0.181818182,0.085858586,0.106060606,0.1875,0.5,0.321428571,0.0625,0.083333333,0.071428571,0.0,0.0,0.0,0.0,0.083333333,0.035714286,0.0,0,0.075803083,0.0,0,0.473938235
186131,Princeton University,210634501,262700,,1 Nassau Hall,Princeton,NJ,08544-0070,www.princeton.edu/,2344,8922,3,1,651,401,152897590,74492914,234865.73,185767.87,110286.9382,94108.42955,100,6024,3025,2999,0.111387782,0.076361222,0.097775564,0.275390625,0.47107438,0.312796209,0.021484375,0.016528926,0.020537125,0.009765625,0.016528926,0.011058452,0.0234375,0.074380165,0.033175355,0.666666667,0.075397723,0.075803083,4.0,0.452386338,0.473938235
186201,Ramapo College of New Jersey,521558006,934400,,505 Ramapo Valley Rd,Mahwah,NJ,07430-1680,www.ramapo.edu/,1458,5521,1,0,90,100,10738060,11525069,119311.78,115250.69,110286.9382,94108.42955,100,396,160,236,0.106060606,0.133838384,0.037878788,0.439393939,0.551282051,0.493506494,0.015151515,0.025641026,0.025974026,0.03030303,0.064102564,0.051948052,0.075757576,0.08974359,0.077922078,0.666666667,0.121698917,0.075803083,3.666666667,0.669344043,0.473938235
186283,Rider University,210650678,262800,,2083 Lawrenceville Road,Lawrenceville,NJ,08648-3099,www.rider.edu/,1227,4083,3,0,87,74,9554659,7867529,109823.67,106317.96,110286.9382,94108.42955,100,471,171,300,0.095541401,0.076433121,0.057324841,0.367647059,0.5,0.412698413,0.014705882,0.032258065,0.023809524,0.014705882,0.0,0.007936508,0.029411765,0.080645161,0.055555556,1.333333333,0.328893274,0.075803083,4.333333333,1.068903141,0.473938235
186371,Rutgers University-Camden,226001086,262901,"Rutgers, The State University of New Jersey; Rutgers, The State University; Rutgers University; Rutgers U; Rutgers; Rutgers–Camden; Rutgers, Camden; Rutgers Camden",406 Penn Street,Camden,NJ,08102,https://camden.rutgers.edu/,1840,5776,1,1,167,144,25167391,18576194,150702.94,129001.35,110286.9382,94108.42955,100,604,203,401,0.127483444,0.104304636,0.029801325,0.333333333,0.544642857,0.409090909,0.03125,0.008928571,0.022727273,0.020833333,0.017857143,0.022727273,0.0,0.026785714,0.017045455,0.0,0,0.075803083,7.666666667,1.285059783,0.473938235
186380,Rutgers University-New Brunswick,226001086,262900,"Rutgers, The State University of New Jersey; Rutgers, The State University; Rutgers University; Rutgers U; Rutgers; Rutgers–New Brunswick; Rutgers, New Brunswick; Rutgers New Brunswick",83 Somerset St,New Brunswick,NJ,08901-1281,https://newbrunswick.rutgers.edu/,13533,50617,1,1,1171,1144,191052231,157798612,163153.06,137935.85,110286.9382,94108.42955,100,13918,4900,9018,0.121856589,0.106552666,0.081261676,0.330097087,0.529875986,0.379532635,0.015004413,0.03156708,0.018533441,0.009708738,0.033821871,0.016921837,0.046778464,0.077790304,0.042707494,6.666666667,0.131656035,0.075803083,44.66666667,0.882095437,0.473938235
186399,Rutgers University-Newark,226001086,262902,"Rutgers, The State University of New Jersey; Rutgers, The State University; Rutgers University; Rutgers U; Rutgers; Rutgers–Newark; Rutgers, Newark; Rutgers Newark","249 University Avenue, Blumenthal Hall",Newark,NJ,07102,https://www.newark.rutgers.edu/,3234,10809,1,1,339,241,57843511,36504313,170629.83,151470.18,110286.9382,94108.42955,100,982,382,600,0.198574338,0.155804481,0.049898167,0.351485149,0.470930233,0.38590604,0.014851485,0.034883721,0.016778523,0.004950495,0.023255814,0.013422819,0.03960396,0.034883721,0.043624161,1.333333333,0.121025082,0.075803083,15.66666667,1.422044719,0.473938235
186432,Saint Peter's University,221508627,263800,"Saint Peter's, SPU",2641 Kennedy Blvd,Jersey City,NJ,07306-5997,www.saintpeters.edu/,871,3673,4,0,54,51,4468176,4129420,82744.0,80969.02,110286.9382,94108.42955,100,267,110,157,0.172284644,0.224719101,0.08988764,0.458333333,0.58974359,0.515625,0.0,0.051282051,0.03125,0.083333333,0.025641026,0.03125,0.0,0.025641026,0.03125,0.0,0,0.075803083,0.333333333,0.09718173,0.473938235
186469,Salem Community College,221972013,546100,Salem County College|SCC|Salem College,460 Hollywood Avenue,Carneys Point,NJ,08069-2799,https://www.salemcc.edu/,242,1094,1,0,6,13,405285,870669,67547.5,66974.54,110286.9382,94108.42955,100,114,50,64,0.105263158,0.061403509,0.00877193,0.0,0.571428571,0.6,0.0,0.0,0.1,0.0,0.0,0.0,0.0,0.0,0.0,0.0,0,0.075803083,0.0,0,0.473938235
186584,Seton Hall University,221500645,263200,,400 S Orange Ave,South Orange,NJ,07079-2697,https://www.shu.edu/,2551,9494,4,0,232,214,25043421,22431899,107945.78,104821.96,110286.9382,94108.42955,100,824,337,487,0.174757282,0.128640777,0.053398058,0.41025641,0.464566929,0.429951691,0.017094017,0.007874016,0.009661836,0.017094017,0.023622047,0.019323671,0.051282051,0.05511811,0.062801932,2.0,0.207835394,0.075803083,5.333333333,0.554227718,0.473938235
186618,Saint Elizabeth University,221529785,260000,SEU,2 Convent Road,Morristown,NJ,07960,www.steu.edu/,336,1009,4,0,15,36,1114618,2658793,74307.87,73855.36,110286.9382,94108.42955,100,134,51,83,0.253731343,0.111940299,0.052238806,0.428571429,0.75,0.636363636,0.0,0.0,0.0,0.0,0.0,0.0,0.0,0.125,0.090909091,0.0,0,0.075803083,0.0,0,0.473938235
186645,Raritan Valley Community College,221815636,773100,RVCC,118 Lamington Road,Branchburg,NJ,08876,https://www.raritanval.edu/,940,6587,1,1,52,67,4355885,5705188,83767.02,85152.06,110286.9382,94108.42955,100,394,138,256,0.126903553,0.154822335,0.068527919,0.65,0.5,0.558139535,0.025,0.03125,0.023255814,0.0,0.03125,0.011627907,0.025,0.0625,0.034883721,0.0,0,0.075803083,0.666666667,0.105468544,0.473938235
186867,Stevens Institute of Technology,22148735,263900,Stevens,Castle Point On Hudson,Hoboken,NJ,07030-5991,www.stevens.edu/,3399,8842,3,0,247,101,39002379,14118867,157904.37,139790.76,110286.9382,94108.42955,100,866,408,458,0.073903002,0.14665127,0.105080831,0.151898734,0.254716981,0.219047619,0.0,0.0,0.0,0.0,0.0,0.0,0.050632911,0.066037736,0.076190476,0.0,0,0.075803083,1.666666667,0.178942094,0.473938235
186876,Stockton University,222832788,934500,,101 Vera King Farris Drive,Galloway,NJ,08205-9441,https://www.stockton.edu/,2462,8788,1,0,151,191,16203380,20148622,107307.15,105490.17,110286.9382,94108.42955,100,759,323,436,0.146245059,0.117259552,0.022397892,0.505376344,0.586466165,0.54893617,0.053763441,0.030075188,0.038297872,0.0,0.015037594,0.008510638,0.075268817,0.082706767,0.076595745,3.333333333,0.367107195,0.075803083,16.66666667,1.835535977,0.473938235
187134,The College of New Jersey,222797398,264200,TCNJ,2000 Pennington Road,Ewing,NJ,08628-7718,https://www.tcnj.edu/,2148,7652,1,0,157,208,18632201,24325552,118676.44,116949.77,110286.9382,94108.42955,100,641,235,406,0.115444618,0.090483619,0.046801872,0.58125,0.527559055,0.561797753,0.0375,0.070866142,0.04494382,0.01875,0.039370079,0.02247191,0.0875,0.070866142,0.078651685,0.0,0,0.075803083,7.0,0.917551448,0.473938235
187198,"UCNJ Union College of Union County, NJ",221515225,264300,,1033 Springfield Avenue,Cranford,NJ,07016-1528,https://www.ucc.edu/,1460,8081,1,0,27,48,2898294,4725098,107344.22,98439.54,110286.9382,94108.42955,100,420,182,238,0.211904762,0.24047619,0.047619048,0.55,0.72,0.630136986,0.075,0.12,0.109589041,0.0,0.04,0.02739726,0.075,0.04,0.082191781,0.0,0,0.075803083,0.0,0,0.473938235
187444,William Paterson University of New Jersey,222781603,262500,,300 Pompton Rd,Wayne,NJ,07470,www.wpunj.edu/,2765,9426,1,1,127,148,16586229,18093639,130600.23,122254.32,110286.9382,94108.42955,100,535,247,288,0.168224299,0.201869159,0.057943925,0.496774194,0.538461538,0.506849315,0.019354839,0.061538462,0.03196347,0.012903226,0.061538462,0.02739726,0.090322581,0.092307692,0.086757991,10.0,1.102535832,0.075803083,9.333333333,1.029033444,0.473938235
187596,Navajo Technical University,850303705,2357600,Navajo Tech,"Lower Point Road, State Road 371",Crownpoint,NM,87313-0849,www.navajotech.edu/,162,1544,1,1,54,33,3170247,1985901,58708.28,60178.82,110286.9382,94108.42955,100,192,81,111,0.015625,0.0,0.0,0.6,0.315789474,0.0,0.0,0.0,0.0,0.0,0.052631579,0.0,0.0,0.0,0.0,0.0,0,0.075803083,0.0,0,0.473938235
187620,New Mexico State University-Dona Ana,856000401,265702,NMSU-Dona Ana,2800 N. Sonoma Ranch Blvd.,Las Cruces,NM,88011,dacc.nmsu.edu/,1092,6849,1,0,59,63,4152224,4748200,70376.68,75368.25,110286.9382,94108.42955,100,216,63,153,0.018518519,0.75,0.009259259,0.594594595,0.526315789,0.575757576,0.0,0.052631579,0.03030303,0.297297297,0.105263158,0.212121212,0.0,0.052631579,0.015151515,0.666666667,0.100070049,0.075803083,7.333333333,1.100770539,0.473938235
187648,Eastern New Mexico University-Main Campus,856000286,265100,ENMU-Portales,"ENMU Station 2, 1500 S Ave K",Portales,NM,88130,www.enmu.edu/,1283,5386,1,1,72,88,5543257,6120722,76989.68,69553.66,110286.9382,94108.42955,100,353,165,188,0.033994334,0.317280453,0.008498584,0.346153846,0.366666667,0.385964912,0.0,0.0,0.0,0.038461538,0.033333333,0.035087719,0.0,0.0,0.0,0.0,0,0.075803083,0.0,0,0.473938235
187666,Eastern New Mexico University-Roswell Campus,850400208,265101,,52 University Blvd,Roswell,NM,88203-6000,www.roswell.enmu.edu/,479,2044,1,1,23,37,1432167,2179611,62268.13,58908.41,110286.9382,94108.42955,100,188,84,104,0.010638298,0.632978723,0.0,0.0,0.0,0.523809524,0.0,0.0,0.047619048,0.0,0.0,0.095238095,0.0,0.0,0.0,0.0,0,0.075803083,1.666666667,0.897988506,0.473938235
187745,Institute of American Indian and Alaska Native Culture and Arts Development,850365964,2146400,Institute of American Indian Arts,83 Avan Nu Po Road,Santa Fe,NM,87508-1300,https://iaia.edu/,66,831,1,0,12,15,819352,967562,68279.33,64504.13,110286.9382,94108.42955,100,80,29,51,0.0125,0.1375,0.025,1.0,0.2,0.0,0.0,0.0,0.0,0.0,0.0,0.0,0.0,0.0,0.0,0.0,0,0.075803083,0.666666667,0.768049155,0.473938235
187897,New Mexico Highlands University,856000406,265300,,803 University Ave,Las Vegas,NM,87701,www.nmhu.edu/,807,2814,1,0,73,64,4484015,4890876,61424.86,76419.94,110286.9382,94108.42955,100,468,219,249,0.02991453,0.63034188,0.010683761,0.413793103,0.466666667,0.450980392,0.034482759,0.0,0.019607843,0.034482759,0.133333333,0.117647059,0.034482759,0.033333333,0.019607843,0.0,0,0.075803083,1.666666667,0.622587474,0.473938235
187903,New Mexico Junior College,850193990,265500,,5317 Lovington Hwy,Hobbs,NM,88240,www.nmjc.edu/,341,2118,1,0,36,38,2976625,4100062,82684.03,107896.37,110286.9382,94108.42955,100,187,69,118,0.026737968,0.502673797,0.0,0.513513514,0.0,0.0,0.0,0.0,0.0,0.094594595,0.0,0.0,0.013513514,0.0,0.0,0.0,0,0.075803083,1.333333333,0.598444045,0.473938235
187912,New Mexico Military Institute,856000408,265600,NMMI,101 W.  College Blvd.,Roswell,NM,88201-5173,https://www.nmmi.edu/,125,459,1,0,50,33,3778818,2626754,75576.36,79598.61,110286.9382,94108.42955,100,242,127,115,0.033057851,0.380165289,0.012396694,0.3,0.52,0.5,0.0,0.0,0.0,0.0,0.08,0.117647059,0.0,0.12,0.058823529,0.0,0,0.075803083,0.0,0,0.473938235
187958,University of New Mexico-Gallup Campus,856000642,266301,UNM-Gallup,705 Gurley Ave.,Gallup,NM,87301,www.gallup.unm.edu/,325,1677,1,1,27,31,2009470,2273006,74424.81,73322.77,110286.9382,94108.42955,100,71,23,48,0.014084507,0.211267606,0.014084507,0.333333333,0.529411765,0.5,0.0,0.0,0.0,0.0,0.117647059,0.1,0.333333333,0.058823529,0.1,0.0,0,0.075803083,0.0,0,0.473938235
187967,New Mexico Institute of Mining and Technology,856000411,265400,New Mexico Tech,801 Leroy Place,Socorro,NM,87801,www.nmt.edu/,349,1713,1,1,109,37,10211628,2908742,93684.66,78614.65,110286.9382,94108.42955,100,511,231,280,0.021526419,0.409001957,0.017612524,0.170731707,0.181818182,0.178571429,0.0,0.0,0.0,0.0,0.0,0.0,0.0,0.045454545,0.023809524,0.0,0,0.075803083,1.666666667,0.986777186,0.473938235
187985,University of New Mexico-Main Campus,856000642,266300,UNM,1700 Lomas Blvd NE,Albuquerque,NM,87131,www.unm.edu/,4860,22700,1,1,545,548,61124622,56196984,112155.27,102549.24,110286.9382,94108.42955,100,4945,1623,3322,0.019817998,0.420020222,0.031749242,0.422310757,0.53384913,0.419504644,0.015936255,0.015473888,0.015479876,0.061752988,0.090909091,0.066563467,0.045816733,0.054158607,0.043343653,26.0,1.184348381,0.075803083,43.0,1.958730014,0.473938235
187994,New Mexico State University-Alamogordo,856000401,265701,NMSU-Alamogordo,2400 North Scenic Drive,Alamogordo,NM,88310,alamogordo.nmsu.edu/,82,1088,1,0,13,14,929432,1088587,71494.77,77756.21,110286.9382,94108.42955,100,52,23,29,0.019230769,0.365384615,0.0,0.636363636,0.833333333,0.727272727,0.0,0.0,0.0,0.181818182,0.333333333,0.272727273,0.0,0.166666667,0.0,0.0,0,0.075803083,0.0,0,0.473938235
188021,New Mexico State University-Grants,856000401,265704,NMSU-Grants,1500 Third Street,Grants,NM,87020-2025,grants.nmsu.edu/,83,834,1,1,9,5,562854,328716,62539.33,65743.2,110286.9382,94108.42955,100,31,13,18,0.032258065,0.451612903,0.0,0.5,0.5,0.428571429,0.0,0.0,0.0,0.0,0.0,0.0,0.0,0.0,0.0,0.0,0,0.075803083,0.0,0,0.473938235
188030,New Mexico State University-Main Campus,856000401,265700,NMSU,2850 Weddell Street,Las Cruces,NM,88003-8001,www.nmsu.edu/,3102,14779,1,1,343,332,35116448,28640896,102380.31,86267.76,110286.9382,94108.42955,100,2052,817,1235,0.021442495,0.480506823,0.024366472,0.37037037,0.45,0.369822485,0.0,0.011111111,0.0,0.087962963,0.116666667,0.085798817,0.018518519,0.027777778,0.026627219,0.666666667,0.046724605,0.075803083,7.333333333,0.513970657,0.473938235
188049,University of New Mexico-Valencia County Campus,856000642,266302,UNM - Valencia,280 La Entrada,Los Lunas,NM,87031-7633,valencia.unm.edu/,114,1309,1,0,18,18,1103093,1170680,61282.94,65037.78,110286.9382,94108.42955,100,81,28,53,0.024691358,0.641975309,0.012345679,1.0,0.2,0.428571429,0.0,0.0,0.0,0.0,0.2,0.142857143,0.5,0.0,0.142857143,0.0,0,0.075803083,0.0,0,0.473938235
188058,Northern New Mexico College,856000545,2083900,,921 Paseo de Onate,Espanola,NM,87532,https://nnmc.edu/,211,1310,1,0,21,27,1417279,1824497,67489.48,67573.96,110286.9382,94108.42955,100,142,56,86,0.021126761,0.443661972,0.014084507,0.0,0.785714286,0.785714286,0.0,0.0,0.0,0.0,0.357142857,0.357142857,0.0,0.0,0.0,0.0,0,0.075803083,0.0,0,0.473938235
188100,San Juan College,850295969,266000,SJC | San Juan Community College | SJCC,4601 College Blvd,Farmington,NM,87402-4699,www.sanjuancollege.edu/,1629,6196,1,1,78,63,5252405,4428756,67338.53,70297.71,110286.9382,94108.42955,100,549,189,360,0.005464481,0.183970856,0.012750455,0.5,0.470588235,0.0,0.0,0.0,0.0,0.0,0.0,0.0,0.0,0.0,0.0,0.0,0,0.075803083,0.666666667,0.122234446,0.473938235
188137,Santa Fe Community College,850311615,2278100,SFCC,6401 Richards Ave,Santa Fe,NM,87508-4887,https://www.sfcc.edu/,501,3478,1,1,36,29,2440645,1888383,67795.69,65116.66,110286.9382,94108.42955,100,319,113,206,0.006269592,0.545454545,0.015673981,0.333333333,0.428571429,0.0,0.0,0.0,0.0,0.0,0.142857143,0.0,0.0,0.0,0.0,0.0,0,0.075803083,0.0,0,0.473938235
188182,University of the Southwest,850164940,265000,USW,6610 North Lovington Hwy,Hobbs,NM,88240,https://www.usw.edu/,290,1034,3,0,11,14,538500,565001,48954.55,40357.21,110286.9382,94108.42955,100,56,23,33,0.0,0.303571429,0.0,0.2,0.333333333,0.0,0.0,0.0,0.0,0.0,0.0,0.0,0.0,0.0,0.0,0.0,0,0.075803083,0.0,0,0.473938235
188225,University of New Mexico-Taos Campus,856000642,266304,UNM - Taos,1157 County Road 110,Ranchos de Taos,NM,87557,taos.unm.edu/,107,854,1,1,7,17,410882,1131136,58697.43,66537.41,110286.9382,94108.42955,100,71,19,52,0.0,0.577464789,0.0,0.0,0.333333333,0.333333333,0.0,0.0,0.0,0.0,0.0,0.0,0.0,0.0,0.0,0.0,0,0.075803083,0.0,0,0.473938235
188304,Western New Mexico University,856000543,266400,,1000 W. College Ave,Silver City,NM,88061,www.wnmu.edu/,769,3570,1,1,47,56,3662401,4056533,77923.43,72438.09,110286.9382,94108.42955,100,305,113,192,0.026229508,0.445901639,0.006557377,0.535714286,0.538461538,0.489361702,0.0,0.0,0.0,0.107142857,0.038461538,0.063829787,0.035714286,0.038461538,0.042553191,0.0,0,0.075803083,0.666666667,0.197355437,0.473938235
188340,Vaughn College of Aeronautics and Technology,110461385,266500,,86-01 23rd Avenue,Flushing,NY,11369,www.vaughn.edu/,363,1212,3,0,28,8,2308925,731803,82461.61,91475.38,110286.9382,94108.42955,100,172,95,77,0.168604651,0.261627907,0.13372093,0.333333333,0.4,0.416666667,0.0,0.0,0.0,0.0,0.0,0.0,0.166666667,0.1,0.083333333,0.0,0,0.075803083,0.333333333,0.280819994,0.473938235
188429,Adelphi University,111630741,266600,,1 South Ave,Garden City,NY,11530-0701,www.adelphi.edu/,2252,7406,3,0,155,172,19134082,19792577,123445.69,115073.12,110286.9382,94108.42955,100,714,222,492,0.100840336,0.147058824,0.06302521,0.484848485,0.544117647,0.487804878,0.01010101,0.036764706,0.029268293,0.03030303,0.036764706,0.034146341,0.131313131,0.073529412,0.102439024,0.666666667,0.091928663,0.075803083,3.666666667,0.505607648,0.473938235
188438,SUNY Adirondack,146013244,286000,SUNY Adirondack,640 Bay Rd,Queensbury,NY,12804,www.sunyacc.edu/,445,2723,1,1,36,42,2590900,2777292,71969.44,66126.0,110286.9382,94108.42955,100,277,126,151,0.0433213,0.036101083,0.010830325,0.517241379,0.352941176,0.456140351,0.0,0.0,0.0,0.0,0.0,0.0,0.034482759,0.0,0.01754386,0.0,0,0.075803083,0.666666667,0.250438267,0.473938235
188526,Albany College of Pharmacy and Health Sciences,141423161,288500,,106 New Scotland Avenue,Albany,NY,12208-3492,www.acphs.edu/,259,875,3,0,37,34,3778208,3437526,102113.73,101103.71,110286.9382,94108.42955,100,185,66,119,0.118918919,0.027027027,0.037837838,0.636363636,0.342857143,0.28,0.0,0.0,0.0,0.0,0.0,0.0,0.090909091,0.057142857,0.04,0.666666667,0.716845878,0.075803083,1.0,1.075268817,0.473938235
188535,Albany Law School,141338309,288600,,80 New Scotland Avenue,Albany,NY,12208,www.albanylaw.edu/,196,628,3,0,19,23,2807393,2911749,147757.53,126597.78,110286.9382,94108.42955,100,80,21,59,0.0625,0.05,0.0125,0.461538462,0.666666667,0.416666667,0.0,0.166666667,0.0,0.0,0.0,0.0,0.0,0.166666667,0.0,0.0,0,0.075803083,0.0,0,0.473938235
188641,Alfred University,160743900,266800,,One Saxon Drive,Alfred,NY,14802-1205,www.alfred.edu/,640,1843,3,0,85,67,6443635,4387904,75807.47,65491.1,110286.9382,94108.42955,100,383,167,216,0.023498695,0.033942559,0.018276762,0.428571429,0.448275862,0.418918919,0.0,0.0,0.0,0.0,0.0,0.0,0.0,0.0,0.0,0.0,0,0.075803083,0.333333333,0.183857327,0.473938235
189088,Bard College,141713034,267100,,Annandale Road,Annandale-On-Hudson,NY,12504-5000,www.bard.edu/,711,2922,3,0,114,105,13159567,11233854,115434.8,106989.09,110286.9382,94108.42955,100,570,222,348,0.073684211,0.021052632,0.047368421,0.326923077,0.457831325,0.413461538,0.0,0.036144578,0.009615385,0.0,0.012048193,0.009615385,0.038461538,0.012048193,0.019230769,0.0,0,0.075803083,3.333333333,1.2318305,0.473938235
189097,Barnard College,131628149,270800,Barnard,3009 Broadway,New York,NY,10027-6598,www.barnard.edu/,755,3353,3,0,98,189,14369741,25406195,146630.01,134424.31,110286.9382,94108.42955,100,749,248,501,0.26034713,0.148197597,0.089452603,0.584158416,0.566666667,0.561983471,0.04950495,0.1,0.05785124,0.01980198,0.0,0.016528926,0.079207921,0.033333333,0.066115702,0.666666667,0.193685842,0.075803083,1.333333333,0.387371683,0.473938235
189282,Mount Sinai Phillips School of Nursing,135564934,643800,,148 East 126th Street,New York,NY,10035-6354,www.pson.edu/,150,273,3,0,2,7,250000,770000,125000.0,110000.0,110286.9382,94108.42955,100,15,6,9,0.133333333,0.466666667,0.066666667,1.0,1.0,0.0,0.0,0.0,0.0,0.0,0.0,0.0,1.0,0.0,0.0,0.0,0,0.075803083,0.0,0,0.473938235
189413,Boricua College,510175975,1302900,,3755 Broadway,New York,NY,10032-1560,https://www.boricuacollege.edu/,128,479,3,0,11,14,679700,838480,61790.91,59891.43,110286.9382,94108.42955,100,89,38,51,0.168539326,0.808988764,0.02247191,0.5,0.5,0.0,0.0,0.0,0.0,0.25,0.375,0.0,0.0,0.0,0.0,0.0,0,0.075803083,0.0,0,0.473938235
189501,Brooklyn Law School,237227990,267700,,250 Joralemon St,Brooklyn,NY,11201,www.brooklaw.edu/,389,1174,3,0,27,41,4746601,5825946,175800.04,142096.24,110286.9382,94108.42955,100,126,49,77,0.222222222,0.198412698,0.055555556,0.545454545,0.6,0.5,0.0,0.1,0.0,0.0,0.0,0.0,0.03030303,0.1,0.033333333,0.0,0,0.075803083,1.666666667,1.377410468,0.473938235
189547,SUNY Broome Community College,161393336,286200,,907 Upper Front Street,Binghamton,NY,13901-1001,www.sunybroome.edu/,700,5429,1,1,47,85,3654742,5977554,77760.47,70324.16,110286.9382,94108.42955,100,318,121,197,0.028301887,0.028301887,0.034591195,0.5,0.783783784,0.601851852,0.0,0.0,0.0,0.03125,0.0,0.018518519,0.0,0.054054054,0.018518519,0.0,0,0.075803083,1.333333333,0.246502742,0.473938235
189705,Canisius University,160743942,268100,Canisius,2001 Main Street,Buffalo,NY,14208-1098,https://www.canisius.edu/,738,2545,4,0,73,53,6034363,3974467,82662.51,74989.94,110286.9382,94108.42955,100,254,116,138,0.141732283,0.019685039,0.0,0.318181818,0.404255319,0.352272727,0.0,0.0,0.0,0.0,0.0,0.0,0.022727273,0.021276596,0.022727273,0.0,0,0.075803083,1.333333333,0.535045479,0.473938235
189839,Cayuga County Community College,156007451,286100,Cayuga Community College,197 Franklin Street,Auburn,NY,13021-3099,https://www.cayuga-cc.edu/,250,3451,1,1,17,20,1492283,1676174,87781.35,83808.7,110286.9382,94108.42955,100,148,54,94,0.013513514,0.0,0.013513514,0.47826087,0.8,0.5,0.0,0.0,0.0,0.0,0.0,0.0,0.043478261,0.0,0.033333333,0.0,0,0.075803083,0.0,0,0.473938235
190044,Clarkson University,150543659,269900,,8 Clarkson Ave,Potsdam,NY,13699,https://www.clarkson.edu/,1082,3603,3,0,147,94,15147783,8403540,103046.14,89399.36,110286.9382,94108.42955,100,414,200,214,0.026570048,0.024154589,0.019323671,0.268656716,0.387096774,0.271028037,0.0,0.0,0.0,0.0,0.0,0.0,0.029850746,0.064516129,0.056074766,0.666666667,0.179259658,0.075803083,3.0,0.806668459,0.473938235
190053,Clinton Community College,142981033,678700,,136 Clinton Point Dr.,Plattsburgh,NY,12901,https://www.clinton.edu/,96,1015,1,0,6,14,356572,952310,59428.67,68022.14,110286.9382,94108.42955,100,58,23,35,0.0,0.017241379,0.0,0.818181818,0.6,0.75,0.0,0.0,0.0,0.0,0.0,0.0,0.0,0.0,0.0,0.0,0,0.075803083,0.0,0,0.473938235
190099,Colgate University,150532078,270100,,13 Oak Drive,Hamilton,NY,13346-1398,https://www.colgate.edu/,756,3146,3,0,184,163,21663368,18115412,117735.7,111137.5,110286.9382,94108.42955,100,701,299,402,0.054208274,0.019971469,0.019971469,0.412371134,0.471264368,0.440217391,0.030927835,0.011494253,0.02173913,0.010309278,0.08045977,0.043478261,0.041237113,0.091954023,0.065217391,0.0,0,0.075803083,1.666666667,0.530616576,0.473938235
190114,Metropolitan College of New York,136192377,976900,MCNY,60 West Street,New York,NY,10006-1742,https://www.mcny.edu/,232,663,3,0,10,9,752539,776844,75253.9,86316.0,110286.9382,94108.42955,100,67,28,39,0.417910448,0.194029851,0.044776119,0.571428571,0.375,0.0,0.0,0.125,0.0,0.142857143,0.0,0.0,0.285714286,0.0,0.0,0.0,0,0.075803083,0.0,0,0.473938235
190150,Columbia University in the City of New York,603800000,270700,Columbia University,West 116 St and Broadway,New York,NY,10027,www.columbia.edu/,16141,35279,3,0,1027,657,211264659,110301468,205710.48,167886.56,110286.9382,94108.42955,100,15623,6225,9398,0.122511681,0.240094732,0.130448697,0.326988443,0.478580171,0.308474576,0.021074099,0.029375765,0.021186441,0.012916383,0.036719706,0.011016949,0.045547247,0.11750306,0.043220339,7.333333333,0.210837023,0.075803083,19.33333333,0.555843061,0.473938235
190169,Columbia-Greene Community College,141504452,678900,,4400 Route 23,Hudson,NY,12534,https://www.sunycgcc.edu/,218,1696,1,1,13,19,769110,1144958,59162.31,60260.95,110286.9382,94108.42955,100,103,45,58,0.038834951,0.029126214,0.009708738,0.6,0.666666667,0.64,0.1,0.0,0.04,0.0,0.0,0.0,0.0,0.0,0.0,0.0,0,0.075803083,0.0,0,0.473938235
190372,The Cooper Union for the Advancement of Science and Art,135562985,271000,The Cooper Union,7 East 7th Street,New York,NY,10003-7120,https://www.cooper.edu/,206,983,3,0,31,26,4091327,2978179,131978.29,114545.35,110286.9382,94108.42955,100,217,99,118,0.064516129,0.110599078,0.110599078,0.269230769,0.4,0.323529412,0.0,0.0,0.0,0.0,0.0,0.0,0.038461538,0.0,0.029411765,0.0,0,0.075803083,0.0,0,0.473938235
190415,Cornell University,150532082,271100,,300 Day Hall,Ithaca,NY,14853,www.cornell.edu/,8310,26264,3,0,1150,824,202072016,119664012,175714.8,145223.32,110286.9382,94108.42955,100,9635,3933,5702,0.041203944,0.051894136,0.064452517,0.290862291,0.431372549,0.32,0.01029601,0.022058824,0.011428571,0.01029601,0.024509804,0.016190476,0.037323037,0.049019608,0.040952381,0.666666667,0.025742014,0.075803083,34.33333333,1.325713697,0.473938235
190442,SUNY Corning Community College,160820515,286300,,1 Academic Dr,Corning,NY,14830,https://www.corning-cc.edu/,358,3637,1,0,32,30,2264197,2085683,70756.16,69522.77,110286.9382,94108.42955,100,149,67,82,0.053691275,0.006711409,0.0,0.533333333,0.0,0.425,0.0,0.0,0.0,0.0,0.0,0.0,0.066666667,0.0,0.05,0.0,0,0.075803083,0.0,0,0.473938235
190503,Culinary Institute of America,60653264,730400,The Culinary Institute of America   CIA  The Culinary Institute of America at Greystone  The Culinary Institute of America at San Antonio,1946 Campus Drive,Hyde Park,NY,12538-1499,www.ciachef.edu/,1023,3104,3,0,87,51,9608942,5253661,110447.61,103012.96,110286.9382,94108.42955,100,509,215,294,0.039292731,0.123772102,0.049115914,0.285714286,0.452380952,0.0,0.0,0.023809524,0.0,0.0,0.0,0.0,0.028571429,0.023809524,0.0,0.0,0,0.075803083,2.666666667,0.853606487,0.473938235
190512,CUNY Bernard M Baruch College,690210638,727300,Baruch | Baruch College,One Bernard Baruch Way (55 Lexington Ave at 24th St),New York,NY,10010,www.baruch.cuny.edu/,5316,19698,1,0,314,215,35880130,23899978,114267.93,111162.69,110286.9382,94108.42955,100,1233,476,757,0.201135442,0.233576642,0.227899432,0.362068966,0.425373134,0.39047619,0.017241379,0.007462687,0.019047619,0.017241379,0.037313433,0.025396825,0.028735632,0.111940299,0.057142857,0.0,0,0.075803083,0.333333333,0.016789228,0.473938235
190521,CUNY Borough of Manhattan Community College,136400434,269100,BMCC | Borough of Manhattan CC | Borough of Manhattan Community College,199 Chambers St,New York,NY,10007,www.bmcc.cuny.edu/,3406,18225,1,1,247,295,25447012,30015207,103024.34,101746.46,110286.9382,94108.42955,100,1331,534,797,0.314049587,0.280991736,0.129226146,0.516556291,0.56097561,0.537313433,0.046357616,0.054878049,0.069651741,0.072847682,0.091463415,0.084577114,0.079470199,0.097560976,0.082089552,0.666666667,0.038217534,0.075803083,2.0,0.114652603,0.473938235
190530,CUNY Bronx Community College,136017865,269200,BCC | Bronx CC | Bronx Community College,2155 University Avenue,Bronx,NY,10453,www.bcc.cuny.edu/,1213,6465,1,1,133,114,14295257,11935699,107483.14,104699.11,110286.9382,94108.42955,100,670,298,372,0.362686567,0.464179104,0.043283582,0.444444444,0.5,0.451923077,0.044444444,0.051282051,0.052884615,0.055555556,0.102564103,0.076923077,0.044444444,0.102564103,0.057692308,0.0,0,0.075803083,0.0,0,0.473938235
190549,CUNY Brooklyn College,133893536,268700,Brooklyn | Brooklyn College,2900 Bedford Ave,Brooklyn,NY,11210,www.brooklyn.cuny.edu/,3496,13935,1,1,227,213,26829269,23576898,118190.61,110689.66,110286.9382,94108.42955,100,1095,444,651,0.318721461,0.166210046,0.131506849,0.413612565,0.480620155,0.455587393,0.02617801,0.023255814,0.028653295,0.036649215,0.031007752,0.034383954,0.068062827,0.100775194,0.080229226,0.666666667,0.046964894,0.075803083,0.0,0,0.473938235
190558,College of Staten Island CUNY,132547180,269800,Staten Island | CSI | College of Staten Island,2800 Victory Blvd,Staten Island,NY,10314,www.csi.cuny.edu/,2111,10736,1,1,177,157,20688418,17205179,116883.72,109587.13,110286.9382,94108.42955,100,864,385,479,0.091435185,0.130787037,0.090277778,0.372413793,0.494845361,0.433460076,0.020689655,0.010309278,0.015209125,0.034482759,0.0,0.022813688,0.075862069,0.12371134,0.095057034,0.666666667,0.065053344,0.075803083,2.0,0.195160031,0.473938235
190567,CUNY City College,136400434,268800,City | City College | CCNY | City College of New York,160 Convent Ave,New York,NY,10031,www.ccny.cuny.edu/,3049,15012,1,1,308,186,37376459,21218793,121352.14,114079.53,110286.9382,94108.42955,100,1428,672,756,0.262605042,0.266806723,0.174369748,0.360153257,0.403726708,0.366028708,0.045977011,0.049689441,0.033492823,0.045977011,0.074534161,0.052631579,0.045977011,0.049689441,0.045454545,1.333333333,0.092023834,0.075803083,0.0,0,0.473938235
190576,CUNY Graduate School and University Center,132505695,476500,The Graduate Center | CUNY Graduate Center | The Graduate Center of the City University of New York,365 Fifth Ave,New York,NY,10016,www.gc.cuny.edu/,2644,9116,1,1,122,123,15394295,14989396,126182.75,121865.01,110286.9382,94108.42955,100,1079,390,689,0.183503244,0.200185357,0.155699722,0.473684211,0.6,0.48447205,0.065789474,0.072727273,0.043478261,0.032894737,0.036363636,0.02484472,0.026315789,0.109090909,0.031055901,0.0,0,0.075803083,0.0,0,0.473938235
190585,CUNY Hostos Community College,136400434,861100,Hostos | Hostos CC | Hostos Community College,500 Grand Concourse,Bronx,NY,10451,www.hostos.cuny.edu/,723,5526,1,1,73,89,7502322,8907578,102771.53,100085.15,110286.9382,94108.42955,100,594,245,349,0.250841751,0.516835017,0.050505051,0.555555556,0.536585366,0.525862069,0.044444444,0.073170732,0.060344828,0.2,0.146341463,0.198275862,0.044444444,0.024390244,0.043103448,0.666666667,0.135943448,0.075803083,0.333333333,0.067971724,0.473938235
190594,CUNY Hunter College,136001027,268900,Hunter | Hunter College,695 Park Ave,New York,NY,10065,www.hunter.cuny.edu/,5511,22879,1,1,294,334,34497250,37653793,117337.59,112735.91,110286.9382,94108.42955,100,1464,607,857,0.179644809,0.262295082,0.18715847,0.511278195,0.468208092,0.498881432,0.037593985,0.057803468,0.03803132,0.067669173,0.092485549,0.080536913,0.045112782,0.080924855,0.067114094,2.0,0.087070091,0.075803083,1.333333333,0.058046728,0.473938235
190600,CUNY John Jay College of Criminal Justice,132553815,269300,John Jay | John Jay College of Criminal Justice,524 W 59th St,New York,NY,10019,www.jjay.cuny.edu/,3891,13510,1,1,211,203,23484403,21576197,111300.49,106286.68,110286.9382,94108.42955,100,1066,390,676,0.239212008,0.310506567,0.118198874,0.466101695,0.430656934,0.454849498,0.033898305,0.04379562,0.046822742,0.042372881,0.080291971,0.056856187,0.118644068,0.01459854,0.063545151,4.0,0.28733568,0.075803083,3.333333333,0.2394464,0.473938235
190619,CUNY Kingsborough Community College,131988190,269400,KCC | KBCC | Kingsborough CC | Kingsborough Community College,2001 Oriental Blvd,Brooklyn,NY,11235,www.kbcc.cuny.edu/,1616,19070,1,1,157,161,16176763,16249641,103036.71,100929.45,110286.9382,94108.42955,100,833,317,516,0.271308523,0.181272509,0.098439376,0.488372093,0.603448276,0.479262673,0.023255814,0.068965517,0.059907834,0.023255814,0.068965517,0.032258065,0.046511628,0.068965517,0.041474654,0.0,0,0.075803083,0.666666667,0.044320347,0.473938235
190628,CUNY LaGuardia Community College,136400434,1005100,LaGuardia | LaGuardia CC | LaGuardia Community College,31-10 Thomson Ave,Long Island City,NY,11101,www.lagcc.cuny.edu/,1923,13998,1,1,157,206,17427766,22518198,111004.88,109311.64,110286.9382,94108.42955,100,1213,478,735,0.178895301,0.352019786,0.155812036,0.559322034,0.555555556,0.556701031,0.04519774,0.050505051,0.054982818,0.06779661,0.050505051,0.079037801,0.118644068,0.080808081,0.092783505,2.0,0.153092468,0.075803083,1.333333333,0.102061645,0.473938235
190637,CUNY Lehman College,133893536,702200,Lehman | Lehman College,250 Bedford Park Blvd West,Bronx,NY,10468,www.lehman.edu/,3241,12894,1,1,173,223,19049725,23151623,110114.02,103818.94,110286.9382,94108.42955,100,935,367,568,0.24171123,0.440641711,0.099465241,0.414141414,0.570093458,0.523012552,0.050505051,0.102803738,0.079497908,0.01010101,0.074766355,0.037656904,0.02020202,0.018691589,0.029288703,0.0,0,0.075803083,0.333333333,0.025611474,0.473938235
190646,CUNY Medgar Evers College,133893536,1009700,Medgar | MEC | Medgar Evers | Medgar Evers College,1650 Bedford Ave,Brooklyn,NY,11225,https://www.mec.cuny.edu/,750,3846,1,1,72,67,7845345,6993958,108963.12,104387.43,110286.9382,94108.42955,100,448,187,261,0.774553571,0.111607143,0.042410714,0.428571429,0.448275862,0.419354839,0.19047619,0.24137931,0.247311828,0.047619048,0.034482759,0.032258065,0.071428571,0.034482759,0.032258065,0.0,0,0.075803083,0.0,0,0.473938235
190655,CUNY New York City College of Technology,133893536,269600,City Tech | NYCCT | New York City College of Technology | New York Technical College,300 Jay St,Brooklyn,NY,11201,www.citytech.cuny.edu/,2332,13767,1,1,196,183,21096952,19386111,107637.51,105935.03,110286.9382,94108.42955,100,784,355,429,0.364795918,0.266581633,0.118622449,0.474747475,0.468085106,0.451505017,0.060606061,0.035460993,0.053511706,0.050505051,0.035460993,0.036789298,0.111111111,0.078014184,0.08361204,0.0,0,0.075803083,2.666666667,0.20376455,0.473938235
190664,CUNY Queens College,133893536,269000,Queens | Queens College,65-30 Kissena Blvd,Queens,NY,11367,https://www.qc.cuny.edu/,4031,16481,1,1,312,295,34869657,30847414,111761.72,104567.51,110286.9382,94108.42955,100,1066,396,670,0.166041276,0.216697936,0.240150094,0.38,0.521126761,0.457711443,0.015,0.028169014,0.019900498,0.055,0.035211268,0.042288557,0.065,0.098591549,0.084577114,13.33333333,0.784267592,0.075803083,3.0,0.176460208,0.473938235
190673,CUNY Queensborough Community College,136400434,269700,QCC | Queensborough CC | Queensborough Community College,222-05 56th Ave,Bayside,NY,11364-1497,www.qcc.cuny.edu/,1364,10251,1,0,171,187,17990489,19802930,105207.54,105898.02,110286.9382,94108.42955,100,788,308,480,0.189086294,0.203045685,0.209390863,0.578313253,0.490066225,0.506666667,0.048192771,0.066225166,0.056666667,0.036144578,0.046357616,0.036666667,0.084337349,0.052980132,0.066666667,0.666666667,0.069640308,0.075803083,1.333333333,0.139280616,0.473938235
190682,CUNY School of Law,136400434,3191300,CUNY Law,2 Court Square,Long Island City,NY,11101,https://www.law.cuny.edu/,206,681,1,0,18,38,2815110,5667301,156395.0,149139.5,110286.9382,94108.42955,100,139,46,93,0.223021583,0.179856115,0.18705036,0.633333333,0.692307692,0.62962963,0.1,0.076923077,0.111111111,0.1,0.076923077,0.074074074,0.1,0.307692308,0.111111111,0.0,0,0.075803083,0.333333333,0.476871722,0.473938235
190691,CUNY York College,133893536,475900,York | York College,94-20 Guy R. Brewer Blvd,Jamaica,NY,11451,www.york.cuny.edu/,1055,6161,1,1,97,109,10430654,11292225,107532.52,103598.39,110286.9382,94108.42955,100,565,236,329,0.461946903,0.187610619,0.187610619,0.507936508,0.480769231,0.44,0.111111111,0.076923077,0.088,0.047619048,0.076923077,0.056,0.063492063,0.076923077,0.056,0.0,0,0.075803083,0.0,0,0.473938235
190716,D'Youville  University,160743989,271200,,320 Porter Ave,Buffalo,NY,14201-1084,www.dyu.edu/,722,2544,3,0,50,90,4010865,6837824,80217.3,75975.82,110286.9382,94108.42955,100,213,76,137,0.070422535,0.014084507,0.018779343,0.6,0.614035088,0.583333333,0.0,0.0,0.0,0.0,0.01754386,0.016666667,0.0,0.035087719,0.033333333,1.333333333,0.529520784,0.075803083,1.666666667,0.66190098,0.473938235
190725,Daemen University,160759798,280800,,4380 Main St,Amherst,NY,14226-3592,www.daemen.edu/,877,2625,3,0,41,88,3059548,6379684,74623.12,72496.41,110286.9382,94108.42955,100,239,78,161,0.117154812,0.046025105,0.008368201,0.555555556,0.615384615,0.593220339,0.0,0.0,0.0,0.0,0.019230769,0.016949153,0.0,0.0,0.0,0.0,0,0.075803083,2.666666667,1.009336361,0.473938235
190761,Dominican University New York,131967322,271300,Dominican University New York,470 Western Highway,Orangeburg,NY,10962-1210,www.duny.edu/,441,1378,3,0,24,44,1847188,3406400,76966.17,77418.18,110286.9382,94108.42955,100,186,72,114,0.064516129,0.096774194,0.043010753,1.0,0.636363636,0.675,0.0,0.045454545,0.025,0.0,0.0,0.025,0.0,0.045454545,0.025,0.0,0,0.075803083,3.333333333,2.369106847,0.473938235
190840,Dutchess Community College,146012314,286400,DCC|Dutchess,53 Pendell Rd,Poughkeepsie,NY,12601-1595,https://www.sunydutchess.edu/,754,6387,1,1,47,58,4552452,5516005,96860.68,95103.53,110286.9382,94108.42955,100,339,136,203,0.088495575,0.091445428,0.008849558,0.548387097,0.625,0.551724138,0.0,0.041666667,0.022988506,0.0,0.0,0.022988506,0.064516129,0.041666667,0.034482759,0.0,0,0.075803083,1.0,0.141904356,0.473938235
190983,Elmira College,160743996,271800,EC,One Park Place,Elmira,NY,14901,https://www.elmira.edu/,199,657,3,0,20,31,1223091,1757707,61154.55,56700.23,110286.9382,94108.42955,100,171,91,80,0.046783626,0.035087719,0.0,0.6,0.454545455,0.44,0.0,0.0,0.0,0.0,0.0,0.0,0.0,0.0,0.0,0.0,0,0.075803083,0.0,0,0.473938235
191083,Erie Community College,113682643,1068400,,121 Ellicott St,Buffalo,NY,14203-2698,www.ecc.edu/,1130,7618,1,1,108,106,7518707,6919891,69617.66,65281.99,110286.9382,94108.42955,100,333,141,192,0.111111111,0.018018018,0.012012012,0.5,0.473684211,0.5,0.040816327,0.052631579,0.036458333,0.010204082,0.052631579,0.015625,0.010204082,0.052631579,0.015625,0.0,0,0.075803083,0.0,0,0.473938235
191126,Fashion Institute of Technology,132556338,286600,FIT,227 W 27th St,New York,NY,10001-5992,www.fitnyc.edu/,3687,8108,1,0,86,119,10142607,13160861,117937.29,110595.47,110286.9382,94108.42955,100,674,254,420,0.182492582,0.143916914,0.068249258,0.517241379,0.555555556,0.562130178,0.0,0.0,0.017751479,0.0,0.031746032,0.017751479,0.0,0.047619048,0.029585799,0.0,0,0.075803083,1.0,0.123076923,0.473938235
191199,Finger Lakes Community College,161336614,753200,,3325 Marvin Sands Drive,Canandaigua,NY,14424-8395,www.flcc.edu/,622,5457,1,1,53,50,3865266,3454771,72929.55,69095.42,110286.9382,94108.42955,100,275,118,157,0.025454545,0.0,0.0,0.447368421,0.565217391,0.477777778,0.0,0.0,0.0,0.0,0.0,0.0,0.0,0.0,0.0,0.0,0,0.075803083,2.0,0.375164134,0.473938235
191241,Fordham University,131740451,272200,,441 E Fordham Rd,Bronx,NY,10458,https://www.fordham.edu/,5368,16153,4,0,383,339,56226201,44778402,146804.7,132089.68,110286.9382,94108.42955,100,1581,731,850,0.101834282,0.237824162,0.063251107,0.369294606,0.49197861,0.418224299,0.012448133,0.053475936,0.025700935,0.01659751,0.026737968,0.021028037,0.049792531,0.101604278,0.070093458,0.0,0,0.075803083,6.666666667,0.402673754,0.473938235
191302,Fulton-Montgomery Community College,166002650,286700,FMCC,2805 State Hwy 67,Johnstown,NY,12095-3790,www.fmcc.edu/,262,1761,1,1,16,15,1349864,1153696,84366.5,76913.07,110286.9382,94108.42955,100,101,43,58,0.00990099,0.01980198,0.02970297,0.2,0.333333333,0.464285714,0.0,0.0,0.0,0.0,0.0,0.071428571,0.0,0.0,0.0,0.0,0,0.075803083,0.0,0,0.473938235
191339,Genesee Community College,160920402,678200,GCC,One College Rd,Batavia,NY,14020-9704,https://www.genesee.edu/,506,4288,1,1,22,46,1530117,3054524,69550.77,66402.7,110286.9382,94108.42955,100,232,72,160,0.034482759,0.025862069,0.004310345,0.727272727,0.625,0.0,0.0,0.0,0.0,0.045454545,0.0,0.0,0.0,0.0,0.0,0.0,0,0.075803083,0.333333333,0.077106947,0.473938235
191515,Hamilton College,150532200,272800,,198 College Hill Rd,Clinton,NY,13323,https://www.hamilton.edu/,500,2048,3,0,99,117,11412350,12518495,115276.26,106995.68,110286.9382,94108.42955,100,533,248,285,0.03564728,0.024390244,0.016885553,0.423728814,0.591836735,0.5,0.0,0.020408163,0.009615385,0.033898305,0.020408163,0.028846154,0.0,0.081632653,0.038461538,0.0,0,0.075803083,1.666666667,0.804375804,0.473938235
191533,Hartwick College,150533561,272900,,One Hartwick Drive,Oneonta,NY,13820-4020,www.hartwick.edu/,252,1113,3,0,44,51,3055995,3676552,69454.43,72089.25,110286.9382,94108.42955,100,214,96,118,0.03271028,0.046728972,0.009345794,0.419354839,0.454545455,0.433962264,0.0,0.0,0.0,0.0,0.0,0.0,0.0,0.136363636,0.056603774,0.0,0,0.075803083,4.0,3.626473255,0.473938235
191597,Helene Fuld College of Nursing,133705284,1015300,HFCN,24 East 120th Street,New York,NY,10035-2737,https://www.helenefuld.edu/,202,722,3,0,7,12,929247,1731250,132749.57,144270.83,110286.9382,94108.42955,100,29,9,20,0.310344828,0.275862069,0.137931034,0.666666667,0.625,0.0,0.333333333,0.375,0.0,0.0,0.125,0.0,0.333333333,0.125,0.0,0.0,0,0.075803083,0.0,0,0.473938235
191612,Herkimer County Community College,160919625,478800,Herkimer College,100 Reservoir Rd,Herkimer,NY,13350-1598,www.herkimer.edu/,337,1863,1,0,22,21,1331481,1221998,60521.86,58190.38,110286.9382,94108.42955,100,144,64,80,0.0,0.0,0.0,0.454545455,0.777777778,0.444444444,0.0,0.111111111,0.027777778,0.0,0.0,0.0,0.0,0.0,0.027777778,0.0,0,0.075803083,0.0,0,0.473938235
191621,Hilbert College,166031585,273500,Hilbert,5200 S Park Ave,Hamburg,NY,14075-1597,www.hilbert.edu/,155,973,4,0,22,16,1429709,991934,64986.77,61995.88,110286.9382,94108.42955,100,102,42,60,0.039215686,0.009803922,0.0,0.333333333,0.5,0.375,0.0,0.0,0.0,0.0,0.0,0.0,0.0,0.0,0.0,0.666666667,0.760167237,0.075803083,2.0,2.28050171,0.473938235
191630,Hobart William Smith Colleges,160743040,273100,,337 Pulteney Street,Geneva,NY,14456,www.hws.edu/,397,1669,3,0,95,83,8169127,7271183,85990.81,87604.61,110286.9382,94108.42955,100,396,196,200,0.03030303,0.002525253,0.025252525,0.5,0.47761194,0.5,0.0,0.029850746,0.015384615,0.015151515,0.0,0.007692308,0.03030303,0.059701493,0.046153846,0.0,0,0.075803083,14.66666667,9.126737191,0.473938235
191649,Hofstra University,111630906,273200,,100 Hofstra University,Hempstead,NY,11549,www.hofstra.edu/,2910,10393,3,1,254,224,34814091,28067120,137063.35,125299.64,110286.9382,94108.42955,100,1202,499,703,0.114808652,0.132279534,0.049084859,0.416267943,0.411042945,0.400611621,0.004784689,0.030674847,0.009174312,0.009569378,0.012269939,0.006116208,0.028708134,0.073619632,0.04587156,0.666666667,0.065116885,0.075803083,8.666666667,0.846519503,0.473938235
191676,Houghton University,160743045,273400,Houghton University,1 Willard Ave,Houghton,NY,14744,www.houghton.edu/,228,1014,4,0,33,20,1987111,1098839,60215.48,54941.95,110286.9382,94108.42955,100,119,58,61,0.042016807,0.0,0.0,0.269230769,0.583333333,0.269230769,0.0,0.0,0.0,0.0,0.0,0.0,0.0,0.083333333,0.0,0.0,0,0.075803083,0.666666667,0.800320128,0.473938235
191719,Hudson Valley Community College,146009464,286800,,80 Vandenburgh Ave,Troy,NY,12180,www.hvcc.edu/,1435,9443,1,1,89,113,6024988,7456443,67696.49,65986.22,110286.9382,94108.42955,100,426,212,214,0.110328638,0.007042254,0.021126761,0.545454545,0.694444444,0.54491018,0.060606061,0.055555556,0.041916168,0.0,0.027777778,0.005988024,0.03030303,0.055555556,0.023952096,0.0,0,0.075803083,1.333333333,0.14587892,0.473938235
191931,Iona University,133508093,273700,,715 North Ave,New Rochelle,NY,10801-1890,www.iona.edu/,830,3720,4,0,84,78,8116224,7257422,96621.71,93043.87,110286.9382,94108.42955,100,508,249,259,0.147637795,0.179133858,0.035433071,0.236842105,0.575757576,0.457142857,0.0,0.060606061,0.038095238,0.0,0.03030303,0.019047619,0.0,0.136363636,0.085714286,0.0,0,0.075803083,1.333333333,0.368222406,0.473938235
191968,Ithaca College,150532204,273900,,953 Danby Road,Ithaca,NY,14850-7002,www.ithaca.edu/,1449,4828,3,0,185,201,15922486,17748602,86067.49,88301.5,110286.9382,94108.42955,100,794,403,391,0.071788413,0.062972292,0.011335013,0.519607843,0.506578947,0.506437768,0.009803922,0.006578947,0.008583691,0.029411765,0.039473684,0.034334764,0.019607843,0.013157895,0.017167382,4.0,0.791452315,0.075803083,10.66666667,2.110539507,0.473938235
191986,Jamestown Community College,166002650,286900,,525 Falconer St,Jamestown,NY,14701,https://www.sunyjcc.edu/,506,3772,1,0,22,26,1476127,1719265,67096.68,66125.58,110286.9382,94108.42955,100,177,55,122,0.011299435,0.02259887,0.011299435,0.636363636,0.5,0.514285714,0.0,0.0,0.0,0.0,0.0,0.0,0.0,0.0,0.0,0.0,0,0.075803083,2.666666667,0.709975151,0.473938235
192022,Jefferson Community College,223065812,287000,,1220 Coffeen St,Watertown,NY,13601-1897,https://www.sunyjefferson.edu/,348,2252,1,1,26,24,1848599,1522248,71099.96,63427.0,110286.9382,94108.42955,100,128,47,81,0.0,0.046875,0.0078125,0.111111111,0.642857143,0.416666667,0.0,0.0,0.0,0.0,0.0,0.0,0.0,0.0,0.0,0.0,0,0.075803083,0.333333333,0.145433392,0.473938235
192040,Jewish Theological Seminary of America,130887640,274000,,3080 Broadway,New York,NY,10027-4649,www.jtsa.edu/,73,316,4,0,14,9,1770081,828332,126434.36,92036.89,110286.9382,94108.42955,100,133,57,76,0.135338346,0.120300752,0.007518797,0.181818182,0.25,0.2,0.0,0.0,0.0,0.0,0.0,0.0,0.0,0.0,0.0,0.0,0,0.075803083,0.0,0,0.473938235
192192,Keuka College,166054295,274400,,141 Central Avenue,Keuka Park,NY,14478,https://www.keuka.edu/,377,1284,3,0,17,31,1097348,2094650,64549.88,67569.35,110286.9382,94108.42955,100,164,61,103,0.006097561,0.018292683,0.006097561,0.636363636,0.733333333,0.652173913,0.0,0.066666667,0.043478261,0.0,0.0,0.0,0.0,0.0,0.0,3.333333333,2.666666667,0.075803083,3.666666667,2.933333333,0.473938235
192323,Le Moyne College,150545841,274800,,1419 Salt Springs Rd,Syracuse,NY,13214-1301,www.lemoyne.edu/,893,3154,4,0,95,86,8546493,7881046,89963.08,91640.07,110286.9382,94108.42955,100,366,146,220,0.073770492,0.032786885,0.024590164,0.411764706,0.484375,0.474226804,0.0,0.03125,0.010309278,0.019607843,0.015625,0.020618557,0.058823529,0.0625,0.072164948,1.333333333,0.416276408,0.075803083,2.0,0.624414611,0.473938235
192448,Long Island University,111633516,275100,,720 Northern Blvd,Brookville,NY,11548-1327,www.liu.edu/,3168,16322,3,0,163,199,19657702,22296576,120599.4,112043.1,110286.9382,94108.42955,100,723,328,395,0.131396957,0.073305671,0.071922545,0.403846154,0.536,0.429411765,0.019230769,0.048,0.029411765,0.0,0.032,0.011764706,0.086538462,0.072,0.076470588,0.666666667,0.042363009,0.075803083,5.0,0.317722565,0.473938235
192703,Manhattan College,131740468,275800,,4513 Manhattan College Parkway,Riverdale,NY,10471-4098,www.manhattan.edu/,989,3495,4,0,124,93,13599536,9603784,109673.68,103266.49,110286.9382,94108.42955,100,330,146,184,0.16969697,0.154545455,0.036363636,0.421052632,0.45,0.433333333,0.0,0.0,0.0,0.026315789,0.025,0.026666667,0.039473684,0.0625,0.046666667,0.0,0,0.075803083,0.666666667,0.186480186,0.473938235
192749,Manhattanville College,131740469,276000,,2900 Purchase St,Purchase,NY,10577,https://www.mville.edu/,737,2379,3,0,35,48,2902240,3892824,82921.14,81100.5,110286.9382,94108.42955,100,249,92,157,0.072289157,0.108433735,0.02811245,0.545454545,0.4,0.590909091,0.0,0.0,0.0,0.0,0.0,0.0,0.090909091,0.2,0.136363636,2.0,0.892857143,0.075803083,0.0,0,0.473938235
192785,Maria College of Albany,141463151,276300,,700 New Scotland Ave,Albany,NY,12208,www.mariacollege.edu/,246,752,4,0,7,34,633857,2801158,90551.0,82387.0,110286.9382,94108.42955,100,60,19,41,0.066666667,0.05,0.033333333,0.8,0.666666667,0.0,0.0,0.0,0.0,0.0,0.0,0.0,0.0,0.333333333,0.0,0.0,0,0.075803083,0.0,0,0.473938235
192819,Marist College,141442493,276500,,3399 North Rd,Poughkeepsie,NY,12601,www.marist.edu/,1773,6452,3,0,118,123,11917598,11545104,100996.59,93862.63,110286.9382,94108.42955,100,662,298,364,0.092145015,0.077039275,0.013595166,0.4,0.396825397,0.390243902,0.0,0.0,0.0,0.0,0.0,0.012195122,0.04,0.079365079,0.073170732,0.666666667,0.103135314,0.075803083,2.333333333,0.360973597,0.473938235
192864,Marymount Manhattan College,131628206,276900,MMC,221 E 71st St,New York,NY,10021-4597,www.mmm.edu/,330,1648,3,0,25,59,2041038,4927196,81641.52,83511.8,110286.9382,94108.42955,100,225,110,115,0.084444444,0.0,0.08,0.72,0.71875,0.719298246,0.0,0.03125,0.01754386,0.0,0.0,0.0,0.08,0.03125,0.052631579,0.0,0,0.075803083,0.0,0,0.473938235
193016,Mercy University,131967321,277200,Mercy,555 Broadway,Dobbs Ferry,NY,10522,https://www.mercy.edu/,2155,8774,3,0,82,145,7295857,13113622,88973.87,90438.77,110286.9382,94108.42955,100,500,160,340,0.158,0.24,0.064,0.6,0.538461538,0.534246575,0.057142857,0.046153846,0.054794521,0.0,0.015384615,0.01369863,0.085714286,0.092307692,0.123287671,0.0,0,0.075803083,0.0,0,0.473938235
193052,Mesivta Torah Vodaath Rabbinical Seminary,111633531,726400,,425 E 9th St,Brooklyn,NY,11218,independentrabbinicalcolleges.org/index.html,121,538,4,0,12,0,347789,0,28982.42,,110286.9382,94108.42955,100,12,8,4,0.0,0.083333333,0.0,0.0,0.0,0.0,0.0,0.0,0.0,0.0,0.0,0.0,0.0,0.0,0.0,0.0,0,0.075803083,0.0,0,0.473938235
193283,Mohawk Valley Community College,161020948,287100,MVCC,1101 Sherman Dr,Utica,NY,13501-5394,www.mvcc.edu/,816,5762,1,0,66,45,4519775,3028408,68481.44,67297.96,110286.9382,94108.42955,100,358,168,190,0.041899441,0.022346369,0.022346369,0.366666667,0.485714286,0.387096774,0.0,0.0,0.0,0.0,0.028571429,0.021505376,0.033333333,0.0,0.021505376,0.0,0,0.075803083,4.0,0.722152013,0.473938235
193292,Molloy College,111797182,277500,,1000 Hempstead Ave,Rockville Centre,NY,11571-5002,www.molloy.edu/,1272,4970,4,0,51,139,5104158,13972450,100081.53,100521.22,110286.9382,94108.42955,100,477,164,313,0.077568134,0.142557652,0.033542977,0.754716981,0.784313725,0.726415094,0.094339623,0.117647059,0.094339623,0.018867925,0.0,0.009433962,0.056603774,0.117647059,0.08490566,0.0,0,0.075803083,0.333333333,0.069343319,0.473938235
193326,Monroe Community College,160849590,287200,,1000 E Henrietta Rd,Rochester,NY,14623,www.monroecc.edu/,1382,8530,1,1,103,125,7265268,9073592,70536.58,72588.74,110286.9382,94108.42955,100,733,318,415,0.144611187,0.055934516,0.021828104,0.628865979,0.49122807,0.579234973,0.020618557,0.035087719,0.021857923,0.020618557,0.052631579,0.032786885,0.010309278,0.035087719,0.021857923,0.0,0,0.075803083,1.0,0.120729204,0.473938235
193353,Mount Saint Mary College,141468399,277800,The Mount/Mount Saint Mary College,330 Powell Avenue,Newburgh,NY,12550,www.msmc.edu/,445,2246,4,0,31,42,2689810,3455447,86768.06,82272.55,110286.9382,94108.42955,100,257,101,156,0.101167315,0.163424125,0.019455253,0.428571429,0.53125,0.448979592,0.0,0.03125,0.020408163,0.0,0.03125,0.0,0.0,0.0625,0.020408163,0.666666667,0.347584289,0.075803083,1.0,0.521376434,0.473938235
193399,University of Mount Saint Vincent,131740445,270300,UMSV,6301 Riverdale Avenue,Bronx,NY,10471-1093,www.mountsaintvincent.edu/,1091,3202,4,0,34,45,3000598,4200404,88252.88,93342.31,110286.9382,94108.42955,100,277,120,157,0.126353791,0.487364621,0.028880866,0.5,0.535714286,0.511627907,0.0,0.0,0.0,0.0,0.107142857,0.069767442,0.071428571,0.107142857,0.069767442,0.0,0,0.075803083,5.666666667,1.969644305,0.473938235
193478,Nassau Community College,116000463,287300,,One Education Dr,Garden City,NY,11530-6793,www.ncc.edu/,2078,11984,1,1,110,172,10728440,16572397,97531.27,96351.15,110286.9382,94108.42955,100,724,283,441,0.139502762,0.117403315,0.048342541,0.632352941,0.581818182,0.603375527,0.044117647,0.072727273,0.050632911,0.022058824,0.018181818,0.021097046,0.044117647,0.054545455,0.042194093,1.333333333,0.11114816,0.075803083,2.0,0.166722241,0.473938235
193584,Nazareth University,160743088,277900,,4245 East Ave,Rochester,NY,14618-3790,https://www2.naz.edu/,819,2439,3,0,71,101,5577732,7667380,78559.61,75914.65,110286.9382,94108.42955,100,276,106,170,0.097826087,0.043478261,0.028985507,0.529411765,0.645833333,0.522727273,0.014705882,0.020833333,0.022727273,0.029411765,0.0,0.022727273,0.044117647,0.041666667,0.045454545,0.0,0,0.075803083,3.0,1.189532117,0.473938235
193654,The New School,133297197,2066200,New School University; Parsons The New School for Design; New School for Social Research; Eugene Lang College; Mannes College; The New School for Drama; The New School for Jazz and Contemporary Music; The New School for Public Engagement,,New York,NY,10011,https://www.newschool.edu/,3050,9434,3,0,199,227,24532929,25816786,123281.05,113730.33,110286.9382,94108.42955,100,1009,414,595,0.200198216,0.17938553,0.091179386,0.435643564,0.525179856,0.444444444,0.00990099,0.028776978,0.0,0.02970297,0.035971223,0.02962963,0.04950495,0.09352518,0.059259259,0.0,0,0.075803083,0.666666667,0.06595436,0.473938235
193751,Northeast College of Health Sciences,131916574,1227700,,2360 State Route 89,Seneca Falls,NY,13148-0800,https://www.northeastcollege.edu/,167,528,3,0,19,16,1571455,1144462,82708.16,71528.88,110286.9382,94108.42955,100,117,38,79,0.034188034,0.025641026,0.0,0.25,0.545454545,0.0,0.125,0.0,0.0,0.0,0.0,0.0,0.0,0.0,0.0,0.0,0,0.075803083,0.333333333,0.604960678,0.473938235
193821,New York Law School,135645885,278300,,185 West Broadway,New York,NY,10013-2921,www.nyls.edu/,291,1056,3,0,23,25,4129751,4138510,179554.39,165540.4,110286.9382,94108.42955,100,122,43,79,0.180327869,0.155737705,0.147540984,0.451612903,0.5,0.538461538,0.032258065,0.25,0.038461538,0.032258065,0.0,0.038461538,0.032258065,0.0,0.038461538,0.0,0,0.075803083,0.0,0,0.473938235
193830,New York Medical College,131099420,278400,,Administration Building,Valhalla,NY,10595,https://www.nymc.edu/,419,1470,4,0,8,16,889111,1602122,111138.88,100132.62,110286.9382,94108.42955,100,390,165,225,0.1,0.143589744,0.094871795,0.254901961,0.34375,0.2,0.0,0.0,0.0,0.0,0.0,0.0,0.098039216,0.03125,0.0,0.0,0,0.075803083,0.0,0,0.473938235
193900,New York University,135562308,278500,,70 Washington Sq South,New York,NY,10012-1091,https://www.nyu.edu/,21571,57335,3,0,1668,1443,309013232,218762888,185259.73,151602.83,110286.9382,94108.42955,100,15108,4659,10449,0.156076251,0.204593593,0.149258671,0.324481865,0.467373573,0.361111111,0.023316062,0.022022838,0.024928775,0.017487047,0.017128874,0.020655271,0.059585492,0.099510604,0.060541311,3.333333333,0.056359619,0.075803083,15.33333333,0.25925425,0.473938235
193946,Niagara County Community College,160867332,287400,,3111 Saunders Settlement Rd,Sanborn,NY,14132,www.niagaracc.suny.edu/,646,4217,1,1,39,44,3309838,3656881,84867.64,83110.93,110286.9382,94108.42955,100,285,105,180,0.056140351,0.014035088,0.01754386,0.525,0.5,0.55,0.0,0.0,0.0,0.0,0.0,0.0,0.0,0.0,0.0,0.0,0,0.075803083,2.0,0.521104742,0.473938235
193973,Niagara University,160755807,278800,,Lewiston Road,Niagara University,NY,14109,www.niagara.edu/,1184,4221,4,0,91,100,8339422,8022559,91642.0,80225.59,110286.9382,94108.42955,100,388,157,231,0.056701031,0.025773196,0.012886598,0.357142857,0.46969697,0.411764706,0.0,0.03030303,0.019607843,0.0,0.03030303,0.019607843,0.023809524,0.015151515,0.019607843,0.0,0,0.075803083,4.333333333,1.123207189,0.473938235
194028,North Country Community College,141497536,711100,,23 Santanoni Avenue,Saranac Lake,NY,12983-0089,www.nccc.edu/,198,1615,1,0,14,28,809405,1653015,57814.64,59036.25,110286.9382,94108.42955,100,53,41,12,0.0,0.0,0.0,0.8,0.75,0.615384615,0.0,0.0,0.0,0.0,0.0,0.0,0.0,0.0,0.0,0.0,0,0.075803083,0.333333333,0.207813799,0.473938235
194073,New York College of Podiatric Medicine,131632522,274900,New York College of Podiatry; M.J. Lewi College of Podiatry; New York College of Podiatric Medicine,53 East 124 Street,New York,NY,10035-1940,www.nycpm.edu/,71,349,3,0,12,12,1665900,1676316,138825.0,139693.0,110286.9382,94108.42955,100,53,27,26,0.20754717,0.339622642,0.150943396,0.125,0.6,0.0,0.125,0.0,0.0,0.0,0.0,0.0,0.0,0.2,0.0,0.0,0,0.075803083,0.0,0,0.473938235
194091,New York Institute of Technology,111788788,278200,New York Tech,Northern Blvd,Old Westbury,NY,11568-8000,www.nyit.edu/,1745,6757,3,0,122,91,14952313,10152670,122559.94,111567.8,110286.9382,94108.42955,100,679,243,436,0.095729013,0.136966127,0.107511046,0.265306122,0.46835443,0.387596899,0.0,0.006329114,0.0,0.0,0.018987342,0.0,0.102040816,0.069620253,0.100775194,0.0,0,0.075803083,5.0,0.724008109,0.473938235
194222,Onondaga Community College,160973001,287500,OCC,4585 West Seneca Turnpike,Syracuse,NY,13215-4585,www.sunyocc.edu/,825,8112,1,1,52,62,3705359,4321605,71256.9,69703.31,110286.9382,94108.42955,100,413,195,218,0.118644068,0.03874092,0.026634383,0.489361702,0.636363636,0.523809524,0.021276596,0.0,0.011904762,0.0,0.0,0.0,0.021276596,0.0,0.011904762,0.0,0,0.075803083,11.0,1.50273224,0.473938235
194240,Orange County Community College,146004242,287600,SUNY Orange,115 South St,Middletown,NY,10940,https://sunyorange.edu/,638,5372,1,1,44,66,3950469,5731954,89783.39,86847.79,110286.9382,94108.42955,100,611,274,337,0.078559738,0.157119476,0.019639935,0.555555556,0.789473684,0.591397849,0.0,0.0,0.021505376,0.0,0.0,0.021505376,0.022222222,0.0,0.010752688,0.0,0,0.075803083,0.0,0,0.473938235
194310,Pace University,135562314,279100,Pace University,1 Pace Plaza,New York,NY,10038-1598,www.pace.edu/,3624,14092,3,0,211,276,25071978,31802260,118824.54,115225.58,110286.9382,94108.42955,100,1911,621,1290,0.113029827,0.118785976,0.05285191,0.502793296,0.643312102,0.551470588,0.016759777,0.063694268,0.036764706,0.0,0.044585987,0.011029412,0.05027933,0.063694268,0.0625,0.666666667,0.04898719,0.075803083,3.333333333,0.244935949,0.473938235
194392,Paul Smiths College of Arts and Science,150533545,279500,Paul Smith's College,7777 State Route 30,Paul Smiths,NY,12970-0265,https://www.paulsmiths.edu/,180,597,3,0,28,23,1436800,1147778,51314.29,49903.39,110286.9382,94108.42955,100,75,28,47,0.013333333,0.013333333,0.0,0.476190476,0.538461538,0.0,0.0,0.0,0.0,0.0,0.0,0.0,0.0,0.0,0.0,0.0,0,0.075803083,1.333333333,1.943634597,0.473938235
194578,Pratt Institute-Main,111630822,279800,Pratt Institute,200 Willoughby Ave,Brooklyn,NY,11205,https://www.pratt.edu/,1420,5232,3,0,84,100,9995893,10799735,118998.73,107997.35,110286.9382,94108.42955,100,664,316,348,0.24246988,0.188253012,0.096385542,0.5,0.44,0.469026549,0.023809524,0.0,0.017699115,0.011904762,0.02,0.017699115,0.011904762,0.06,0.026548673,0.0,0,0.075803083,1.666666667,0.303361243,0.473938235
194763,Rabbinical Seminary of America,111752021,397800,,76-01 147th St,Flushing,NY,11367,www.rabbinical.org/,92,601,4,0,15,0,575980,0,38398.67,,110286.9382,94108.42955,100,132,126,6,0.007575758,0.060606061,0.007575758,0.0,0.0,0.0,0.0,0.0,0.0,0.0,0.0,0.0,0.0,0.0,0.0,0.0,0,0.075803083,0.0,0,0.473938235
194824,Rensselaer Polytechnic Institute,141340095,280300,"RPI, Rensselaer",110 8th St,Troy,NY,12180-3590,www.rpi.edu/,1842,7024,3,0,328,127,41176526,13669564,125538.19,107634.36,110286.9382,94108.42955,100,1193,589,604,0.07627829,0.041911148,0.093880972,0.202453988,0.291666667,0.242990654,0.006134969,0.0,0.004672897,0.006134969,0.013888889,0.009345794,0.049079755,0.083333333,0.065420561,0.0,0,0.075803083,3.0,0.43053961,0.473938235
194958,Roberts Wesleyan University,160743126,280500,,2301 Westside Dr,Rochester,NY,14624,www.roberts.edu/,554,1619,4,0,31,58,2239490,3813747,72241.61,65754.26,110286.9382,94108.42955,100,198,84,114,0.060606061,0.045454545,0.03030303,0.407407407,0.666666667,0.525,0.0,0.037037037,0.025,0.0,0.0,0.0,0.0,0.0,0.0,0.0,0,0.075803083,0.666666667,0.423818606,0.473938235
195003,Rochester Institute of Technology,160743140,280600,RIT,1 Lomb Memorial Dr,Rochester,NY,14623-5603,www.rit.edu/,3351,16863,3,1,646,411,69158604,39110601,107056.66,95159.61,110286.9382,94108.42955,100,2737,1145,1592,0.088783339,0.05991962,0.033248082,0.31835206,0.357142857,0.345849802,0.003745318,0.015873016,0.009881423,0.007490637,0.01984127,0.013833992,0.052434457,0.067460317,0.061264822,0.666666667,0.040124386,0.075803083,13.33333333,0.802487712,0.473938235
195030,University of Rochester,263800000,289400,,Wilson Blvd. - Wallis Hall,Rochester,NY,14627-0011,https://www.rochester.edu/,3815,12160,3,0,481,334,69838935,36691137,145195.29,109853.7,110286.9382,94108.42955,100,6921,2689,4232,0.096662332,0.047825459,0.052449068,0.285917496,0.428380187,0.292020374,0.0056899,0.016064257,0.006791171,0.0056899,0.014725569,0.008488964,0.036984353,0.080321285,0.042444822,0.0,0,0.075803083,26.33333333,2.159000847,0.473938235
195058,Rockland Community College,133755303,287700,,145 College Rd,Suffern,NY,10901-3699,www.sunyrockland.edu/,718,5763,1,1,37,53,3260282,4746800,88115.73,89562.26,110286.9382,94108.42955,100,479,193,286,0.173277662,0.198329854,0.043841336,0.705882353,0.55,0.622641509,0.117647059,0.05,0.056603774,0.0,0.0,0.0,0.058823529,0.05,0.056603774,0.0,0,0.075803083,0.0,0,0.473938235
195128,Russell Sage College,141338488,281000,,65 1st Street,Troy,NY,12180,sage.edu/,670,2064,3,0,23,86,1386735,5136725,60292.83,59729.36,110286.9382,94108.42955,100,207,76,131,0.09178744,0.086956522,0.014492754,0.647058824,0.838709677,0.725,0.0,0.032258065,0.025,0.0,0.032258065,0.025,0.0,0.064516129,0.05,0.0,0,0.075803083,2.0,0.926354794,0.473938235
195164,St Bonaventure University,160743150,281700,St. Bona/Bonas,3261 W. State Road,Saint Bonaventure,NY,14778-9800,https://www.sbu.edu/,770,2603,4,0,85,80,6164489,5964558,72523.4,74556.98,110286.9382,94108.42955,100,354,174,180,0.033898305,0.016949153,0.008474576,0.266666667,0.352941176,0.369230769,0.0,0.0,0.0,0.033333333,0.0,0.015384615,0.033333333,0.029411765,0.030769231,0.0,0,0.075803083,4.333333333,1.665385601,0.473938235
195173,St. Francis College,111635105,282000,SFC,179 Livingston Street,Brooklyn,NY,11201,https://www.sfc.edu/,574,3552,3,0,42,51,3351596,4103964,79799.9,80469.88,110286.9382,94108.42955,100,122,48,74,0.319672131,0.114754098,0.040983607,0.571428571,0.5,0.53125,0.071428571,0.1,0.09375,0.0,0.0,0.0,0.0,0.05,0.03125,1.333333333,0.501064763,0.075803083,0.0,0,0.473938235
195191,St. Joseph's College of Nursing,150532254,646700,,206 Prospect Ave,Syracuse,NY,13203,https://www.sjhcon.edu/,184,283,4,0,1,22,100838,2061582,100838.0,93708.27,110286.9382,94108.42955,100,13,3,10,0.076923077,0.0,0.0,0.0,1.0,0.0,0.0,0.0,0.0,0.0,0.0,0.0,0.0,0.0,0.0,0.0,0,0.075803083,0.0,0,0.473938235
195216,St Lawrence University,150532239,282900,,23 Romoda Drive,Canton,NY,13617,www.stlawu.edu/,548,2089,3,0,87,91,7980210,8399079,91726.55,92297.57,110286.9382,94108.42955,100,517,228,289,0.005802708,0.015473888,0.021276596,0.48,0.527027027,0.512195122,0.0,0.027027027,0.016260163,0.06,0.0,0.024390244,0.0,0.054054054,0.032520325,1.333333333,0.61302682,0.075803083,3.0,1.379310345,0.473938235
195234,The College of Saint Rose,141338371,270500,,432 Western Ave,Albany,NY,12203-1490,www.strose.edu/,1447,2538,3,0,40,68,2915150,5140173,72878.75,75590.78,110286.9382,94108.42955,100,265,109,156,0.120754717,0.033962264,0.037735849,0.677419355,0.594594595,0.632352941,0.0,0.027027027,0.014705882,0.032258065,0.0,0.014705882,0.096774194,0.054054054,0.073529412,2.666666667,0.957166786,0.075803083,4.666666667,1.675041876,0.473938235
195243,St. Thomas Aquinas College,132513162,283200,STAC,125 Rte 340,Sparkill,NY,10976-1050,www.stac.edu/,338,1950,3,0,19,33,1615168,2805170,85008.84,85005.15,110286.9382,94108.42955,100,210,109,101,0.10952381,0.095238095,0.033333333,0.7,0.466666667,0.666666667,0.0,0.0,0.0,0.0,0.0,0.0,0.05,0.0,0.03030303,0.0,0,0.075803083,1.666666667,0.819806526,0.473938235
195304,Sarah Lawrence College,237223216,281300,,One Meadway,Bronxville,NY,10708,www.sarahlawrence.edu/,426,1743,3,0,52,45,5062151,3960955,97349.06,88021.22,110286.9382,94108.42955,100,305,132,173,0.114754098,0.150819672,0.049180328,0.0,0.0,0.388059701,0.0,0.0,0.044776119,0.0,0.0,0.014925373,0.0,0.0,0.059701493,2.666666667,1.572327044,0.075803083,2.0,1.179245283,0.473938235
195322,Schenectady County Community College,141503935,678500,"SUNY Schenectady County Community College, SUNY Schenectady",78 Washington Avenue,Schenectady,NY,12305,sunysccc.edu/,335,3884,1,1,15,22,881222,1336533,58748.13,60751.5,110286.9382,94108.42955,100,181,64,117,0.082872928,0.060773481,0.011049724,0.705882353,0.285714286,0.65,0.0,0.0,0.0,0.0,0.0,0.0,0.0,0.0,0.0,0.0,0,0.075803083,0.0,0,0.473938235
195474,Siena College,141338498,281600,,515 Loudon Rd,Loudonville,NY,12211-1462,https://www.siena.edu/,841,3623,4,0,109,118,10623840,10688290,97466.42,90578.73,110286.9382,94108.42955,100,463,208,255,0.056155508,0.03887689,0.028077754,0.447368421,0.417910448,0.439716312,0.013157895,0.0,0.007092199,0.026315789,0.014925373,0.021276596,0.0,0.089552239,0.042553191,0.0,0,0.075803083,4.666666667,1.279239766,0.473938235
195526,Skidmore College,141338562,281400,,815 N Broadway,Saratoga Springs,NY,12866,www.skidmore.edu/,617,2776,3,0,134,173,13879739,15878881,103580.14,91785.44,110286.9382,94108.42955,100,636,247,389,0.053459119,0.034591195,0.025157233,0.4,0.584269663,0.523489933,0.0,0.0,0.0,0.030769231,0.011235955,0.020134228,0.046153846,0.134831461,0.100671141,2.0,0.725163162,0.075803083,3.0,1.087744743,0.473938235
195544,St. Joseph's University-New York,111733439,282500,,245 Clinton Ave,Brooklyn,NY,11205-3688,www.sjny.edu/,1341,4050,3,0,65,94,5492792,7728624,84504.49,82219.4,110286.9382,94108.42955,100,458,143,315,0.07860262,0.021834061,0.030567686,0.548387097,0.595238095,0.553846154,0.032258065,0.047619048,0.030769231,0.064516129,0.0,0.030769231,0.032258065,0.023809524,0.030769231,0.0,0,0.075803083,0.333333333,0.0766636,0.473938235
195720,St. John Fisher University,160746864,282100,Fisher,3690 East Ave,Rochester,NY,14618-3597,https://www.sjf.edu/,971,3674,4,0,89,124,8631918,11155545,96987.84,89964.07,110286.9382,94108.42955,100,434,191,243,0.099078341,0.01843318,0.013824885,0.375,0.564102564,0.518518519,0.03125,0.0,0.018518519,0.0,0.038461538,0.027777778,0.03125,0.038461538,0.037037037,0.0,0,0.075803083,2.0,0.55233361,0.473938235
195809,St. John's University-New York,111630830,282300,St. John's University-New York,8000 Utopia Pky,Queens,NY,11439,www.stjohns.edu/,3946,19691,4,0,315,290,44559100,37200684,141457.46,128278.22,110286.9382,94108.42955,100,1144,435,709,0.15472028,0.126748252,0.104895105,0.453608247,0.459854015,0.439909297,0.025773196,0.032846715,0.029478458,0.020618557,0.018248175,0.020408163,0.051546392,0.072992701,0.068027211,0.0,0,0.075803083,4.333333333,0.220380071,0.473938235
195988,Sullivan County Community College,146025111,287900,SUNY Sullivan,112 College Road,Loch Sheldrake,NY,12759-5151,https://www.sunysullivan.edu/,163,1809,1,1,17,15,905153,869813,53244.29,57987.53,110286.9382,94108.42955,100,100,46,54,0.12,0.1,0.02,0.545454545,0.7,0.5625,0.0,0.0,0.0,0.0,0.0,0.0,0.0,0.1,0.0,1.333333333,0.785237534,0.075803083,0.666666667,0.392618767,0.473938235
196006,SUNY College of Technology at Alfred,146013200,285400,Alfred State College,10 Upper College Drive,Alfred,NY,14802,www.alfredstate.edu/,1067,3749,1,0,120,56,7539018,3719124,62825.15,66412.93,110286.9382,94108.42955,100,368,182,186,0.027173913,0.029891304,0.005434783,0.333333333,0.441176471,0.264150943,0.0,0.0,0.0,0.0,0.0,0.0,0.0,0.0,0.0,0.666666667,0.199123855,0.075803083,5.0,1.493428913,0.473938235
196015,SUNY College of Technology at Canton,146013200,285500,SUNY Canton,34 Cornell Drive,Canton,NY,13617-1098,www.canton.edu/,770,2919,1,0,62,51,4719969,3897151,76128.53,76414.73,110286.9382,94108.42955,100,286,130,156,0.031468531,0.01048951,0.013986014,0.388888889,0.484848485,0.46,0.0,0.03030303,0.02,0.0,0.0,0.0,0.055555556,0.03030303,0.02,0.0,0,0.075803083,1.666666667,0.587682181,0.473938235
196024,SUNY College of Technology at Delhi,146013200,285700,SUNY Delhi,454 Delhi Drive,Delhi,NY,13753-1100,www.delhi.edu/,819,2777,1,1,69,65,4478967,4562844,64912.57,70197.6,110286.9382,94108.42955,100,264,110,154,0.041666667,0.022727273,0.018939394,0.538461538,0.657142857,0.512820513,0.025641026,0.0,0.012820513,0.0,0.0,0.0,0.051282051,0.0,0.025641026,2.666666667,1.020929045,0.075803083,0.666666667,0.255232261,0.473938235
196033,SUNY College of Agriculture and Technology at Cobleskill,146013200,285600,SUNY Cobleskill,State Route 7,Cobleskill,NY,12043,www.cobleskill.edu/,536,1792,1,1,54,47,3977018,3390472,73648.48,72137.7,110286.9382,94108.42955,100,287,124,163,0.017421603,0.024390244,0.003484321,0.48,0.375,0.451612903,0.0,0.025,0.016129032,0.0,0.0,0.0,0.04,0.0,0.016129032,0.666666667,0.373901664,0.075803083,6.0,3.365114975,0.473938235
196042,Farmingdale State College,146013200,285800,SUNY College of Technology at Farmingdale,2350 Broadhollow Road,Farmingdale,NY,11735-1021,www.farmingdale.edu/,1926,9541,1,1,140,147,13100997,13464512,93578.55,91595.32,110286.9382,94108.42955,100,683,284,399,0.099560761,0.121522694,0.052708638,0.543859649,0.441176471,0.463414634,0.035087719,0.029411765,0.032520325,0.01754386,0.014705882,0.016260163,0.070175439,0.102941176,0.081300813,2.666666667,0.286307351,0.075803083,2.0,0.214730513,0.473938235
196051,SUNY Morrisville,146013200,285900,,80 Eaton Street,Morrisville,NY,13408,www.morrisville.edu/,428,2040,1,1,66,49,4686737,3396382,71011.17,69313.92,110286.9382,94108.42955,100,302,133,169,0.052980132,0.01986755,0.006622517,0.24137931,0.5625,0.423529412,0.0,0.0,0.0,0.0,0.0,0.0,0.0,0.0,0.0,0.0,0,0.075803083,10.66666667,5.916065816,0.473938235
196060,University at Albany,146013200,283500,SUNY at Albany,1400 Washington Avenue,Albany,NY,12222,www.albany.edu/,4445,16880,1,1,390,276,45372548,27637609,116339.87,100136.26,110286.9382,94108.42955,100,1503,702,801,0.087159015,0.064537591,0.057884232,0.3,0.428571429,0.379069767,0.029411765,0.018796992,0.023255814,0.011764706,0.030075188,0.023255814,0.052941176,0.086466165,0.072093023,2.0,0.120062432,0.075803083,28.66666667,1.720894865,0.473938235
196079,Binghamton University,146013200,283600,Binghamton University,4400 Vestal Parkway East,Vestal,NY,13850-6000,www.binghamton.edu/,5038,18456,1,1,468,381,54631247,37642183,116733.43,98798.38,110286.9382,94108.42955,100,1764,709,1055,0.045351474,0.020975057,0.020975057,0.286486486,0.434262948,0.370023419,0.016216216,0.023904382,0.018735363,0.005405405,0.03187251,0.021077283,0.032432432,0.051792829,0.044496487,1.333333333,0.072811999,0.075803083,43.66666667,2.384592981,0.473938235
196088,University at Buffalo,146013200,283700,University at Buffalo|UB|State University of New York at Buffalo|SUNY Buffalo|University of Buffalo,12 Capen Hall,Buffalo,NY,14260-1660,https://www.buffalo.edu/,9443,31889,1,1,772,641,102997787,71530392,133416.82,111591.88,110286.9382,94108.42955,100,2862,1249,1613,0.104122991,0.025506639,0.039482879,0.312937063,0.425569177,0.339222615,0.008741259,0.026269702,0.014134276,0.008741259,0.015761821,0.014134276,0.048951049,0.064798599,0.058892815,0.666666667,0.020769079,0.075803083,7.333333333,0.228459869,0.473938235
196097,Stony Brook University,146013200,283800,SUNY Stony Brook State University of New York at Stony Brook,310 Administration Building,Stony Brook,NY,11794-0701,https://www.stonybrook.edu/,7432,25865,1,1,592,417,90925553,52209954,153590.46,125203.73,110286.9382,94108.42955,100,2426,997,1429,0.066364386,0.09645507,0.067188788,0.27047619,0.419624217,0.297333333,0.015238095,0.018789144,0.013333333,0.013333333,0.020876827,0.014666667,0.043809524,0.073068894,0.053333333,2.0,0.077790743,0.075803083,30.33333333,1.179826267,0.473938235
196103,SUNY College of Environmental Science and Forestry,146013200,285100,ESF,One Forestry Dr.,Syracuse,NY,13210,www.esf.edu/,506,2737,1,0,80,52,8531395,4551586,106642.44,87530.5,110286.9382,94108.42955,100,254,117,137,0.023622047,0.007874016,0.031496063,0.230769231,0.333333333,0.294871795,0.0,0.027777778,0.012820513,0.0,0.055555556,0.025641026,0.051282051,0.0,0.025641026,0.0,0,0.075803083,0.666666667,0.337381916,0.473938235
196112,SUNY Polytechnic Institute,146013200,1167800,SUNY Poly,100 Seymour Rd,Utica,NY,13502,www.sunypoly.edu/,737,2704,1,0,69,48,7020361,4040285,101744.36,84172.6,110286.9382,94108.42955,100,207,101,106,0.033816425,0.019323671,0.014492754,0.315789474,0.27027027,0.301886792,0.0,0.0,0.0,0.0,0.0,0.0,0.105263158,0.0,0.037735849,0.666666667,0.234576589,0.075803083,1.333333333,0.469153179,0.473938235
196121,SUNY Brockport,146013200,284100,SUNY Brockport,350 New Campus Dr,Brockport,NY,14420-2919,https://www.brockport.edu/,1927,6931,1,1,140,176,12371140,13923410,88365.29,79110.28,110286.9382,94108.42955,100,651,282,369,0.073732719,0.047619048,0.01843318,0.47761194,0.515873016,0.510752688,0.0,0.031746032,0.010752688,0.0,0.007936508,0.005376344,0.029850746,0.023809524,0.021505376,0.0,0,0.075803083,10.0,1.556662516,0.473938235
196130,SUNY Buffalo State University,146013200,284200,Buffalo State University,1300 Elmwood Ave,Buffalo,NY,14222,https://suny.buffalostate.edu/,1783,6470,1,1,142,169,13484108,13916379,94958.51,82345.44,110286.9382,94108.42955,100,771,368,403,0.158236057,0.028534371,0.019455253,0.366666667,0.576,0.490384615,0.0,0.008,0.004807692,0.022222222,0.032,0.024038462,0.055555556,0.064,0.067307692,0.0,0,0.075803083,8.666666667,1.344711663,0.473938235
196149,State University of New York at Cortland,146013200,284300,SUNY Cortland,Miller Building,Cortland,NY,13045-0900,www2.cortland.edu/,1702,6780,1,1,141,184,10648394,13138697,75520.52,71405.96,110286.9382,94108.42955,100,628,254,374,0.027070064,0.01910828,0.006369427,0.472222222,0.576086957,0.522580645,0.013888889,0.0,0.006451613,0.0,0.02173913,0.012903226,0.069444444,0.032608696,0.051612903,0.0,0,0.075803083,12.66666667,1.893373194,0.473938235
196158,SUNY at Fredonia,146013200,284400,,280 Central Ave,Fredonia,NY,14063-1136,https://www.fredonia.edu/,951,3220,1,1,122,94,9852932,7294407,80761.74,77600.07,110286.9382,94108.42955,100,367,155,212,0.021798365,0.04359673,0.010899183,0.409090909,0.44,0.42962963,0.0,0.013333333,0.007407407,0.015151515,0.0,0.007407407,0.015151515,0.013333333,0.014814815,0.0,0,0.075803083,1.333333333,0.381934498,0.473938235
196167,SUNY College at Geneseo,146013200,284500,SUNY Geneseo,1 College Circle,Geneseo,NY,14454-1465,https://www.geneseo.edu/,1090,3928,1,0,116,98,10224391,7992042,88141.3,81551.45,110286.9382,94108.42955,100,470,189,281,0.019148936,0.029787234,0.014893617,0.393939394,0.432432432,0.437956204,0.0,0.027027027,0.01459854,0.03030303,0.013513514,0.01459854,0.060606061,0.027027027,0.04379562,0.0,0,0.075803083,3.333333333,0.796685787,0.473938235
196176,State University of New York at New Paltz,146013200,284600,State University of New York at New Paltz,1 Hawk Drive,New Paltz,NY,12561-2443,www.newpaltz.edu/,1985,7420,1,1,146,173,12583968,13248824,86191.56,76582.8,110286.9382,94108.42955,100,608,237,371,0.074013158,0.09375,0.019736842,0.360655738,0.541666667,0.483516484,0.0,0.0,0.0,0.0,0.041666667,0.027472527,0.06557377,0.025,0.038461538,0.0,0,0.075803083,0.666666667,0.095730423,0.473938235
196185,SUNY Oneonta,146013200,284700,,108 Ravine Parkway,Oneonta,NY,13820-4015,https://suny.oneonta.edu/,1557,5514,1,1,139,138,10931439,10279966,78643.45,74492.51,110286.9382,94108.42955,100,625,274,351,0.0416,0.048,0.0128,0.403508772,0.509433962,0.470588235,0.052631579,0.037735849,0.041176471,0.0,0.028301887,0.011764706,0.052631579,0.103773585,0.076470588,1.333333333,0.245549417,0.075803083,5.0,0.920810313,0.473938235
196194,State University of New York at Oswego,146013200,284800,SUNY Oswego,7060 State Route 104,Oswego,NY,13126,https://www.oswego.edu/,1718,6756,1,1,195,167,15700642,12659246,80516.11,75803.87,110286.9382,94108.42955,100,610,245,365,0.03442623,0.044262295,0.016393443,0.346666667,0.521008403,0.44,0.026666667,0.016806723,0.028571429,0.0,0.033613445,0.022857143,0.026666667,0.075630252,0.051428571,0.0,0,0.075803083,8.666666667,1.254947389,0.473938235
196200,SUNY College at Potsdam,146013200,285000,SUNY-Potsdam,44 Pierrepont Ave,Potsdam,NY,13676-2294,www.potsdam.edu/,719,2751,1,1,101,105,7312681,7152832,72402.78,68122.21,110286.9382,94108.42955,100,344,139,205,0.002906977,0.020348837,0.011627907,0.462962963,0.476923077,0.491935484,0.018518519,0.015384615,0.016129032,0.0,0.030769231,0.016129032,0.018518519,0.046153846,0.032258065,2.666666667,1.098750172,0.075803083,6.666666667,2.746875429,0.473938235
196219,SUNY at Purchase College,147400026,679100,Purchase College,735 Anderson Hill Rd,Purchase,NY,10577-1400,www.purchase.edu/,772,3229,1,1,82,100,6668456,7844741,81322.63,78447.41,110286.9382,94108.42955,100,514,249,265,0.079766537,0.219844358,0.040856031,0.548387097,0.461538462,0.483146067,0.0,0.046153846,0.033707865,0.0,0.030769231,0.02247191,0.0,0.046153846,0.033707865,0.0,0,0.075803083,6.666666667,2.095118374,0.473938235
196228,SUNY College of Optometry,146013200,992900,SUNY Optometry  State College of Optometry  SUNY State College of Optometry,33 West 42nd Street,New York,NY,10036-8003,www.sunyopt.edu/,103,394,1,0,29,44,4425274,5884186,152595.66,133731.5,110286.9382,94108.42955,100,195,84,111,0.297435897,0.307692308,0.112820513,0.230769231,0.692307692,0.333333333,0.0,0.0,0.0,0.0,0.038461538,0.0,0.0,0.153846154,0.066666667,0.0,0,0.075803083,0.0,0,0.473938235
196237,SUNY Old Westbury,146013200,710900,,223 Store Hill Rd,Old Westbury,NY,11568-0210,www.oldwestbury.edu/,1067,4449,1,1,78,84,8159525,8120788,104609.29,96676.05,110286.9382,94108.42955,100,286,112,174,0.199300699,0.101398601,0.125874126,0.52173913,0.4625,0.471153846,0.0,0.0125,0.009615385,0.0,0.025,0.019230769,0.130434783,0.125,0.125,0.666666667,0.156128025,0.075803083,4.333333333,1.014832162,0.473938235
196246,SUNY College at Plattsburgh,146013200,284900,SUNY Plattsburgh,101 Broad Street,Plattsburgh,NY,12901-2681,https://www.plattsburgh.edu/,1093,4417,1,1,113,108,9693434,7879398,85782.6,72957.39,110286.9382,94108.42955,100,456,175,281,0.039473684,0.021929825,0.004385965,0.322033898,0.532467532,0.412698413,0.0,0.012987013,0.007936508,0.033898305,0.0,0.015873016,0.016949153,0.038961039,0.031746032,2.666666667,0.596036358,0.075803083,8.333333333,1.862613619,0.473938235
196255,SUNY Downstate Health Sciences University,146013200,283900,SUNY Downstate Health Sciences University,450 Clarkson Ave,Brooklyn,NY,11203-2098,https://www.downstate.edu/,649,2204,1,1,26,69,3683411,9412615,141669.65,136414.71,110286.9382,94108.42955,100,904,470,434,0.463495575,0.099557522,0.14159292,0.274336283,0.489361702,0.355555556,0.044247788,0.063829787,0.037037037,0.008849558,0.021276596,0.014814815,0.026548673,0.074468085,0.037037037,0.666666667,0.305110603,0.075803083,1.333333333,0.610221205,0.473938235
196264,Empire State University,146013200,1028600,,Two Union Ave,Saratoga Springs,NY,12866-4391,www.sunyempire.edu/,2577,9545,1,0,58,104,5984426,9974001,103179.76,95903.86,110286.9382,94108.42955,100,464,138,326,0.0625,0.043103448,0.012931034,0.62962963,0.603174603,0.612068966,0.018518519,0.047619048,0.034482759,0.018518519,0.015873016,0.017241379,0.018518519,0.0,0.00862069,0.0,0,0.075803083,0.0,0,0.473938235
196291,SUNY Maritime College,146013200,285300,,6 Pennyfield Avenue,Throggs Neck,NY,10465-4198,www.sunymaritime.edu/,329,1350,1,0,60,20,5212578,1641658,86876.3,82082.9,110286.9382,94108.42955,100,196,105,91,0.183673469,0.234693878,0.056122449,0.117647059,0.473684211,0.305555556,0.0,0.0,0.0,0.0,0.0,0.0,0.0,0.0,0.0,3.333333333,2.335902826,0.075803083,1.333333333,0.934361131,0.473938235
196307,Upstate Medical University,146013200,284000,SUNY Upstate Medical University|Upstate Medical|Upstate|Upstate Medical Center|SUNY Upstate,750 E Adams St,Syracuse,NY,13210,www.upstate.edu/,467,1286,1,1,179,133,15345830,10049817,85730.89,75562.53,110286.9382,94108.42955,100,817,336,481,0.067319461,0.029375765,0.053855569,0.23015873,0.398550725,0.267605634,0.007936508,0.0,0.007042254,0.015873016,0.007246377,0.007042254,0.047619048,0.065217391,0.049295775,2.0,1.397624039,0.075803083,15.33333333,10.71511763,0.473938235
196413,Syracuse University,150532081,288200,,900 South Crouse Ave.,Syracuse,NY,13244,https://www.syracuse.edu/,6242,22948,3,1,651,545,79855494,60400688,122665.89,110826.95,110286.9382,94108.42955,100,3889,1630,2259,0.130367704,0.028799177,0.029570584,0.371764706,0.494949495,0.412307692,0.021176471,0.025252525,0.026153846,0.007058824,0.025252525,0.015384615,0.054117647,0.060606061,0.06,8.666666667,0.381825124,0.075803083,15.0,0.660851176,0.473938235
196468,Teachers College at Columbia University,131624202,397900,Teachers College,525 W 120th St,New York,NY,10027,www.tc.columbia.edu/,2067,4392,3,0,73,152,11512069,19500219,157699.58,128290.91,110286.9382,94108.42955,100,816,273,543,0.171568627,0.202205882,0.087009804,0.576470588,0.574468085,0.585585586,0.094117647,0.0,0.054054054,0.035294118,0.106382979,0.072072072,0.070588235,0.127659574,0.108108108,0.0,0,0.075803083,4.333333333,0.95997637,0.473938235
196565,Tompkins Cortland Community College,160928736,678800,Tompkins Cortland,170 North St,Dryden,NY,13053-0139,www.tompkinscortland.edu/,407,4720,1,1,17,30,1368874,2477297,80522.0,82576.57,110286.9382,94108.42955,100,142,60,82,0.049295775,0.014084507,0.035211268,0.607142857,0.571428571,0.611111111,0.0,0.0,0.027777778,0.0,0.0,0.0,0.0,0.0,0.0,0.0,0,0.075803083,3.333333333,0.750412727,0.473938235
196592,Touro University,132676570,1014200,,50 West 47th Street,New York,NY,10036,https://www.touro.edu/,3248,11953,3,0,210,217,21524343,22268629,102496.87,102620.41,110286.9382,94108.42955,100,1465,582,883,0.092832765,0.174061433,0.06894198,0.366666667,0.486486486,0.291666667,0.016666667,0.027027027,0.041666667,0.016666667,0.0,0.0,0.016666667,0.054054054,0.0,0.0,0,0.075803083,0.0,0,0.473938235
196653,Trocaire College,160909446,281200,Trocaire|Trocare|TC|Troc,360 Choate Ave,Buffalo,NY,14220-2094,https://trocaire.edu/,415,1104,4,0,8,19,598147,1324726,74768.38,69722.42,110286.9382,94108.42955,100,100,25,75,0.11,0.01,0.03,0.625,0.666666667,0.0,0.0,0.0,0.0,0.0,0.0,0.0,0.0,0.0,0.0,0.0,0,0.075803083,0.0,0,0.473938235
196699,Ulster County Community College,146028097,288000,SUNY Ulster,491 Cottekill Rd,Stone Ridge,NY,12484,https://www.sunyulster.edu/,361,3001,1,1,19,27,1298000,1758500,68315.79,65129.63,110286.9382,94108.42955,100,188,73,115,0.053191489,0.04787234,0.005319149,0.428571429,0.666666667,0.567567568,0.0,0.055555556,0.027027027,0.0,0.0,0.0,0.0,0.0,0.027027027,0.0,0,0.075803083,0.333333333,0.114468864,0.473938235
196884,Union Theological Seminary in the City of New York,131624238,289000,Union Theological Seminary,3041 Broadway,New York,NY,10027-5792,utsnyc.edu/,70,220,3,0,9,6,894687,574776,99409.67,95796.0,110286.9382,94108.42955,100,78,29,49,0.320512821,0.115384615,0.08974359,0.285714286,0.5,0.454545455,0.0,0.0,0.0,0.0,0.0,0.0,0.0,0.0,0.0,0.0,0,0.075803083,0.0,0,0.473938235
197018,United Talmudical Seminary,113279978,1118900,,191 Rodney St.,Brooklyn,NY,11211,utsny.edu/,369,2006,4,0,103,0,4948466,0,48043.36,,110286.9382,94108.42955,100,77,61,16,0.0,0.0,0.0,0.0,0.0,0.0,0.0,0.0,0.0,0.0,0.0,0.0,0.0,0.0,0.0,0.0,0,0.075803083,0.0,0,0.473938235
197027,United States Merchant Marine Academy,530204543,289200,USMMA|Kings Point,300 Steamboat Road,Kings Point,NY,11024-1634,https://www.usmma.edu/,223,961,1,0,95,18,12769387,2227686,134414.6,123760.33,110286.9382,94108.42955,100,129,67,62,0.170542636,0.054263566,0.062015504,0.15,0.125,0.178571429,0.0,0.0,0.017857143,0.0,0.0,0.0,0.05,0.03125,0.035714286,0.0,0,0.075803083,0.333333333,0.353481796,0.473938235
197045,Utica University,161476258,288300,Utica,1600 Burrstone Rd,Utica,NY,13502-4892,https://www.utica.edu/,1253,3733,3,0,73,96,6961199,7938106,95358.89,82688.6,110286.9382,94108.42955,100,319,127,192,0.028213166,0.006269592,0.018808777,0.3,0.558139535,0.415384615,0.0,0.023255814,0.0,0.0,0.0,0.0,0.0,0.046511628,0.015384615,0.0,0,0.075803083,0.0,0,0.473938235
197133,Vassar College,141338587,289500,,124 Raymond Ave,Poughkeepsie,NY,12604,www.vassar.edu/,624,2456,3,1,145,152,17277244,17756848,119153.41,116821.37,110286.9382,94108.42955,100,862,381,481,0.126450116,0.085846868,0.025522042,0.546391753,0.431034483,0.506329114,0.051546392,0.017241379,0.037974684,0.030927835,0.034482759,0.03164557,0.06185567,0.051724138,0.056962025,0.0,0,0.075803083,11.33333333,4.608919615,0.473938235
197142,Villa Maria College,160871487,289600,Villa,240 Pine Ridge Rd,Buffalo,NY,14225-3999,https://www.villa.edu/,85,545,4,0,15,22,780500,1128875,52033.33,51312.5,110286.9382,94108.42955,100,55,20,35,0.2,0.018181818,0.018181818,0.8,0.4,0.0,0.0,0.0,0.0,0.0,0.0,0.0,0.0,0.0,0.0,0.0,0,0.075803083,0.0,0,0.473938235
197197,Wagner College,135604699,289900,,One Campus Rd,Staten Island,NY,10301-4495,www.wagner.edu/,525,1932,4,0,61,66,3943660,4827807,64650.16,73148.59,110286.9382,94108.42955,100,349,154,195,0.054441261,0.040114613,0.022922636,0.5,0.6,0.529411765,0.0,0.1,0.039215686,0.066666667,0.0,0.039215686,0.0,0.05,0.019607843,0.666666667,0.342055755,0.075803083,0.666666667,0.342055755,0.473938235
197230,Wells College,150532276,290100,,170 Main Street,Aurora,NY,13026-0500,www.wells.edu/,60,357,3,0,19,19,1501118,1288229,79006.21,67801.53,110286.9382,94108.42955,100,133,53,80,0.022556391,0.045112782,0.007518797,0.352941176,0.5,0.352941176,0.0,0.0,0.0,0.0,0.0,0.0,0.0,0.0,0.0,0.666666667,1.867413632,0.075803083,1.0,2.801120448,0.473938235
197294,SUNY Westchester Community College,136608356,288100,,75 Grasslands Road,Valhalla,NY,10595,www.sunywcc.edu/,1248,9031,1,1,71,82,7726314,8734624,108821.32,106519.8,110286.9382,94108.42955,100,529,190,339,0.213610586,0.190926276,0.051039698,0.538461538,0.5,0.50862069,0.025641026,0.0,0.025862069,0.0,0.0,0.017241379,0.025641026,0.066666667,0.051724138,0.666666667,0.075697362,0.075803083,0.333333333,0.037848681,0.473938235
197708,Yeshiva University,131624225,290300,,500 W 185th St,New York,NY,10033-3299,www.yu.edu/,1682,6826,3,0,218,136,27370165,15027374,125551.22,110495.4,110286.9382,94108.42955,100,748,344,404,0.068181818,0.197860963,0.042780749,0.244444444,0.457627119,0.315789474,0.011111111,0.0,0.007518797,0.0,0.016949153,0.007518797,0.022222222,0.050847458,0.022556391,3.333333333,0.550418318,0.075803083,0.0,0,0.473938235
197869,Appalachian State University,561176030,290600,Appalachian State University,287 Rivers St,Boone,NC,28608,https://www.appstate.edu/,4959,21253,1,1,534,558,45743017,43404079,85661.08,77785.09,110286.9382,94108.42955,100,1872,737,1135,0.043803419,0.003739316,0.013888889,0.446540881,0.488888889,0.465160075,0.003144654,0.026666667,0.013182674,0.009433962,0.0,0.005649718,0.009433962,0.026666667,0.016949153,0.666666667,0.03262217,0.075803083,7.333333333,0.35884387,0.473938235
197911,Barton College,560529933,290800,,200 E. ACC Drive,Wilson,NC,27893-7000,https://www.barton.edu/,254,1259,4,0,28,26,1844524,1541500,65875.86,59288.46,110286.9382,94108.42955,100,170,70,100,0.241176471,0.017647059,0.011764706,0.454545455,0.153846154,0.272727273,0.0,0.0,0.0,0.0,0.0,0.0,0.0,0.0,0.0,0.0,0,0.075803083,1.666666667,1.317523057,0.473938235
197984,Belmont Abbey College,560547498,291000,BAC,100 Belmont-Mt Holly Road,Belmont,NC,28012-1802,www.belmontabbeycollege.edu/,277,1650,4,0,44,47,2772123,3271887,63002.8,69614.62,110286.9382,94108.42955,100,192,89,103,0.078125,0.057291667,0.020833333,0.428571429,0.451612903,0.347826087,0.142857143,0.032258065,0.043478261,0.0,0.0,0.0,0.0,0.0,0.0,0.0,0,0.075803083,1.333333333,0.888296691,0.473938235
198066,Brevard College,560532297,291200,,One Brevard College Drive,Brevard,NC,28712,https://www.brevard.edu/,164,787,4,0,26,24,1334584,1306399,51330.15,54433.29,110286.9382,94108.42955,100,160,89,71,0.075,0.05,0.00625,0.777777778,0.428571429,0.571428571,0.0,0.0,0.0,0.0,0.0,0.0,0.0,0.0,0.0,0.0,0,0.075803083,0.333333333,0.439174352,0.473938235
198109,Cabarrus College of Health Sciences,566000156,647700,,401 Medical Park Drive,Concord,NC,28025-3959,https://cabarruscollege.edu/,225,753,3,1,5,30,486565,2909075,97313.0,96969.17,110286.9382,94108.42955,100,31,6,25,0.258064516,0.064516129,0.032258065,0.0,0.8125,0.0,0.0,0.0625,0.0,0.0,0.0,0.0,0.0,0.0,0.0,0.0,0,0.075803083,0.0,0,0.473938235
198136,Campbell University,560529940,291300,,143 Main Street,Buies Creek,NC,27506,https://www.campbell.edu/,1378,5115,4,0,102,109,9620567,10077353,94319.28,92452.78,110286.9382,94108.42955,100,720,330,390,0.075,0.036111111,0.016666667,0.326086957,0.489583333,0.442307692,0.0,0.010416667,0.0,0.0,0.010416667,0.0,0.043478261,0.020833333,0.0,0.0,0,0.075803083,2.666666667,0.505816894,0.473938235
198215,Catawba College,560530251,291400,,2300 W Innes St,Salisbury,NC,28144,www.catawba.edu/,294,1241,3,0,32,46,2405839,3263665,75182.47,70949.24,110286.9382,94108.42955,100,232,114,118,0.11637931,0.060344828,0.017241379,0.4375,0.473684211,0.451612903,0.0,0.0,0.0,0.0,0.052631579,0.0,0.0,0.0,0.0,0.0,0,0.075803083,0.333333333,0.284414107,0.473938235
198303,Chowan University,560554199,291600,,One University Place,Murfreesboro,NC,27855,https://www.chowan.edu/,196,708,4,0,17,19,1244917,1288402,73230.41,67810.63,110286.9382,94108.42955,100,92,44,48,0.184782609,0.010869565,0.0,0.4,0.454545455,0.454545455,0.0,0.0,0.0,0.0,0.0,0.0,0.0,0.0,0.0,0.666666667,0.752445448,0.075803083,8.666666667,9.78179082,0.473938235
198385,Davidson College,560529961,291800,,405 N. Main Street,Davidson,NC,28035,https://davidson.edu/,504,1904,4,0,105,121,12731980,13087261,121256.95,108159.18,110286.9382,94108.42955,100,684,273,411,0.15497076,0.055555556,0.023391813,0.435294118,0.489795918,0.457364341,0.023529412,0.040816327,0.031007752,0.011764706,0.06122449,0.023255814,0.023529412,0.020408163,0.023255814,0.0,0,0.075803083,1.333333333,0.691921813,0.473938235
198419,Duke University,560532129,292000,,103 Allen Bldg,Durham,NC,27708,www.duke.edu/,7117,17112,4,0,892,593,169846467,84810211,190410.84,143018.91,110286.9382,94108.42955,100,13934,4508,9426,0.182287929,0.049375628,0.068824458,0.300417246,0.448834853,0.288047513,0.016689847,0.039513678,0.020786934,0.008344924,0.023302938,0.012620638,0.044506259,0.073961499,0.040089087,0.666666667,0.036989772,0.075803083,38.66666667,2.145406795,0.473938235
198464,East Carolina University,566000403,292300,ECU,East 5th Street,Greenville,NC,27858-4353,https://www.ecu.edu/,6645,26785,1,0,573,612,54643746,52477958,95364.3,85748.3,110286.9382,94108.42955,100,3903,1190,2713,0.214450423,0.122213682,0.021265693,0.402985075,0.471215352,0.411764706,0.011940299,0.049040512,0.03250774,0.017910448,0.012793177,0.013931889,0.047761194,0.0554371,0.057275542,4.666666667,0.171878261,0.075803083,19.0,0.699790063,0.473938235
198507,Elizabeth City State University,561047680,292600,ECSU,1704 Weeksville Rd,Elizabeth City,NC,27909,https://www.ecsu.edu/,408,2165,1,0,50,38,3996624,2674390,79932.48,70378.68,110286.9382,94108.42955,100,269,91,178,0.75464684,0.007434944,0.011152416,0.25,0.25,0.268292683,0.15,0.166666667,0.170731707,0.0,0.0,0.0,0.05,0.0,0.024390244,0.666666667,0.310221809,0.075803083,4.0,1.861330852,0.473938235
198516,Elon University,560532303,292700,,100 Campus Drive,Elon,NC,27244-2010,www.elon.edu/,1764,7207,3,0,243,254,23433324,22514174,96433.43,88638.48,110286.9382,94108.42955,100,939,379,560,0.211927583,0.04685836,0.01171459,0.5,0.49704142,0.482758621,0.020833333,0.047337278,0.038793103,0.010416667,0.017751479,0.017241379,0.03125,0.035502959,0.038793103,1.333333333,0.187187047,0.075803083,7.0,0.982731995,0.473938235
198543,Fayetteville State University,561238736,292800,,1200 Murchison Rd,Fayetteville,NC,28301-4298,https://www.uncfsu.edu/,1422,6847,1,1,137,117,11753434,9693655,85791.49,82851.75,110286.9382,94108.42955,100,511,185,326,0.739726027,0.056751468,0.01369863,0.294871795,0.583333333,0.433823529,0.064102564,0.194444444,0.117647059,0.0,0.027777778,0.014705882,0.076923077,0.055555556,0.073529412,0.666666667,0.098227003,0.075803083,9.666666667,1.424291538,0.473938235
198552,Forsyth Technical Community College,560792614,531700,Forsyth Tech,2100 Silas Creek Pky,Winston-Salem,NC,27103-5197,https://www.forsythtech.edu/,1771,8716,1,1,95,136,6208537,9240125,65353.02,67942.1,110286.9382,94108.42955,100,540,175,365,0.298148148,0.068518519,0.025925926,0.842105263,1.0,0.0,0.052631579,0.5,0.0,0.0,0.0,0.0,0.105263158,0.0,0.0,0.0,0,0.075803083,2.0,0.241837969,0.473938235
198561,Gardner-Webb University,560529972,292900,GWU,Main St,Boiling Springs,NC,28017-0997,www.gardner-webb.edu/,1022,3125,4,0,55,73,3585051,4490608,65182.75,61515.18,110286.9382,94108.42955,100,316,169,147,0.082278481,0.0,0.0,0.489361702,0.59375,0.516129032,0.0,0.0625,0.016129032,0.0,0.0,0.0,0.021276596,0.0,0.016129032,0.0,0,0.075803083,0.666666667,0.212044105,0.473938235
198598,Greensboro College,560532144,293000,,815 W Market St,Greensboro,NC,27401-1875,https://www.greensboro.edu/,163,898,4,0,20,27,1121958,1470622,56097.9,54467.48,110286.9382,94108.42955,100,111,64,47,0.261261261,0.018018018,0.0,0.411764706,0.545454545,0.375,0.058823529,0.0,0.125,0.0,0.0,0.0,0.0,0.0,0.0,0.0,0,0.075803083,0.0,0,0.473938235
198613,Guilford College,560529982,293100,,5800 W Friendly Avenue,Greensboro,NC,27410-4108,https://www.guilford.edu/,220,1208,4,0,40,36,2482787,2304751,62069.68,64020.86,110286.9382,94108.42955,100,161,73,88,0.260869565,0.080745342,0.031055901,0.476190476,0.5,0.512195122,0.047619048,0.0,0.024390244,0.047619048,0.0,0.024390244,0.047619048,0.055555556,0.048780488,0.0,0,0.075803083,3.0,2.570694087,0.473938235
198695,High Point University,560529999,293300,HPU,One University Parkway,High Point,NC,27268,www.highpoint.edu/,1506,6052,4,0,177,175,15396307,14262903,86984.79,81502.3,110286.9382,94108.42955,100,732,313,419,0.173497268,0.036885246,0.012295082,0.25,0.414141414,0.4,0.0,0.01010101,0.011764706,0.0,0.01010101,0.0,0.0,0.03030303,0.011764706,0.666666667,0.111464081,0.075803083,16.0,2.675137937,0.473938235
198756,Johnson C Smith University,250983069,293600,JCSU,100 Beatties Ford Road,Charlotte,NC,28216-5398,https://www.jcsu.edu/,200,1102,3,0,33,46,2295997,2898979,69575.67,63021.28,110286.9382,94108.42955,100,225,93,132,0.804444444,0.017777778,0.004444444,0.666666667,0.565217391,0.575757576,0.266666667,0.391304348,0.303030303,0.0,0.0,0.0,0.133333333,0.043478261,0.090909091,0.0,0,0.075803083,0.666666667,0.609942056,0.473938235
198808,Lees-McRae College,560529953,293900,,191 Main Street,Banner Elk,NC,28604,www.lmc.edu/,211,839,4,0,28,34,1617233,1862356,57758.32,54775.18,110286.9382,94108.42955,100,134,65,69,0.037313433,0.007462687,0.0,0.4,0.5,0.0,0.0,0.0,0.0,0.0,0.0,0.0,0.0,0.0,0.0,0.0,0,0.075803083,2.333333333,2.729044834,0.473938235
198835,Lenoir-Rhyne University,560556753,294100,,625 7th Avenue NE,Hickory,NC,28601,www.lr.edu/,604,2230,4,0,41,86,2800300,6196300,68300.0,72050.0,110286.9382,94108.42955,100,235,109,126,0.165957447,0.034042553,0.017021277,0.702702703,0.787878788,0.727272727,0.108108108,0.090909091,0.075757576,0.027027027,0.03030303,0.03030303,0.054054054,0.0,0.03030303,0.0,0,0.075803083,6.333333333,2.690455961,0.473938235
198862,Livingstone College,560603922,294200,Livingstone College,701 W Monroe St,Salisbury,NC,28144,livingstone.edu/,116,814,4,0,29,24,1745165,1409196,60178.1,58716.5,110286.9382,94108.42955,100,153,72,81,0.888888889,0.006535948,0.013071895,0.428571429,0.444444444,0.428571429,0.142857143,0.444444444,0.142857143,0.0,0.0,0.0,0.285714286,0.0,0.285714286,0.0,0,0.075803083,1.333333333,1.589193484,0.473938235
198871,Louisburg College,560547511,294300,,501 N. Main St.,Louisburg,NC,27549-2399,www.louisburg.edu/,107,413,4,0,3,8,122557,326386,40852.33,40798.25,110286.9382,94108.42955,100,81,43,38,0.320987654,0.012345679,0.012345679,1.0,0.333333333,0.0,0.0,0.0,0.0,0.0,0.0,0.0,0.0,0.0,0.0,0.0,0,0.075803083,2.0,4.608294931,0.473938235
198899,Mars Hill University,560554207,294400,,100 Athletic St,Mars Hill,NC,28754,www.mhu.edu/,220,1049,3,0,31,42,1926022,2417111,62129.74,57550.26,110286.9382,94108.42955,100,137,61,76,0.051094891,0.00729927,0.00729927,0.526315789,0.592592593,0.581395349,0.0,0.0,0.0,0.052631579,0.0,0.023255814,0.0,0.0,0.0,0.0,0,0.075803083,1.666666667,1.61498708,0.473938235
198950,Meredith College,560530242,294500,Meredith|Meridith,3800 Hillsborough St,Raleigh,NC,27607-5298,www.meredith.edu/,469,1576,3,0,37,81,2676286,5508643,72332.05,68007.94,110286.9382,94108.42955,100,307,60,247,0.143322476,0.039087948,0.026058632,0.666666667,0.689655172,0.661290323,0.023809524,0.034482759,0.032258065,0.0,0.103448276,0.048387097,0.023809524,0.0,0.016129032,0.0,0,0.075803083,0.0,0,0.473938235
198969,Methodist University,560657294,294600,Methodist,5400 Ramsey St,Fayetteville,NC,28311-1420,www.methodist.edu/,371,1768,4,0,67,72,5065897,5495220,75610.4,76322.5,110286.9382,94108.42955,100,266,119,147,0.255639098,0.052631579,0.022556391,0.390243902,0.371428571,0.373134328,0.0,0.085714286,0.014925373,0.0,0.0,0.0,0.0,0.0,0.0,0.0,0,0.075803083,2.333333333,1.288422603,0.473938235
199032,Montreat College,560543261,294800,,310 Gaither Circle,Montreat,NC,28757-1267,https://www.montreat.edu/,206,932,4,0,33,22,1910682,1417600,57899.45,64436.36,110286.9382,94108.42955,100,166,86,80,0.048192771,0.018072289,0.0,0.2,0.166666667,0.2,0.0,0.0,0.0,0.0,0.0,0.0,0.0,0.0,0.0,0.0,0,0.075803083,0.333333333,0.342935528,0.473938235
199069,University of Mount Olive,560623936,294900,,634 Henderson St,Mount Olive,NC,28365-0919,https://umo.edu/,605,2128,4,0,28,30,1976900,2138959,70603.57,71298.63,110286.9382,94108.42955,100,157,81,76,0.121019108,0.031847134,0.012738854,0.333333333,0.5625,0.0,0.0,0.0,0.0,0.0,0.0625,0.0,0.0,0.0,0.0,0.0,0,0.075803083,0.0,0,0.473938235
199102,North Carolina A & T State University,566000007,290500,NCAT,1601 E Market  St,Greensboro,NC,27411,www.ncat.edu/,2550,13885,1,0,289,186,27804274,16395025,96208.56,88145.3,110286.9382,94108.42955,100,1114,414,700,0.65978456,0.024236984,0.035008977,0.2734375,0.455128205,0.346666667,0.1328125,0.262820513,0.195555556,0.0,0.012820513,0.0,0.0390625,0.044871795,0.044444444,0.0,0,0.075803083,16.0,1.186327575,0.473938235
199111,University of North Carolina Asheville,566002370,290700,UNC Asheville,One University Heights,Asheville,NC,28804-8510,https://unca.edu/,653,2925,1,0,102,115,8410221,9041288,82453.15,78619.9,110286.9382,94108.42955,100,435,176,259,0.064367816,0.034482759,0.016091954,0.46875,0.509433962,0.495652174,0.015625,0.0,0.008695652,0.0,0.056603774,0.026086957,0.046875,0.018867925,0.034782609,0.666666667,0.228780599,0.075803083,6.333333333,2.173415694,0.473938235
199120,University of North Carolina at Chapel Hill,566001393,297400,,103 South Bldg Cb 9100,Chapel Hill,NC,27599,https://www.unc.edu/,8961,32234,1,1,891,835,136898465,107600821,153645.86,128863.26,110286.9382,94108.42955,100,12248,4654,7594,0.135858916,0.051763553,0.093484651,0.396349413,0.538738739,0.397905759,0.029986962,0.054054054,0.037696335,0.023468057,0.025225225,0.020942408,0.024771838,0.052252252,0.028272251,8.0,0.252326132,0.075803083,32.0,1.009304526,0.473938235
199139,University of North Carolina at Charlotte,560791228,297500,UNC Charlotte,9201 University City Blvd,Charlotte,NC,28223-0001,https://www.charlotte.edu/,8071,30298,1,0,549,534,62940868,49543690,114646.39,92778.45,110286.9382,94108.42955,100,2464,966,1498,0.265827922,0.060470779,0.034902597,0.389937107,0.492163009,0.415896488,0.037735849,0.053291536,0.038817006,0.01572327,0.02507837,0.01663586,0.056603774,0.043887147,0.055452865,0.0,0,0.075803083,30.66666667,1.03775394,0.473938235
199148,University of North Carolina at Greensboro,566001468,297600,UNCG,1400 Spring Garden St,Greensboro,NC,27402-6170,www.uncg.edu/,4656,17743,1,0,352,442,32687783,37513577,92863.02,84872.35,110286.9382,94108.42955,100,1528,591,937,0.233638743,0.054319372,0.029450262,0.471962617,0.567010309,0.487465181,0.037383178,0.082474227,0.052924791,0.018691589,0.036082474,0.030640669,0.046728972,0.046391753,0.050139276,0.0,0,0.075803083,32.0,1.779953276,0.473938235
199157,North Carolina Central University,566000730,295000,,1801 Fayetteville Street,Durham,NC,27707,https://www.nccu.edu/,1608,7965,1,1,150,184,13997912,15465320,93319.41,84050.65,110286.9382,94108.42955,100,736,321,415,0.660326087,0.032608696,0.035326087,0.405405405,0.524271845,0.419117647,0.216216216,0.291262136,0.242647059,0.013513514,0.0,0.007352941,0.067567568,0.038834951,0.051470588,0.666666667,0.088265149,0.075803083,28.33333333,3.751268812,0.473938235
199184,University of North Carolina School of the Arts,566065273,398100,UNCSA,1533 South Main St.,Winston Salem,NC,27127-2738,www.uncsa.edu/,318,1074,1,0,83,48,6574290,3633826,79208.31,75704.71,110286.9382,94108.42955,100,340,143,197,0.270588235,0.035294118,0.014705882,0.294117647,0.365853659,0.0,0.0,0.048780488,0.0,0.0,0.0,0.0,0.0,0.024390244,0.0,0.0,0,0.075803083,1.666666667,1.509661836,0.473938235
199193,North Carolina State University at Raleigh,566000756,297200,NC State University | NC State | N C State University | N C State | NCSU,2101 Hillsborough Street,Raleigh,NC,27695-7001,www.ncsu.edu/,9899,37323,1,0,1111,800,145221164,86277994,130712.12,107847.49,110286.9382,94108.42955,100,7293,3006,4287,0.143288084,0.054298643,0.044151927,0.29747676,0.426124197,0.313670412,0.013280212,0.021413276,0.015917603,0.025232404,0.012847966,0.021535581,0.029216467,0.055674518,0.038389513,2.0,0.054495913,0.075803083,18.33333333,0.499545867,0.473938235
199209,North Carolina Wesleyan University,560686603,295100,,3400 N Wesleyan Blvd,Rocky Mount,NC,27804,www.ncwc.edu/,414,1345,4,0,30,30,1792172,1825812,59739.07,60860.4,110286.9382,94108.42955,100,152,67,85,0.296052632,0.0,0.0,0.285714286,0.428571429,0.424242424,0.071428571,0.095238095,0.090909091,0.0,0.0,0.0,0.0,0.0,0.0,0.0,0,0.075803083,1.666666667,1.246571927,0.473938235
199218,University of North Carolina Wilmington,561258660,298400,UNCW|University of North Carolina at Wilmington|UNC Wilmington|UNC W|University of NC at Wilmington|Univ of NC-Wilmington|UNC-W|University of North Carolina Wilmington|,601 South College Road,Wilmington,NC,28403-5963,www.uncw.edu/,5152,17987,1,0,348,411,33172808,33971734,95324.16,82656.29,110286.9382,94108.42955,100,1456,535,921,0.122252747,0.040521978,0.013736264,0.406862745,0.517948718,0.457671958,0.009803922,0.030769231,0.021164021,0.024509804,0.030769231,0.023809524,0.024509804,0.025641026,0.023809524,1.333333333,0.07472585,0.075803083,25.33333333,1.419791141,0.473938235
199272,William Peace University,560529988,295300,Peace,15 E Peace St,Raleigh,NC,27604-1194,www.peace.edu/,179,730,4,0,13,20,756600,1189300,58200.0,59465.0,110286.9382,94108.42955,100,124,57,67,0.177419355,0.040322581,0.0,0.5,0.642857143,0.5,0.0,0.0,0.0,0.0,0.0,0.0,0.0,0.071428571,0.0,1.333333333,1.870032726,0.075803083,0.666666667,0.935016363,0.473938235
199281,University of North Carolina at Pembroke,566000805,295400,UNCP,One University Drive,Pembroke,NC,28372-1510,https://www.uncp.edu/,2124,7630,1,0,138,160,11166105,11838241,80913.8,73989.01,110286.9382,94108.42955,100,535,207,328,0.112149533,0.024299065,0.013084112,0.4,0.591549296,0.507462687,0.014285714,0.028169014,0.02238806,0.057142857,0.056338028,0.052238806,0.071428571,0.070422535,0.074626866,1.333333333,0.173928168,0.075803083,21.33333333,2.782850683,0.473938235
199306,Pfeiffer University,560529990,295500,,48380 US Hwy 52N,Misenheimer,NC,28109-0960,www.pfeiffer.edu/,320,954,4,0,20,38,1556873,2762822,77843.65,72705.84,110286.9382,94108.42955,100,102,42,60,0.12745098,0.039215686,0.0,0.461538462,0.692307692,0.0,0.0,0.0,0.0,0.0,0.0,0.0,0.0,0.0,0.0,0.0,0,0.075803083,0.333333333,0.309789343,0.473938235
199412,Queens University of Charlotte,560530003,295700,Queens,1900 Selwyn Ave,Charlotte,NC,28274,www.queens.edu/,690,1846,4,0,44,74,3777715,5585898,85857.16,75485.11,110286.9382,94108.42955,100,298,120,178,0.181208054,0.040268456,0.016778523,0.5,0.652173913,0.547169811,0.029411765,0.0,0.0,0.0,0.0,0.0,0.029411765,0.043478261,0.037735849,0.0,0,0.075803083,0.666666667,0.35593522,0.473938235
199582,Saint Augustine's University,560547478,296800,,1315 Oakwood Avenue,Raleigh,NC,27610-2298,www.st-aug.edu/,108,943,4,0,32,28,1784084,1672783,55752.62,59742.25,110286.9382,94108.42955,100,166,73,93,0.84939759,0.030120482,0.012048193,0.666666667,0.538461538,0.777777778,0.333333333,0.307692308,0.555555556,0.0,0.0,0.0,0.333333333,0.0,0.111111111,0.0,0,0.075803083,5.333333333,4.813477738,0.473938235
199607,Salem College,560530005,296000,,601 S Church St,Winston-Salem,NC,27101,www.salem.edu/,120,519,3,0,7,30,561836,1959053,80262.29,65301.77,110286.9382,94108.42955,100,128,38,90,0.1796875,0.0859375,0.0,0.571428571,0.85,0.772727273,0.0,0.0,0.0,0.0,0.1,0.090909091,0.0,0.1,0.045454545,0.0,0,0.075803083,2.0,4.264392324,0.473938235
199643,Shaw University,560530235,296200,,118 East South Street,Raleigh,NC,27601,www.shawu.edu/,225,962,4,0,30,27,1534463,1345713,51148.77,49841.22,110286.9382,94108.42955,100,176,81,95,0.846590909,0.017045455,0.011363636,0.0,0.25,0.0,0.0,0.25,0.0,0.0,0.0,0.0,0.0,0.0,0.0,0.0,0,0.075803083,0.0,0,0.473938235
199698,St. Andrews University,560530240,154001,SAU,1700 Dogwood Mile,Laurinburg,NC,28352,www.sa.edu/,134,832,4,0,11,28,633189,1721500,57562.64,61482.14,110286.9382,94108.42955,100,77,36,41,0.207792208,0.012987013,0.0,1.0,0.555555556,0.5,0.0,0.111111111,0.0,0.0,0.0,0.0,0.0,0.0,0.0,0.0,0,0.075803083,0.666666667,0.824062629,0.473938235
199759,Southeastern Baptist Theological Seminary,560649251,296300,SEBTS,120 S. Wingate Street,Wake Forest,NC,27587-1889,www.sebts.edu/,526,2926,4,0,36,3,2906094,205278,80724.83,68426.0,110286.9382,94108.42955,100,220,135,85,0.027272727,0.040909091,0.059090909,0.0,0.153846154,0.0,0.0,0.0,0.0,0.0,0.0,0.0,0.0,0.0,0.0,0.0,0,0.075803083,0.666666667,0.241196334,0.473938235
199847,Wake Forest University,560532138,297800,,1834 Wake Forest Road,Winston-Salem,NC,27106,www.wfu.edu/,2802,9121,3,0,353,317,42094509,32487506,119247.9,102484.25,110286.9382,94108.42955,100,5626,1544,4082,0.187522218,0.050479915,0.034127266,0.313069909,0.426448737,0.387225549,0.016717325,0.028231798,0.021956088,0.016717325,0.019316493,0.025948104,0.027355623,0.043090639,0.021956088,0.666666667,0.074379858,0.075803083,7.0,0.780988508,0.473938235
199865,Warren Wilson College,560767736,297900,"Warren Wilson, WWC",701 Warren Wilson Rd,Swannanoa,NC,28778-2099,https://www.warren-wilson.edu/,158,797,3,0,22,35,1362361,2188234,61925.5,62520.97,110286.9382,94108.42955,100,139,47,92,0.043165468,0.057553957,0.007194245,0.619047619,0.583333333,0.0,0.047619048,0.0,0.0,0.0,0.0,0.0,0.047619048,0.0,0.0,0.0,0,0.075803083,3.0,3.783102144,0.473938235
199962,Wingate University,566049935,298500,,301 E. Wilson Street,Wingate,NC,28174-0159,https://www.wingate.edu/,814,3322,3,0,70,110,5494966,8915464,78499.51,81049.67,110286.9382,94108.42955,100,359,126,233,0.103064067,0.114206128,0.011142061,0.575757576,0.514705882,0.540816327,0.0,0.088235294,0.051020408,0.0,0.0,0.0,0.0,0.0,0.0,0.666666667,0.196309384,0.075803083,3.0,0.883392226,0.473938235
199999,Winston-Salem State University,566001466,298600,WSSU,601 S. Martin Luther King Jr Dr,Winston-Salem,NC,27110-0001,www.wssu.edu/,1083,4776,1,0,107,127,9593743,10905748,89661.15,85872.03,110286.9382,94108.42955,100,499,206,293,0.783567134,0.014028056,0.016032064,0.412698413,0.527472527,0.466216216,0.222222222,0.318681319,0.263513514,0.0,0.0,0.0,0.047619048,0.065934066,0.060810811,1.333333333,0.266453504,0.075803083,16.33333333,3.264055422,0.473938235
200004,Western Carolina University,566001440,298100,Western,Highway 107,Cullowhee,NC,28723-9646,www.wcu.edu/,3155,11628,1,1,262,287,22716434,22212550,86703.95,77395.64,110286.9382,94108.42955,100,921,405,516,0.035830619,0.022801303,0.008686211,0.416666667,0.541666667,0.474358974,0.0,0.006944444,0.004273504,0.0,0.0,0.0,0.008333333,0.013888889,0.012820513,1.333333333,0.114596763,0.075803083,10.33333333,0.88812491,0.473938235
200022,Bismarck State College,450343495,298800,BSC,1500 Edwards Ave.,Bismarck,ND,58506-5587,https://bismarckstate.edu/,841,4065,1,0,52,44,3445586,2847503,66261.27,64715.98,110286.9382,94108.42955,100,200,62,138,0.01,0.01,0.015,0.833333333,0.480769231,0.508474576,0.0,0.0,0.0,0.0,0.0,0.0,0.0,0.0,0.0,0.0,0,0.075803083,1.333333333,0.353575533,0.473938235
200059,Dickinson State University,456002480,298900,DSU,291 Campus Drive,Dickinson,ND,58601-4896,www.dickinsonstate.edu/,277,1453,1,0,29,29,2130592,1857992,73468.69,64068.69,110286.9382,94108.42955,100,125,54,71,0.008,0.016,0.048,0.5,0.2,0.384615385,0.0,0.0,0.0,0.0,0.0,0.0,0.0,0.0,0.0,0.0,0,0.075803083,0.0,0,0.473938235
200156,University of Jamestown,450231180,299000,UJ Jimmies,608 6th St NE,Jamestown,ND,58405,www.uj.edu/,253,1215,4,0,42,46,2922903,3309580,69592.93,71947.39,110286.9382,94108.42955,100,159,85,74,0.0,0.0,0.0,0.4,0.65,0.0,0.0,0.0,0.0,0.0,0.0,0.0,0.0,0.0,0.0,1.333333333,1.073537305,0.075803083,1.666666667,1.341921632,0.473938235
200192,Lake Region State College,450281889,299100,LRSC,1801 College Dr N,Devils Lake,ND,58301-1598,www.lrsc.edu/,281,1810,1,1,13,24,1007144,1655308,77472.62,68971.17,110286.9382,94108.42955,100,75,24,51,0.013333333,0.0,0.0,0.666666667,0.615384615,0.5,0.0,0.0,0.0,0.0,0.0,0.0,0.0,0.0,0.0,0.0,0,0.075803083,0.0,0,0.473938235
200217,University of Mary,450273403,299200,UMary/Marauders,7500 University Dr,Bismarck,ND,58504,https://www.umary.edu/,961,3794,4,0,81,88,1337943,2349075,16517.81,26694.03,110286.9382,94108.42955,100,244,116,128,0.016393443,0.028688525,0.012295082,0.2,0.534883721,0.0,0.0,0.0,0.0,0.066666667,0.0,0.0,0.0,0.0,0.0,0.0,0,0.075803083,0.333333333,0.091274188,0.473938235
200226,Mayville State University,456002485,299300,,330 Third Street NE,Mayville,ND,58257-1299,www.mayvillestate.edu/,232,1025,1,1,28,25,1567035,1633045,55965.54,65321.8,110286.9382,94108.42955,100,113,29,84,0.017699115,0.0,0.0,0.333333333,0.4,0.368421053,0.0,0.0,0.0,0.0,0.0,0.0,0.0,0.0,0.0,0.666666667,0.593647967,0.075803083,1.333333333,1.187295934,0.473938235
200253,Minot State University,456002481,299400,MSU,500 University Ave W,Minot,ND,58707,www.minotstateu.edu/,590,2741,1,1,57,84,4071923,6091428,71437.25,72517.0,110286.9382,94108.42955,100,271,98,173,0.044280443,0.007380074,0.007380074,0.416666667,0.461538462,0.553846154,0.0,0.0,0.0,0.0,0.0,0.0,0.0,0.038461538,0.015384615,0.0,0,0.075803083,0.0,0,0.473938235
200280,University of North Dakota,456002491,300500,,"264 Centennial Drive, Stop 8193",Grand Forks,ND,58202-8193,https://und.edu/,3096,14172,1,1,335,234,32571488,19837127,97228.32,84774.05,110286.9382,94108.42955,100,1683,661,1022,0.011883541,0.007130125,0.026143791,0.339285714,0.4,0.326315789,0.0,0.0,0.0,0.0,0.0,0.0,0.005952381,0.017142857,0.010526316,0.666666667,0.048044585,0.075803083,5.333333333,0.384356683,0.473938235
200305,North Dakota State College of Science,456002451,299600,,800 N 6th St,Wahpeton,ND,58076-0002,https://www.ndscs.edu/,581,3140,1,0,56,48,3607474,2994061,64419.18,62376.27,110286.9382,94108.42955,100,167,43,124,0.005988024,0.0,0.0,0.0,0.424242424,0.402985075,0.0,0.0,0.0,0.0,0.015151515,0.014925373,0.0,0.0,0.0,0.0,0,0.075803083,1.0,0.339904827,0.473938235
200314,Dakota College at Bottineau,456002445,299500,MSU-Bottineau,105 Simrall Blvd,Bottineau,ND,58318-1198,www.dakotacollege.edu/,156,1180,1,0,12,21,593734,1221084,49477.83,58146.86,110286.9382,94108.42955,100,52,13,39,0.0,0.019230769,0.0,0.75,0.5,0.666666667,0.0,0.0,0.0,0.0,0.0,0.0,0.0,0.0,0.0,0.0,0,0.075803083,0.666666667,0.617283951,0.473938235
200332,North Dakota State University-Main Campus,456002439,299700,"North Dakota State University, NDSU",1301  12th Avenue North,Fargo,ND,58108-6050,https://www.ndsu.edu/,2764,11952,1,1,273,222,27750269,20047241,101649.34,90302.89,110286.9382,94108.42955,100,1769,767,1002,0.017524025,0.022046354,0.05031091,0.353333333,0.410958904,0.356060606,0.0,0.0,0.0,0.0,0.0,0.0,0.06,0.061643836,0.068181818,0.0,0,0.075803083,1.0,0.081685999,0.473938235
200341,Williston State College,450324813,300700,WSC,1410 University Avenue,Williston,ND,58801,https://willistonstate.edu/,205,912,1,0,24,16,1611307,1165684,67137.79,72855.25,110286.9382,94108.42955,100,54,21,33,0.037037037,0.018518519,0.055555556,0.666666667,0.4,0.5,0.0,0.0,0.0,0.0,0.0,0.0,0.0,0.0,0.0,0.0,0,0.075803083,0.0,0,0.473938235
200484,Trinity Bible College and Graduate School,450306841,1205900,,50 6th Ave S,Ellendale,ND,58436-7105,trinitybiblecollege.edu/,53,244,4,0,11,3,474619,109457,43147.18,36485.67,110286.9382,94108.42955,100,71,26,45,0.0,0.0,0.028169014,0.0,0.142857143,0.0,0.0,0.0,0.0,0.0,0.0,0.0,0.0,0.0,0.0,0.0,0,0.075803083,0.0,0,0.473938235
200572,Valley City State University,456002482,300800,VCSU,101 College St SW,Valley City,ND,58072,www.vcsu.edu/,339,1754,1,0,33,40,2078966,2383523,62998.97,59588.08,110286.9382,94108.42955,100,127,51,76,0.015748031,0.0,0.007874016,0.466666667,0.714285714,0.535714286,0.0,0.0,0.0,0.0,0.0,0.0,0.0,0.0,0.0,0.0,0,0.075803083,0.0,0,0.473938235
200800,University of Akron Main Campus,346002924,312300,,302 Buchtel Common,Akron,OH,44325-2102,www.uakron.edu/,3088,13518,1,1,287,201,27889129,17618661,97174.67,87655.03,110286.9382,94108.42955,100,1238,637,601,0.12358643,0.012924071,0.024232633,0.268571429,0.469026549,0.34519573,0.017142857,0.008849558,0.014234875,0.005714286,0.008849558,0.007117438,0.057142857,0.10619469,0.074733096,0.666666667,0.049511078,0.075803083,9.666666667,0.717910633,0.473938235
201104,Ashland University,340714626,301200,,401 College Avenue,Ashland,OH,44805,https://www.ashland.edu/,1097,4143,4,0,79,60,5561411,3970905,70397.61,66181.75,110286.9382,94108.42955,100,587,242,345,0.06132879,0.018739353,0.008517888,0.214285714,0.424242424,0.311688312,0.0,0.03030303,0.012987013,0.023809524,0.0,0.012987013,0.0,0.03030303,0.012987013,2.666666667,0.638875579,0.075803083,5.333333333,1.277751158,0.473938235
201177,Aultman College of Nursing and Health Sciences,201359433,648700,Aultman College,2600 6th St SW,Canton,OH,44710-1797,https://www.aultmancollege.edu/,83,241,3,0,3,10,207928,651343,69309.33,65134.3,110286.9382,94108.42955,100,29,6,23,0.034482759,0.0,0.0,0.0,0.5,0.0,0.0,0.0,0.0,0.0,0.0,0.0,0.0,0.0,0.0,0.0,0,0.075803083,2.666666667,10.66666667,0.473938235
201195,Baldwin Wallace University,340714629,301400,Baldwin Wallace  Baldwin-Wallace College  Baldwin-Wallace,275 Eastland Rd,Berea,OH,44017-2088,https://www.bw.edu/,849,3308,3,0,108,133,8703295,10719310,80586.06,80596.32,110286.9382,94108.42955,100,587,218,369,0.049403748,0.02044293,0.018739353,0.488095238,0.642857143,0.534883721,0.0,0.023809524,0.0,0.011904762,0.023809524,0.015503876,0.047619048,0.023809524,0.03875969,0.0,0,0.075803083,1.0,0.310559006,0.473938235
201283,Belmont College,310803587,994100,Belmont College,68094 Hammond Road,St Clairsville,OH,43950,www.belmontcollege.edu/,150,833,1,0,10,21,519198,1028032,51919.8,48953.9,110286.9382,94108.42955,100,42,19,23,0.0,0.023809524,0.0,0.888888889,0.333333333,0.0,0.0,0.0,0.0,0.0,0.0,0.0,0.0,0.0,0.0,0.0,0,0.075803083,0.0,0,0.473938235
201371,Bluffton University,344428207,301600,,1 University Drive,Bluffton,OH,45817-2104,www.bluffton.edu/,190,678,4,0,24,20,1229524,933169,51230.17,46658.45,110286.9382,94108.42955,100,94,49,45,0.053191489,0.0,0.0,0.333333333,0.285714286,0.235294118,0.0,0.0,0.0,0.0,0.0,0.0,0.0,0.0,0.0,7.333333333,9.843400447,0.075803083,0.0,0,0.473938235
201432,Bowling Green State University-Firelands,346402018,301801,BGSU-Firelands,One University Drive,Huron,OH,44839-9791,https://www.firelands.bgsu.edu/,286,1928,1,0,20,28,1514435,1978341,75721.75,70655.04,110286.9382,94108.42955,100,46,14,32,0.02173913,0.043478261,0.0,0.5,0.375,0.4375,0.0,0.0,0.0,0.0,0.0,0.0,0.0,0.0,0.0,0.0,0,0.075803083,0.0,0,0.473938235
201441,Bowling Green State University-Main Campus,346402018,301800,BGSU,220 McFall Ctr,Bowling Green,OH,43403,www.bgsu.edu/,4383,17027,1,0,354,383,35980579,34404777,101640.05,89829.7,110286.9382,94108.42955,100,1152,454,698,0.047743056,0.050347222,0.018229167,0.408866995,0.521505376,0.463350785,0.014778325,0.02688172,0.020942408,0.009852217,0.021505376,0.015706806,0.064039409,0.086021505,0.07591623,0.0,0,0.075803083,3.0,0.177304965,0.473938235
201548,Capital University,314379435,302300,,1 College and Main,Columbus,OH,43209-2394,https://www.capital.edu/,754,2388,4,0,68,80,5611049,5920734,82515.43,74009.18,110286.9382,94108.42955,100,243,106,137,0.111111111,0.024691358,0.012345679,0.5,0.407407407,0.478873239,0.02173913,0.0,0.014084507,0.02173913,0.037037037,0.028169014,0.02173913,0.037037037,0.028169014,0.0,0,0.075803083,3.333333333,1.273723093,0.473938235
201645,Case Western Reserve University,341018992,302400,CWRU|Case|Case Western Reserve,10900 Euclid Ave,Cleveland,OH,44106,www.case.edu/,3502,12266,3,0,416,344,58974254,37453436,141765.03,108876.27,110286.9382,94108.42955,100,3205,1236,1969,0.186583463,0.032449298,0.101404056,0.287234043,0.449612403,0.306273063,0.006382979,0.03875969,0.014760148,0.00212766,0.007751938,0.005535055,0.040425532,0.07751938,0.049815498,0.0,0,0.075803083,3.333333333,0.27320165,0.473938235
201654,Cedarville University,310536647,302500,,251 N. Main Street,Cedarville,OH,45314-0601,https://www.cedarville.edu/,978,5374,4,0,153,92,12814244,6880648,83753.23,74789.65,110286.9382,94108.42955,100,399,171,228,0.005012531,0.007518797,0.010025063,0.181818182,0.358974359,0.273584906,0.0,0.025641026,0.009433962,0.0,0.0,0.0,0.025974026,0.025641026,0.037735849,0.0,0,0.075803083,2.0,0.403225806,0.473938235
201672,Central Ohio Technical College,310802020,1104600,COTC,1179 University Drive,Newark,OH,43055-1767,www.cotc.edu/,547,2890,1,0,17,35,1346928,2811676,79231.06,80333.6,110286.9382,94108.42955,100,115,42,73,0.034782609,0.008695652,0.0,0.692307692,0.714285714,0.5,0.0,0.142857143,0.0,0.0,0.0,0.0,0.0,0.0,0.0,0.0,0,0.075803083,2.333333333,0.892629431,0.473938235
201690,Central State University,316056634,302600,,1400 Brush Row Rd,Wilberforce,OH,45384-1004,https://www.centralstate.edu/,1057,3454,1,0,65,48,4658453,3045086,71668.51,63439.29,110286.9382,94108.42955,100,374,150,224,0.56684492,0.005347594,0.050802139,0.379310345,0.243243243,0.384615385,0.137931034,0.054054054,0.138461538,0.034482759,0.0,0.015384615,0.103448276,0.027027027,0.061538462,0.0,0,0.075803083,2.0,0.368053,0.473938235
201821,The Christ College of Nursing and Health Sciences,203823825,648900,,2139 Auburn Avenue,Cincinnati,OH,45219-2989,https://www.thechristcollege.edu/,257,765,3,0,9,34,667599,2589694,74177.67,76167.47,110286.9382,94108.42955,100,43,8,35,0.069767442,0.0,0.0,0.0,0.666666667,0.0,0.0,0.0,0.0,0.0,0.0,0.0,0.0,0.0,0.0,0.0,0,0.075803083,0.333333333,0.38491147,0.473938235
201885,University of Cincinnati-Main Campus,316000989,312500,,2624 Clifton Avenue,Cincinnati,OH,45221-0063,www.uc.edu/,11211,43338,1,1,741,707,85473772,67275197,115349.22,95155.87,110286.9382,94108.42955,100,5045,1872,3173,0.141526264,0.030921705,0.050941526,0.350328947,0.469717362,0.370629371,0.013157895,0.025572005,0.020979021,0.018092105,0.01345895,0.020979021,0.057565789,0.067294751,0.068531469,1.333333333,0.032397846,0.075803083,23.66666667,0.575061758,0.473938235
201928,Cincinnati State Technical and Community College,310784054,1034500,Cincinnati State|Cincy State|CSTCC|CTC|CState,3520 Central Parkway,Cincinnati,OH,45223-2690,www.cincinnatistate.edu/,1204,8681,1,1,62,108,5257621,7455825,84800.34,69035.42,110286.9382,94108.42955,100,159,67,92,0.27672956,0.006289308,0.037735849,0.0,0.0,0.589473684,0.0,0.0,0.084210526,0.0,0.0,0.0,0.0,0.0,0.021052632,0.0,0,0.075803083,0.333333333,0.039663652,0.473938235
201946,University of Cincinnati-Clermont College,316000989,312501,,4200 Clermont College Dr,Batavia,OH,45103,www.ucclermont.edu/,747,8324,1,0,30,53,2744606,4729997,91486.87,89245.23,110286.9382,94108.42955,100,92,41,51,0.065217391,0.02173913,0.032608696,0.617647059,0.6,0.591836735,0.0,0.0,0.0,0.0,0.0,0.0,0.088235294,0.15,0.102040816,0.0,0,0.075803083,0.333333333,0.044754744,0.473938235
201955,University of Cincinnati-Blue Ash College,316000989,312502,,9555 Plainfield Rd,Blue Ash,OH,45236-1096,www.ucblueash.edu/,761,7166,1,0,73,109,6079536,9288533,83281.32,85215.9,110286.9382,94108.42955,100,108,44,64,0.111111111,0.037037037,0.027777778,0.74,0.540540541,0.621848739,0.04,0.013513514,0.025210084,0.04,0.0,0.016806723,0.02,0.040540541,0.033613445,0.0,0,0.075803083,0.666666667,0.101486781,0.473938235
201964,Ohio Christian University,310971599,303000,OCU,1476 Lancaster Pike,Circleville,OH,43113-9487,www.ohiochristian.edu/,354,1483,4,0,21,15,834959,418007,39759.95,27867.13,110286.9382,94108.42955,100,102,42,60,0.009803922,0.0,0.009803922,0.75,0.25,0.0,0.0,0.25,0.0,0.0,0.0,0.0,0.0,0.0,0.0,0.0,0,0.075803083,0.0,0,0.473938235
201973,Clark State College,310734597,485200,,570 E Leffel Ln,Springfield,OH,45501-0570,https://www.clarkstate.edu/,1074,4724,1,0,24,64,1397094,3745865,58212.25,58529.14,110286.9382,94108.42955,100,187,74,113,0.187165775,0.010695187,0.0,0.695652174,0.769230769,0.0,0.043478261,0.0,0.0,0.0,0.0,0.0,0.0,0.076923077,0.0,0.0,0,0.075803083,0.0,0,0.473938235
202046,Cleveland Institute of Art,340714334,398200,CIA,11610 Euclid Avenue,Cleveland,OH,44106-1710,www.cia.edu/,111,566,3,0,31,20,2052544,1280734,66211.1,64036.7,110286.9382,94108.42955,100,97,43,54,0.144329897,0.06185567,0.010309278,0.5,0.266666667,0.36,0.0,0.0,0.0,0.0,0.0,0.0,0.0,0.0,0.0,0.0,0,0.075803083,0.0,0,0.473938235
202134,Cleveland State University,340966056,303200,,2121 Euclid Avenue,Cleveland,OH,44115-2214,www.csuohio.edu/,3857,14117,1,0,282,262,28992034,22292213,102808.63,85084.78,110286.9382,94108.42955,100,1057,500,557,0.228003784,0.046357616,0.024597919,0.34057971,0.5,0.38372093,0.02173913,0.045454545,0.027131783,0.0,0.028409091,0.011627907,0.057971014,0.056818182,0.050387597,0.0,0,0.075803083,4.333333333,0.301239717,0.473938235
202170,Columbus College of Art & Design,310820394,303900,CCAD,60 Cleveland Ave.,Columbus,OH,43215,www.ccad.edu/,228,918,3,0,28,32,1928430,2206090,68872.5,68940.31,110286.9382,94108.42955,100,107,37,70,0.214953271,0.028037383,0.009345794,0.523809524,0.473684211,0.0,0.0,0.0,0.0,0.0,0.0,0.0,0.0,0.0,0.0,0.0,0,0.075803083,0.0,0,0.473938235
202222,Columbus State Community College,310729591,686700,Columbus State|CSCC|C-State,550 E Spring St,Columbus,OH,43215,https://www.cscc.edu/,4395,26663,1,0,157,195,10784815,12754010,68693.09,65405.18,110286.9382,94108.42955,100,1048,415,633,0.21851145,0.025763359,0.021946565,0.512,0.566037736,0.516,0.032,0.056603774,0.044,0.008,0.018867925,0.012,0.0,0.037735849,0.008,0.0,0,0.075803083,0.333333333,0.013264887,0.473938235
202356,Cuyahoga Community College District,340896630,304000,,700 Carnegie Ave,Cleveland,OH,44115-2878,www.tri-c.edu/,3336,17407,1,1,157,227,14170557,20016214,90258.32,88177.15,110286.9382,94108.42955,100,1697,748,949,0.267530937,0.037713612,0.017678256,0.615384615,0.645833333,0.589171975,0.076923077,0.125,0.095541401,0.051282051,0.010416667,0.00955414,0.0,0.03125,0.025477707,0.0,0,0.075803083,1.333333333,0.084580902,0.473938235
202480,University of Dayton,310536715,312700,,300 College Park,Dayton,OH,45469,https://udayton.edu/,3433,11304,4,1,381,302,37582398,24338425,98641.46,80590.81,110286.9382,94108.42955,100,2166,1122,1044,0.072945522,0.028624192,0.038319483,0.293706294,0.415662651,0.365448505,0.006993007,0.024096386,0.013289037,0.013986014,0.018072289,0.016611296,0.034965035,0.060240964,0.049833887,4.666666667,0.399748729,0.075803083,13.0,1.113585746,0.473938235
202514,Defiance College,344430762,304100,,701 N Clinton St.,Defiance,OH,43512,www.defiance.edu/,104,511,4,0,20,17,1292262,965520,64613.1,56795.29,110286.9382,94108.42955,100,89,38,51,0.112359551,0.011235955,0.0,0.0,0.333333333,0.2,0.0,0.0,0.0,0.0,0.0,0.0,0.0,0.0,0.0,0.0,0,0.075803083,2.0,3.703703704,0.473938235
202523,Denison University,314379459,304200,Denison|DU|Dennison University|Denison U|Dennison U|Camp Denidoo|Denidoo|Big Red,100 West College Street,Granville,OH,43023,https://www.denison.edu/,509,2405,3,0,131,118,13213250,11094108,100864.5,94017.86,110286.9382,94108.42955,100,578,227,351,0.041522491,0.019031142,0.019031142,0.302325581,0.541176471,0.459677419,0.023255814,0.023529412,0.024193548,0.023255814,0.070588235,0.056451613,0.0,0.058823529,0.040322581,0.0,0,0.075803083,7.333333333,3.035320088,0.473938235
202648,Edison State Community College,310836468,1275000,Edison Community College,1973 Edison Dr,Piqua,OH,45356-9239,www.edisonohio.edu/,663,4548,1,1,18,28,1061972,1531958,58998.44,54712.79,110286.9382,94108.42955,100,130,57,73,0.007692308,0.023076923,0.007692308,0.5,0.666666667,0.0,0.0,0.0,0.0,0.0,0.0,0.0,0.0,0.0,0.0,0.0,0,0.075803083,0.0,0,0.473938235
202763,The University of Findlay,344431169,304500,,1000 North Main Street,Findlay,OH,45840-3653,findlay.edu/,783,5057,4,0,107,114,8307002,9003736,77635.53,78980.14,110286.9382,94108.42955,100,331,123,208,0.018126888,0.018126888,0.021148036,0.5,0.5,0.414285714,0.0,0.0,0.0,0.0,0.0,0.0,0.055555556,0.018518519,0.028571429,0.0,0,0.075803083,6.0,1.23228589,0.473938235
202912,Good Samaritan College of Nursing and Health Science,311778403,649400,Good Samaritan College,375 Dixmyth Ave,Cincinnati,OH,45220-2489,www.gscollege.edu/,121,457,4,0,3,22,283653,1937571,94551.0,88071.41,110286.9382,94108.42955,100,24,11,13,0.25,0.041666667,0.0,0.666666667,1.0,0.0,0.0,0.0,0.0,0.0,0.0,0.0,0.0,0.0,0.0,0.0,0,0.075803083,0.0,0,0.473938235
203067,Hebrew Union College-Jewish Institute of Religion,310537067,405400,HUC-JIR,One W 4th St,New York,NY,10012-1186,www.huc.edu/,127,266,4,0,35,20,1852645,1532254,52932.71,76612.7,110286.9382,94108.42955,100,140,54,86,0.1,0.042857143,0.035714286,0.3125,0.625,0.333333333,0.03125,0.0,0.033333333,0.0,0.0,0.0,0.0,0.0,0.0,0.0,0,0.075803083,0.0,0,0.473938235
203085,Heidelberg University,344428219,304800,Heidelburg College|Hiedelberg College|Hiedelburg College|Heidleberg College|Heidleburg College|The 'Berg|Heidelberg University|Hiedelberg University|Heidelburg University,310 E Market St,Tiffin,OH,44883-2462,https://www.heidelberg.edu/,284,1059,4,0,24,28,1410814,1744376,58783.92,62299.14,110286.9382,94108.42955,100,157,62,95,0.025477707,0.012738854,0.012738854,0.583333333,0.615384615,0.631578947,0.0,0.0,0.0,0.0,0.0,0.0,0.166666667,0.0,0.105263158,0.0,0,0.075803083,1.0,0.920810313,0.473938235
203128,Hiram College,340714670,304900,Hiram,,Hiram,OH,44234-0067,www.hiram.edu/,170,1011,3,0,28,34,1710663,2067310,61095.11,60803.24,110286.9382,94108.42955,100,135,56,79,0.066666667,0.007407407,0.014814815,0.5625,0.5,0.513513514,0.0,0.0,0.0,0.0625,0.045454545,0.054054054,0.0,0.136363636,0.081081081,0.0,0,0.075803083,0.0,0,0.473938235
203331,Eastern Gateway Community College,341015707,727500,,110 John Scott Highway,Steubenville,OH,43952-3598,www.egcc.edu/,8216,15493,1,1,32,55,2160772,3691132,67524.12,67111.49,110286.9382,94108.42955,100,269,98,171,0.159851301,0.003717472,0.014869888,0.666666667,0.636363636,0.0,0.0,0.0,0.0,0.0,0.0,0.0,0.083333333,0.0,0.0,0.0,0,0.075803083,0.666666667,0.021955825,0.473938235
203368,John Carroll University,340714681,305000,JCU,1 John Carroll Boulevard,University Heights,OH,44118-4538,jcu.edu/,842,2773,4,0,78,64,7567428,5442650,97018.31,85041.41,110286.9382,94108.42955,100,351,151,200,0.051282051,0.017094017,0.017094017,0.442307692,0.5,0.470588235,0.0,0.02,0.009803922,0.019230769,0.06,0.039215686,0.0,0.06,0.039215686,0.0,0,0.075803083,1.0,0.342231348,0.473938235
203447,Kent State University at Ashtabula,316402079,305105,,3300 Lake Road West,Ashtabula,OH,44004,www.kent.edu/ashtabula,172,1762,1,0,12,23,988149,1583811,82345.75,68861.35,110286.9382,94108.42955,100,37,11,26,0.054054054,0.0,0.0,0.0,0.5,0.416666667,0.0,0.0,0.0,0.0,0.0,0.0,0.0,0.0,0.0,0.0,0,0.075803083,0.0,0,0.473938235
203456,Kent State University at East Liverpool,316402079,305106,,400 E 4th St,East Liverpool,OH,43920,www.kent.edu/columbiana,60,1056,1,0,8,6,607011,418321,75876.38,69720.17,110286.9382,94108.42955,100,15,4,11,0.0,0.0,0.0,0.0,0.25,0.4,0.0,0.0,0.0,0.0,0.125,0.2,0.0,0.125,0.2,0.0,0,0.075803083,0.333333333,0.325520833,0.473938235
203465,Kent State University at Stark,316402079,305102,,6000 Frank Ave NW,North Canton,OH,44720-7599,www.kent.edu/stark,414,3433,1,0,42,46,3539125,3495215,84264.88,75982.93,110286.9382,94108.42955,100,89,34,55,0.04494382,0.0,0.011235955,0.4375,0.454545455,0.396226415,0.0,0.0,0.0,0.0,0.045454545,0.037735849,0.0,0.022727273,0.018867925,0.0,0,0.075803083,0.333333333,0.096730509,0.473938235
203474,Kent State University at Trumbull,316402079,305104,,4314 Mahoning Ave N.W.,Warren,OH,44483,www.kent.edu/trumbull,210,2029,1,0,16,25,1429170,1878340,89323.12,75133.6,110286.9382,94108.42955,100,47,13,34,0.042553191,0.0,0.021276596,0.75,0.416666667,0.4375,0.0,0.0,0.0,0.0,0.083333333,0.0625,0.083333333,0.083333333,0.125,0.0,0,0.075803083,0.0,0,0.473938235
203483,Kent State University at Tuscarawas,316402079,305103,,330 University Dr N.E.,New Philadelphia,OH,44663-9403,www.kent.edu/tusc,255,1885,1,0,23,25,1671806,1798160,72687.22,71926.4,110286.9382,94108.42955,100,104,54,50,0.0,0.0,0.0,0.428571429,0.555555556,0.476190476,0.0,0.0,0.0,0.0,0.0,0.0,0.142857143,0.055555556,0.0,0.0,0,0.075803083,0.0,0,0.473938235
203492,Kent State University at Salem,316402079,305107,,2491 State Route 45 South,Salem,OH,44460,www.kent.edu/columbiana,136,1463,1,0,8,23,623354,1564885,77919.25,68038.48,110286.9382,94108.42955,100,26,6,20,0.0,0.0,0.0,0.666666667,0.666666667,0.571428571,0.0,0.0,0.0,0.0,0.0,0.0,0.0,0.166666667,0.142857143,0.0,0,0.075803083,0.0,0,0.473938235
203517,Kent State University at Kent,316402079,305100,,"Executive Office, 2nd Floor Library",Kent,OH,44242-0001,www.kent.edu/,6420,26106,1,1,422,516,43313952,45797997,102639.7,88755.81,110286.9382,94108.42955,100,2149,824,1325,0.099115868,0.020939972,0.01023732,0.482517483,0.530864198,0.463800905,0.006993007,0.021604938,0.011312217,0.01048951,0.015432099,0.015837104,0.041958042,0.027777778,0.033936652,4.0,0.154714938,0.075803083,11.66666667,0.451251902,0.473938235
203526,Kent State University at Geauga,316402079,305101,,14111 Claridon-Troy Rd,Burton,OH,44021,www.kent.edu/geauga,165,2154,1,0,7,25,515274,1655642,73610.57,66225.68,110286.9382,94108.42955,100,32,11,21,0.0625,0.0625,0.03125,0.714285714,0.875,0.571428571,0.0,0.125,0.142857143,0.0,0.0,0.0,0.285714286,0.0,0.142857143,0.0,0,0.075803083,0.0,0,0.473938235
203535,Kenyon College,314379507,306500,,Kenyon College,Gambier,OH,43022,https://www.kenyon.edu/,495,2184,3,0,109,112,9973434,9365545,91499.39,83620.94,110286.9382,94108.42955,100,456,172,284,0.019736842,0.01754386,0.006578947,0.355932203,0.518518519,0.445783133,0.016949153,0.037037037,0.036144578,0.033898305,0.018518519,0.036144578,0.0,0.055555556,0.036144578,0.666666667,0.353669319,0.075803083,5.0,2.652519894,0.473938235
203544,Kettering College,310621866,703500,,3737 Southern Blvd,Kettering,OH,45429-1299,kc.edu/,245,812,4,0,16,48,1491048,4354751,93190.5,90723.98,110286.9382,94108.42955,100,66,17,49,0.075757576,0.060606061,0.03030303,0.588235294,0.727272727,0.0,0.058823529,0.045454545,0.0,0.0,0.0,0.0,0.0,0.045454545,0.0,0.0,0,0.075803083,0.0,0,0.473938235
203580,Lake Erie College,340733165,306600,LEC,391 W Washington St,Painesville,OH,44077-3389,www.lec.edu/,196,942,3,0,25,32,1194048,1924935,47761.92,60154.22,110286.9382,94108.42955,100,145,74,71,0.048275862,0.006896552,0.013793103,0.7,0.5625,0.482758621,0.0,0.0,0.0,0.0,0.0,0.0,0.0,0.0625,0.034482759,0.666666667,0.735835173,0.075803083,0.0,0,0.473938235
203599,Lakeland Community College,341011011,680400,Lakeland|Lakeland College|LCC,7700 Clocktower Drive,Kirtland,OH,44094-5198,www.lakelandcc.edu/,994,4654,1,1,54,68,5459969,5956297,101110.54,87592.6,110286.9382,94108.42955,100,264,92,172,0.037878788,0.026515152,0.003787879,0.517647059,0.5,0.495049505,0.0,0.0,0.0,0.0,0.0,0.0,0.011764706,0.0,0.00990099,0.0,0,0.075803083,0.333333333,0.072150072,0.473938235
203678,James A. Rhodes State College,310802588,1002700,Rhodes State College,4240 Campus Dr,Lima,OH,45804,www.rhodesstate.edu/,588,3968,1,1,18,39,1094158,2130555,60786.56,54629.62,110286.9382,94108.42955,100,130,44,86,0.053846154,0.0,0.0,0.75,0.7,0.0,0.0,0.0,0.0,0.0,0.0,0.0,0.0,0.0,0.0,0.0,0,0.075803083,0.666666667,0.188697047,0.473938235
203748,Lorain County Community College,340930187,306800,LCCC,1005 North Abbe Rd,Elyria,OH,44035-1691,https://www.lorainccc.edu/,2024,9410,1,1,59,74,4482869,5328720,75980.83,72009.73,110286.9382,94108.42955,100,642,227,415,0.085669782,0.090342679,0.014018692,0.488372093,0.47826087,0.5,0.023255814,0.0,0.026315789,0.0,0.0,0.0,0.046511628,0.0,0.026315789,0.0,0,0.075803083,2.666666667,0.290803344,0.473938235
203757,Lourdes University,341226547,306900,,6832 Convent Blvd,Sylvania,OH,43560-2898,www.lourdes.edu/,242,1014,4,0,13,43,733342,2489216,56410.92,57888.74,110286.9382,94108.42955,100,113,39,74,0.123893805,0.044247788,0.008849558,0.666666667,0.6875,0.0,0.166666667,0.0,0.0,0.0,0.0,0.0,0.0,0.0625,0.0,1.333333333,1.17370892,0.075803083,3.333333333,2.9342723,0.473938235
203775,Malone University,340737794,307200,,2600 Cleveland Avenue NW,Canton,OH,44709-3308,https://www.malone.edu/,323,1205,4,0,21,23,1319376,1477910,62827.43,64256.96,110286.9382,94108.42955,100,172,75,97,0.046511628,0.0,0.0,0.444444444,0.5,0.5,0.0,0.0,0.0,0.0,0.0,0.0,0.0,0.0,0.0,0.0,0,0.075803083,0.0,0,0.473938235
203845,Marietta College,314379584,307300,,Irvine Bldg,Marietta,OH,45750,https://www.marietta.edu/,310,1171,3,0,52,45,3767536,3135025,72452.62,69667.22,110286.9382,94108.42955,100,212,92,120,0.018867925,0.009433962,0.014150943,0.382352941,0.37037037,0.351851852,0.0,0.0,0.0,0.0,0.0,0.0,0.0,0.037037037,0.018518519,0.0,0,0.075803083,1.0,0.834724541,0.473938235
203881,Marion Technical College,310798878,1073600,,1467 Mount Vernon Ave,Marion,OH,43302-5694,www.mtc.edu/,372,3008,1,0,18,32,1147751,2008439,63763.94,62763.72,110286.9382,94108.42955,100,69,21,48,0.028985507,0.0,0.0,0.692307692,0.5,0.0,0.0,0.0,0.0,0.0,0.0,0.0,0.0,0.0,0.0,0.0,0,0.075803083,0.666666667,0.240934827,0.473938235
203960,Mercy College of Ohio,341726619,3097000,Mercy College,2221 Madison Avenue,Toledo,OH,43604-1132,www.mercycollege.edu/,448,1150,4,0,5,38,380234,2909685,76046.8,76570.66,110286.9382,94108.42955,100,78,18,60,0.076923077,0.0,0.0,0.666666667,0.833333333,0.0,0.333333333,0.0,0.0,0.0,0.0,0.0,0.0,0.166666667,0.0,0.0,0,0.075803083,1.0,0.793021412,0.473938235
204006,Miami University-Hamilton,316402089,307702,,1601 University Blvd,Hamilton,OH,45011,miamioh.edu/regionals/,484,2374,1,1,45,66,3342128,4815340,74269.51,72959.7,110286.9382,94108.42955,100,108,37,71,0.092592593,0.037037037,0.0,0.583333333,0.472222222,0.5,0.0,0.0,0.0,0.083333333,0.0,0.020833333,0.0,0.083333333,0.0625,0.0,0,0.075803083,0.333333333,0.146972369,0.473938235
204015,Miami University-Middletown,316402089,307701,,4200 E University Blvd,Middletown,OH,45042,miamioh.edu/regionals/,182,1213,1,1,22,16,1494777,1117075,67944.41,69817.19,110286.9382,94108.42955,100,91,38,53,0.120879121,0.032967033,0.010989011,0.666666667,0.384615385,0.4375,0.333333333,0.0,0.0625,0.0,0.0,0.0,0.0,0.230769231,0.1875,0.0,0,0.075803083,0.333333333,0.262674022,0.473938235
204024,Miami University-Oxford,316402089,307700,Miami of Ohio,501 East High St,Oxford,OH,45056,miamioh.edu/,4840,18618,1,1,504,373,52082560,33001051,103338.41,88474.67,110286.9382,94108.42955,100,2035,868,1167,0.053071253,0.016707617,0.01965602,0.382716049,0.365,0.373873874,0.024691358,0.015,0.02027027,0.020576132,0.01,0.015765766,0.041152263,0.045,0.042792793,1.333333333,0.069782453,0.075803083,21.0,1.099073638,0.473938235
204176,Mount Carmel College of Nursing,311308555,3071900,,127 So. Davis Ave,Columbus,OH,43222-1504,www.mccn.edu/,323,712,4,0,4,53,395865,5376800,98966.25,101449.06,110286.9382,94108.42955,100,33,13,20,0.03030303,0.090909091,0.0,1.0,0.9375,0.0,0.0,0.0,0.0,0.0,0.0,0.0,0.0,0.0,0.0,0.0,0,0.075803083,0.0,0,0.473938235
204185,University of Mount Union,340714687,308300,,1972 Clark Ave.,Alliance,OH,44601-3929,www.mountunion.edu/,530,2169,3,0,60,72,4686203,5742391,78103.38,79755.43,110286.9382,94108.42955,100,244,92,152,0.086065574,0.016393443,0.008196721,0.522727273,0.541666667,0.525,0.022727273,0.020833333,0.025,0.0,0.0,0.0,0.022727273,0.020833333,0.025,2.666666667,1.251956182,0.075803083,1.0,0.469483568,0.473938235
204194,Mount Vernon Nazarene University,310725957,708500,MVNU,800 Martinsburg Rd,Mount Vernon,OH,43050-9500,www.mvnu.edu/,488,1845,4,0,39,28,2455508,1582760,62961.74,56527.14,110286.9382,94108.42955,100,258,102,156,0.011627907,0.023255814,0.011627907,0.272727273,0.5,0.0,0.045454545,0.0,0.0,0.0,0.0,0.0,0.045454545,0.0,0.0,2.0,1.030396703,0.075803083,0.666666667,0.343465568,0.473938235
204200,Mount St. Joseph University,237179567,303300,"Mount St. Joseph University, Mount St. Joe, Mount, The Mount,Mount St. Joseph University on the Ohio.",5701 Delhi Rd,Cincinnati,OH,45233-1670,www.msj.edu/,487,2083,4,1,41,94,2795428,6663638,68181.17,70889.77,110286.9382,94108.42955,100,183,65,118,0.043715847,0.021857923,0.0,0.533333333,0.538461538,0.529411765,0.0,0.0,0.0,0.0,0.0,0.0,0.0,0.038461538,0.0,0.0,0,0.075803083,1.666666667,0.822233185,0.473938235
204255,Zane State College,310796550,813300,,1555 Newark Rd,Zanesville,OH,43701-2626,www.zanestate.edu/,279,1619,1,0,17,23,995970,1218318,58586.47,52970.35,110286.9382,94108.42955,100,64,23,41,0.015625,0.0,0.0,0.526315789,0.666666667,0.0,0.0,0.0,0.0,0.0,0.0,0.0,0.0,0.0,0.0,0.0,0,0.075803083,0.0,0,0.473938235
204264,Muskingum University,314379515,308400,Muskingum,10 College Drive,New Concord,OH,43762-1837,www.muskingum.edu/,379,2108,4,1,45,48,3118032,3191309,69289.6,66485.6,110286.9382,94108.42955,100,224,88,136,0.03125,0.013392857,0.008928571,0.541666667,0.384615385,0.378378378,0.0,0.025641026,0.027027027,0.0,0.0,0.0,0.0,0.0,0.0,0.0,0,0.075803083,4.0,1.889466226,0.473938235
204422,North Central State College,341038108,531300,,2441 Kenwood Circle,Mansfield,OH,44906-0698,https://www.ncstatecollege.edu/,493,2451,1,1,14,26,694940,1268838,49638.57,48801.46,110286.9382,94108.42955,100,145,55,90,0.082758621,0.0,0.0,0.0,0.777777778,0.0,0.0,0.0,0.0,0.0,0.0,0.0,0.0,0.0,0.0,0.666666667,0.273336067,0.075803083,1.0,0.4100041,0.473938235
204468,Notre Dame College,340714689,308500,,4545 College Rd,Cleveland,OH,44121-4293,www.notredamecollege.edu/,257,1446,4,0,21,30,918724,1548260,43748.76,51608.67,110286.9382,94108.42955,100,161,75,86,0.093167702,0.00621118,0.00621118,0.818181818,0.454545455,0.0,0.090909091,0.0,0.0,0.0,0.0,0.0,0.0,0.0,0.0,0.0,0,0.075803083,0.0,0,0.473938235
204477,Northeast Ohio Medical University,341131512,2454400,NEOMED,4209 State Route 44,Rootstown,OH,44272-0095,www.neomed.edu/,277,1021,1,0,16,7,2244978,864900,140311.12,123557.14,110286.9382,94108.42955,100,352,110,242,0.042613636,0.014204545,0.028409091,0.055555556,0.48,0.266666667,0.0,0.0,0.0,0.0,0.0,0.0,0.055555556,0.12,0.1,0.0,0,0.075803083,0.0,0,0.473938235
204486,University of Northwestern Ohio,341695897,486100,,1441 N Cable Rd,Lima,OH,45805,https://www.unoh.edu/,741,2606,3,0,68,16,4594288,1015231,67563.06,63451.94,110286.9382,94108.42955,100,225,142,83,0.048888889,0.0,0.004444444,0.5,0.555555556,0.0,0.0,0.0,0.0,0.0,0.0,0.0,0.0,0.0,0.0,0.0,0,0.075803083,0.333333333,0.127469726,0.473938235
204501,Oberlin College,340714363,308600,,70 N Professor St,Oberlin,OH,44074,www.oberlin.edu/,685,2976,3,0,142,132,15542946,12227058,109457.37,92629.23,110286.9382,94108.42955,100,587,232,355,0.078364566,0.039182283,0.028960818,0.358024691,0.470588235,0.41958042,0.012345679,0.044117647,0.027972028,0.024691358,0.0,0.013986014,0.024691358,0.014705882,0.020979021,0.0,0,0.075803083,2.666666667,0.891265597,0.473938235
204617,Ohio Dominican University,314379560,303500,ODU,1216 Sunbury Road,Columbus,OH,43219,https://www.ohiodominican.edu/,374,1258,4,0,37,25,2744032,1780448,74163.03,71217.92,110286.9382,94108.42955,100,137,68,69,0.124087591,0.01459854,0.01459854,0.416666667,0.523809524,0.4375,0.083333333,0.047619048,0.03125,0.0,0.0,0.0,0.0,0.047619048,0.03125,0.0,0,0.075803083,2.0,1.567398119,0.473938235
204635,Ohio Northern University,344429091,308900,Northern|ONU,525 S. Main St,Ada,OH,45810-1599,www.onu.edu/,679,3042,4,1,121,84,10223145,6713322,84488.8,79920.5,110286.9382,94108.42955,100,325,131,194,0.027692308,0.006153846,0.021538462,0.319444444,0.439393939,0.374045802,0.0,0.0,0.0,0.0,0.0,0.0,0.041666667,0.03030303,0.038167939,2.666666667,0.884466556,0.075803083,0.666666667,0.221116639,0.473938235
204662,Ohio State University Agricultural Technical Institute,316025986,309005,,1328 Dover Rd,Wooster,OH,44691-4000,ati.osu.edu/,133,462,1,0,17,6,1564277,633990,92016.29,105665.0,110286.9382,94108.42955,100,39,11,28,0.0,0.025641026,0.025641026,0.0,0.375,0.333333333,0.0,0.0,0.0,0.0,0.0,0.0,0.0,0.0625,0.055555556,0.666666667,1.494768311,0.075803083,2.333333333,5.231689088,0.473938235
204671,Ohio State University-Lima Campus,316025986,309001,,4240 Campus Dr,Lima,OH,45804,lima.osu.edu/,137,740,1,1,14,11,1351849,982294,96560.64,89299.45,110286.9382,94108.42955,100,48,21,27,0.125,0.0,0.0,0.5,0.4,0.434782609,0.0,0.0,0.0,0.0,0.0,0.0,0.125,0.066666667,0.086956522,0.666666667,0.814995925,0.075803083,0.666666667,0.814995925,0.473938235
204680,Ohio State University-Mansfield Campus,316025986,309002,,1760 University Drive,Mansfield,OH,44906,mansfield.osu.edu/,276,849,1,1,15,12,1365933,1046068,91062.2,87172.33,110286.9382,94108.42955,100,43,16,27,0.046511628,0.0,0.023255814,0.2,0.6,0.44,0.0,0.0,0.0,0.0,0.0,0.0,0.0,0.0,0.0,0.0,0,0.075803083,1.0,1.207729469,0.473938235
204699,Ohio State University-Marion Campus,316025986,309003,,1461 Mount Vernon Ave,Marion,OH,43302-5695,osumarion.osu.edu/,194,886,1,0,18,20,1745932,1841366,96996.22,92068.3,110286.9382,94108.42955,100,52,17,35,0.057692308,0.057692308,0.038461538,0.3,0.611111111,0.5,0.0,0.0,0.0,0.0,0.055555556,0.035714286,0.0,0.0,0.0,0.0,0,0.075803083,0.666666667,0.740740741,0.473938235
204705,Ohio State University-Newark Campus,316025986,309004,,1179 University Dr,Newark,OH,43055,newark.osu.edu/,437,2422,1,0,26,21,2641821,2077327,101608.5,98920.33,110286.9382,94108.42955,100,75,23,52,0.053333333,0.04,0.026666667,0.5,0.357142857,0.378378378,0.0,0.035714286,0.027027027,0.0,0.071428571,0.027027027,0.0,0.0,0.0,0.666666667,0.294594196,0.075803083,2.666666667,1.178376786,0.473938235
204796,Ohio State University-Main Campus,316025986,309000,,15 E. 15th Avenue,Columbus,OH,43201,www.osu.edu/,15789,60046,1,1,1265,1073,181484780,133836272,143466.23,124730.92,110286.9382,94108.42955,100,28559,8976,19583,0.124374103,0.030008054,0.052172695,0.350877193,0.481455563,0.374217119,0.016194332,0.020293912,0.019832985,0.013495277,0.019594122,0.017223382,0.053306343,0.069979006,0.054279749,12.0,0.198216056,0.075803083,84.33333333,1.39301839,0.473938235
204820,Ohio University-Chillicothe Campus,316402113,310005,,101 University Drive,Chillicothe,OH,45601-0629,https://www.ohio.edu/chillicothe/,150,1941,1,0,11,20,850418,1358579,77310.73,67928.95,110286.9382,94108.42955,100,20,2,18,0.05,0.0,0.0,0.0,0.523809524,0.363636364,0.0,0.0,0.0,0.0,0.047619048,0.0,0.0,0.0,0.0,0.0,0,0.075803083,0.333333333,0.172890733,0.473938235
204839,Ohio University-Southern Campus,316402113,310004,,1804 Liberty Ave,Ironton,OH,45638,https://www.ohio.edu/southern/,76,1639,1,0,6,21,385667,1613319,64277.83,76824.71,110286.9382,94108.42955,100,9,2,7,0.0,0.0,0.0,0.857142857,0.75,0.888888889,0.142857143,0.0,0.111111111,0.0,0.0,0.0,0.142857143,0.0,0.111111111,0.0,0,0.075803083,0.0,0,0.473938235
204848,Ohio University-Lancaster Campus,316402113,310003,,1570 Granville Pike,Lancaster,OH,43130-1037,https://www.ohio.edu/lancaster/,114,1977,1,1,15,15,1248761,1095125,83250.73,73008.33,110286.9382,94108.42955,100,7,2,5,0.0,0.0,0.0,0.75,0.473684211,0.352941176,0.0,0.052631579,0.0,0.25,0.0,0.058823529,0.0,0.0,0.0,0.0,0,0.075803083,0.0,0,0.473938235
204857,Ohio University-Main Campus,316402113,310000,,020 Chubb Hall,Athens,OH,45701-2979,https://www.ohio.edu/,7343,24937,1,0,475,377,45572529,30235722,95942.17,80200.85,110286.9382,94108.42955,100,2496,1017,1479,0.038862179,0.017227564,0.020432692,0.351449275,0.433048433,0.341666667,0.014492754,0.011396011,0.0125,0.010869565,0.017094017,0.014583333,0.028985507,0.056980057,0.052083333,2.0,0.082832885,0.075803083,17.33333333,0.717885,0.473938235
204866,Ohio University-Zanesville Campus,316402113,310002,,1425 Newark Rd,Zanesville,OH,43701,https://www.ohio.edu/zanesville/,102,1799,1,0,12,19,1051414,1434991,87617.83,75525.84,110286.9382,94108.42955,100,5,0,5,0.0,0.0,0.0,0.4,0.666666667,0.545454545,0.0,0.0,0.0,0.0,0.0,0.0,0.0,0.066666667,0.045454545,0.0,0,0.075803083,0.0,0,0.473938235
204909,Ohio Wesleyan University,314379585,310900,OWU,61 S Sandusky Street,Delaware,OH,43015-2370,https://www.owu.edu/,283,1452,4,0,52,47,4221280,3447229,81178.46,73345.3,110286.9382,94108.42955,100,259,95,164,0.054054054,0.019305019,0.003861004,0.264705882,0.6,0.441176471,0.0,0.028571429,0.014705882,0.0,0.057142857,0.029411765,0.0,0.0,0.0,0.0,0,0.075803083,1.666666667,1.182033097,0.473938235
204936,Otterbein University,314379532,311000,,1 South Grove Street,Westerville,OH,43081,https://www.otterbein.edu/,601,2357,4,0,59,67,4377185,5104778,74189.58,76190.72,110286.9382,94108.42955,100,278,104,174,0.064748201,0.017985612,0.017985612,0.561403509,0.558139535,0.565217391,0.01754386,0.023255814,0.02173913,0.0,0.0,0.0,0.0,0.0,0.0,0.0,0,0.075803083,4.666666667,1.898562517,0.473938235
204945,Owens Community College,341059164,575300,Owens State Community College,30335 Oregon Rd,Perrysburg,OH,43551,https://www.owens.edu/,1126,7762,1,1,51,57,3439299,3272062,67437.24,57404.6,110286.9382,94108.42955,100,363,134,229,0.082644628,0.035812672,0.011019284,0.551724138,0.25,0.474358974,0.017241379,0.0,0.012820513,0.0,0.0,0.0,0.017241379,0.0,0.012820513,2.0,0.264585263,0.075803083,0.0,0,0.473938235
205203,University of Rio Grande,314379537,311600,University of Rio Grande and Rio Grande Community College,218 N College Ave,Rio Grande,OH,45674,https://www.rio.edu/,354,2168,3,1,30,36,1759936,2063081,58664.53,57307.81,110286.9382,94108.42955,100,143,61,82,0.027972028,0.0,0.006993007,0.454545455,0.666666667,0.5,0.0,0.0,0.0,0.0,0.0,0.0,0.0,0.166666667,0.0,0.0,0,0.075803083,0.0,0,0.473938235
205443,Shawnee State University,310846917,994200,,940  Second  Street,Portsmouth,OH,45662,https://www.shawnee.edu/,620,3206,1,1,61,55,4329104,3351981,70968.92,60945.11,110286.9382,94108.42955,100,197,82,115,0.050761421,0.015228426,0.005076142,0.25,0.519230769,0.296296296,0.0,0.0,0.0,0.0,0.019230769,0.018518519,0.0625,0.0,0.037037037,0.0,0,0.075803083,1.333333333,0.404408048,0.473938235
205470,Sinclair Community College,310723444,311900,,444 W. Third St.,Dayton,OH,45402-1460,www.sinclair.edu/,7290,17431,1,1,144,193,10401852,13721018,72235.08,71093.36,110286.9382,94108.42955,100,974,409,565,0.167351129,0.015400411,0.018480493,0.584337349,0.527272727,0.587301587,0.072289157,0.072727273,0.084656085,0.018072289,0.0,0.015873016,0.018072289,0.0,0.015873016,0.0,0,0.075803083,4.0,0.227389006,0.473938235
205841,Stark State College,341055865,1088100,,6200 Frank Ave NW,North Canton,OH,44720,www.starkstate.edu/,1594,9616,1,0,69,85,5147230,5925731,74597.54,69714.48,110286.9382,94108.42955,100,287,131,156,0.101045296,0.013937282,0.003484321,0.6,0.573770492,0.0,0.0,0.016393443,0.0,0.0,0.0,0.0,0.0,0.0,0.0,1.333333333,0.132921277,0.075803083,0.333333333,0.033230319,0.473938235
205957,Franciscan University of Steubenville,340714818,303600,Franciscan|Steubenville,1235 University Blvd,Steubenville,OH,43952-1763,www.franciscan.edu/,796,3750,4,0,93,29,7145476,2466053,76833.08,85036.31,110286.9382,94108.42955,100,231,101,130,0.004329004,0.017316017,0.008658009,0.2,0.233333333,0.192307692,0.0,0.0,0.0,0.0,0.033333333,0.0,0.0,0.0,0.0,0.0,0,0.075803083,4.333333333,1.185266229,0.473938235
205966,Southern State Community College,310858297,1287000,,100 Hobart Drive,Hillsboro,OH,45133-9406,https://www.sscc.edu/,265,2000,1,1,26,15,1560397,881307,60015.27,58753.8,110286.9382,94108.42955,100,79,15,64,0.012658228,0.0,0.0,0.666666667,0.153846154,0.0,0.0,0.0,0.0,0.0,0.0,0.0,0.0,0.0,0.0,0.0,0,0.075803083,0.0,0,0.473938235
206011,Terra State Community College,341054067,827800,Terra Community College|Terra Technical College,2830 Napoleon Rd,Fremont,OH,43420-9670,www.terra.edu/,355,2214,1,0,18,15,1112294,967800,61794.11,64520.0,110286.9382,94108.42955,100,73,27,46,0.01369863,0.082191781,0.0,0.545454545,0.3,0.428571429,0.0,0.0,0.0,0.0,0.1,0.0,0.0,0.0,0.0,0.0,0,0.075803083,3.0,1.359311282,0.473938235
206048,Tiffin University,344427516,312100,,155 Miami Street,Tiffin,OH,44883,www.tiffin.edu/,646,3598,3,0,36,25,2287502,1561109,63541.72,62444.36,110286.9382,94108.42955,100,242,117,125,0.037190083,0.020661157,0.016528926,0.714285714,0.3,0.0,0.0,0.0,0.0,0.071428571,0.0,0.0,0.142857143,0.0,0.0,1.333333333,0.438020149,0.075803083,9.0,2.956636005,0.473938235
206084,University of Toledo,346401483,313100,,2801 W Bancroft,Toledo,OH,43606-3390,www.utoledo.edu/,4119,14939,1,0,303,272,30701756,24012244,101325.93,88280.31,110286.9382,94108.42955,100,4170,1389,2781,0.125419664,0.046043165,0.073621103,0.328042328,0.382978723,0.349358974,0.010582011,0.021276596,0.016025641,0.0,0.007092199,0.003205128,0.031746032,0.021276596,0.028846154,0.0,0,0.075803083,11.0,0.70762303,0.473938235
206288,United Theological Seminary,310568239,312200,,4501 Denlinger Rd.,Dayton,OH,45426-2308,www.united.edu/,115,471,4,0,9,6,775386,474137,86154.0,79022.83,110286.9382,94108.42955,100,56,24,32,0.25,0.071428571,0.071428571,0.4,0.0,0.4,0.1,0.0,0.1,0.0,0.0,0.0,0.0,0.0,0.0,0.0,0,0.075803083,0.0,0,0.473938235
206349,Ursuline College,340714777,313400,,2550 Lander Rd,Pepper Pike,OH,44124,www.ursuline.edu/,319,923,4,0,16,47,1143157,2982700,71447.31,63461.7,110286.9382,94108.42955,100,129,25,104,0.11627907,0.015503876,0.007751938,0.428571429,0.75,0.636363636,0.0,0.0,0.0,0.0,0.0,0.0,0.0,0.083333333,0.090909091,0.666666667,0.701754386,0.075803083,1.666666667,1.754385965,0.473938235
206437,Walsh University,340868798,313500,,2020 East Maple St,North Canton,OH,44720-3396,https://www.walsh.edu/,617,2160,4,0,33,62,2234328,4265247,67706.91,68794.31,110286.9382,94108.42955,100,176,68,108,0.051136364,0.022727273,0.017045455,0.523809524,0.551724138,0.432432432,0.0,0.0,0.0,0.0,0.0,0.0,0.0,0.0,0.0,0.0,0,0.075803083,0.0,0,0.473938235
206446,Washington State Community College,311323212,1045300,WSCC|Washington State CC|Washington State|W.S.C.C.|Washington State C. C.|Washington State C.C.,710 Colegate Dr,Marietta,OH,45750,www.wscc.edu/,406,1637,1,0,18,33,1108028,2157645,61557.11,65383.18,110286.9382,94108.42955,100,63,17,46,0.0,0.015873016,0.0,0.666666667,0.571428571,0.0,0.0,0.0,0.0,0.0,0.071428571,0.0,0.0,0.0,0.0,0.0,0,0.075803083,0.0,0,0.473938235
206491,Wilberforce University,310604719,314100,,1055 N Bickett Rd,Wilberforce,OH,45384-1001,www.wilberforce.edu/,64,617,4,0,24,14,1402660,950695,58444.17,67906.79,110286.9382,94108.42955,100,94,45,49,0.776595745,0.0,0.021276596,0.0,0.428571429,0.142857143,0.0,0.428571429,0.142857143,0.0,0.0,0.0,0.0,0.0,0.0,0.0,0,0.075803083,0.0,0,0.473938235
206507,Wilmington College,310537514,314200,,1870 Quaker Way,Wilmington,OH,45177,https://www.wilmington.edu/,273,964,4,0,26,33,1466588,1881251,56407.23,57007.61,110286.9382,94108.42955,100,152,74,78,0.098684211,0.019736842,0.019736842,0.529411765,0.461538462,0.541666667,0.0,0.0,0.0,0.058823529,0.0,0.041666667,0.0,0.0,0.0,0.0,0,0.075803083,1.333333333,1.274697259,0.473938235
206525,Wittenberg University,310537177,314300,,Ward St at N Wittenberg Ave,Springfield,OH,45504,www.wittenberg.edu/,266,1333,4,0,46,51,3347550,3612322,72772.83,70829.84,110286.9382,94108.42955,100,214,91,123,0.074766355,0.014018692,0.0,0.5,0.517241379,0.491803279,0.0,0.0,0.016393443,0.0,0.034482759,0.016393443,0.023809524,0.034482759,0.032786885,0.0,0,0.075803083,2.0,1.539645881,0.473938235
206589,The College of Wooster,340714654,303700,Wooster,1189 Beall Avenue,Wooster,OH,44691,https://wooster.edu/,395,1876,3,0,80,88,6297604,6732190,78720.05,76502.16,110286.9382,94108.42955,100,362,123,239,0.033149171,0.019337017,0.055248619,0.428571429,0.613636364,0.520408163,0.0,0.022727273,0.010204082,0.017857143,0.022727273,0.020408163,0.017857143,0.090909091,0.051020408,0.0,0,0.075803083,8.333333333,4.236570073,0.473938235
206604,Wright State University-Main Campus,310732831,307800,,3640 Colonel Glenn Highway,Dayton,OH,45435-0001,www.wright.edu/,2542,9884,1,1,206,169,19988480,14028217,97031.46,83007.2,110286.9382,94108.42955,100,855,347,508,0.099415205,0.015204678,0.045614035,0.341772152,0.472,0.37755102,0.037974684,0.016,0.025510204,0.0,0.016,0.0,0.050632911,0.096,0.081632653,0.666666667,0.068884756,0.075803083,4.333333333,0.447750913,0.473938235
206622,Xavier University,310537516,314400,XU | X,3800 Victory Parkway,Cincinnati,OH,45207-1092,https://www.xavier.edu/,1768,6000,4,0,167,228,14942246,17733463,89474.53,77778.35,110286.9382,94108.42955,100,556,219,337,0.116906475,0.03057554,0.017985612,0.392405063,0.454545455,0.431818182,0.0,0.03030303,0.017045455,0.0,0.02020202,0.011363636,0.063291139,0.04040404,0.051136364,0.0,0,0.075803083,10.66666667,1.744629811,0.473938235
206695,Youngstown State University,341011998,314500,,One University Plaza,Youngstown,OH,44555-0001,https://ysu.edu/,2875,11040,1,1,167,154,13152205,10966073,78755.72,71208.27,110286.9382,94108.42955,100,668,291,377,0.077844311,0.040419162,0.010479042,0.375,0.4375,0.405,0.008333333,0.025,0.02,0.008333333,0.0,0.005,0.058333333,0.0375,0.05,0.0,0,0.075803083,9.0,0.812934694,0.473938235
206835,Oklahoma Wesleyan University,736085616,315100,OKWU or OWU,2201 Silver Lake Rd,Bartlesville,OK,74006-6299,www.okwu.edu/,189,947,4,0,15,15,836554,889133,55770.27,59275.53,110286.9382,94108.42955,100,97,50,47,0.030927835,0.020618557,0.0,0.333333333,0.666666667,0.0,0.0,0.0,0.0,0.0,0.0,0.0,0.0,0.0,0.0,0.0,0,0.075803083,0.333333333,0.393081761,0.473938235
206862,Southern Nazarene University,730587210,314900,SNU,6729 NW 39th Expy,Bethany,OK,73008,https://www.snu.edu/,626,2165,4,0,35,35,2350717,2360947,67163.34,67455.63,110286.9382,94108.42955,100,259,106,153,0.069498069,0.069498069,0.015444015,0.65,0.235294118,0.0,0.0,0.0,0.0,0.0,0.0,0.0,0.0,0.0,0.0,0.0,0,0.075803083,1.666666667,1.105950011,0.473938235
206914,Cameron University,736017987,315000,,2800 West Gore Blvd,Lawton,OK,73505-6377,https://www.cameron.edu/,632,3559,1,0,66,39,4304687,2684141,65222.53,68824.13,110286.9382,94108.42955,100,226,82,144,0.115044248,0.044247788,0.026548673,0.323529412,0.416666667,0.379310345,0.029411765,0.0,0.017241379,0.0,0.0,0.0,0.117647059,0.0,0.086206897,0.0,0,0.075803083,1.0,0.292568754,0.473938235
206941,University of Central Oklahoma,736017987,315200,"UCO, Central",100 N University Dr,Edmond,OK,73034,https://www.uco.edu/,2514,12148,1,0,223,262,18745308,20143171,84059.68,76882.33,110286.9382,94108.42955,100,910,352,558,0.086813187,0.057142857,0.032967033,0.505434783,0.540229885,0.527777778,0.010869565,0.011494253,0.011904762,0.010869565,0.011494253,0.011904762,0.054347826,0.034482759,0.051587302,1.333333333,0.108843537,0.075803083,4.333333333,0.353741497,0.473938235
207041,East Central University,736017987,315400,ECU,1100 E. 14th Street,Ada,OK,74820-6999,https://www.ecok.edu/,805,3200,1,0,61,70,4058514,4392077,66533.02,62743.96,110286.9382,94108.42955,100,189,71,118,0.026455026,0.031746032,0.0,0.416666667,0.407407407,0.44,0.041666667,0.0,0.02,0.0,0.074074074,0.04,0.0,0.0,0.0,0.0,0,0.075803083,0.333333333,0.098736177,0.473938235
207050,Eastern Oklahoma State College,474757537,315500,Eastern|EOSC,1301 W Main St,Wilburton,OK,74578-4999,www.eosc.edu/,213,1292,1,0,12,17,584068,880647,48672.33,51802.76,110286.9382,94108.42955,100,139,45,94,0.021582734,0.043165468,0.035971223,0.588235294,0.0,0.588235294,0.0,0.0,0.0,0.0,0.0,0.0,0.0,0.0,0.0,1.333333333,1.077005924,0.075803083,0.333333333,0.269251481,0.473938235
207069,Redlands Community College,474770019,315600,,1300 S Country Club Rd,El Reno,OK,73036-5304,www.redlandscc.edu/,201,1895,1,0,15,16,760578,922042,50705.2,57627.62,110286.9382,94108.42955,100,131,39,92,0.045801527,0.106870229,0.007633588,0.517241379,0.0,0.666666667,0.068965517,0.0,0.0,0.0,0.0,0.0,0.0,0.0,0.0,0.0,0,0.075803083,0.0,0,0.473938235
207157,Randall University,730774245,1026600,,3701 S. I-35 Frontage Road,Moore,OK,73160,www.ru.edu/,58,297,4,0,11,4,497461,100050,45223.73,25012.5,110286.9382,94108.42955,100,17,10,7,0.0,0.0,0.0,0.0,0.428571429,0.0,0.0,0.0,0.0,0.0,0.0,0.0,0.0,0.0,0.0,0.0,0,0.075803083,0.0,0,0.473938235
207209,Langston University,736017987,315700,,701 Sammy Davis Jr. Drive,Langston,OK,73050,www.langston.edu/,265,1910,1,0,59,45,3911152,2661748,66290.71,59149.96,110286.9382,94108.42955,100,204,70,134,0.612745098,0.029411765,0.009803922,0.666666667,0.2,0.285714286,0.666666667,0.15,0.214285714,0.0,0.0,0.0,0.0,0.05,0.071428571,0.0,0,0.075803083,11.66666667,6.130670871,0.473938235
207236,Murray State College,300885267,315800,,One Murray Campus,Tishomingo,OK,73460,https://www.mscok.edu/,376,2686,1,0,24,33,1124988,1750674,46874.5,53050.73,110286.9382,94108.42955,100,144,47,97,0.020833333,0.041666667,0.0,0.0,0.0,0.6,0.0,0.0,0.0,0.0,0.0,0.0,0.0,0.0,0.0,0.0,0,0.075803083,0.0,0,0.473938235
207263,Northeastern State University,911898417,316100,NSU,600 N Grand,Tahlequah,OK,74464-2399,https://www.nsuok.edu/,1728,6466,1,1,124,144,10075278,10726145,81252.24,74487.12,110286.9382,94108.42955,100,498,204,294,0.016064257,0.054216867,0.012048193,0.414285714,0.453125,0.430769231,0.0,0.0,0.0,0.014285714,0.0,0.007692308,0.028571429,0.046875,0.023076923,0.666666667,0.099472794,0.075803083,2.666666667,0.397891177,0.473938235
207281,Northern Oklahoma College,731552496,316200,,1220 E Grand Ave,Tonkawa,OK,74653,www.noc.edu/,664,3083,1,0,31,46,1770893,2703542,57125.58,58772.65,110286.9382,94108.42955,100,150,54,96,0.026666667,0.053333333,0.0,0.0,0.0,0.592592593,0.0,0.0,0.037037037,0.0,0.0,0.018518519,0.0,0.0,0.0,0.0,0,0.075803083,14.66666667,4.483847957,0.473938235
207306,Northwestern Oklahoma State University,736017987,316300,NWOSU|Northwestern Okla State|Northwestern Oklahoma State|,709 Oklahoma Blvd,Alva,OK,73717-2799,www.nwosu.edu/,374,1929,1,0,38,43,2429055,2882761,63922.5,67040.95,110286.9382,94108.42955,100,177,88,89,0.033898305,0.079096045,0.005649718,0.352941176,0.785714286,0.580645161,0.0,0.071428571,0.032258065,0.0,0.0,0.0,0.058823529,0.0,0.032258065,0.0,0,0.075803083,0.0,0,0.473938235
207324,Oklahoma Christian University,730555460,316500,"OC, Oklahoma Christian, OCUSA, Oklahoma Christian University of Science and Arts, OCC, Oklahoma Christian College",2501 E Memorial Rd,Edmond,OK,73013,www.oc.edu/,670,2743,4,0,57,36,3974696,2118115,69731.51,58836.53,110286.9382,94108.42955,100,233,99,134,0.055793991,0.0472103,0.017167382,0.290322581,0.238095238,0.274509804,0.0,0.0,0.0,0.0,0.047619048,0.019607843,0.0,0.0,0.0,0.0,0,0.075803083,0.333333333,0.131388779,0.473938235
207342,University of Oklahoma-Health Sciences Center,736017987,318401,,"1105 Stonewall Avenue, Ste 221",Oklahoma City,OK,73117-1221,ouhsc.edu/,1186,3563,1,1,76,220,9907538,23449485,130362.34,106588.57,110286.9382,94108.42955,100,2698,704,1994,0.087101557,0.026315789,0.035581913,0.384146341,0.534722222,0.367521368,0.0,0.027777778,0.008547009,0.006097561,0.006944444,0.0,0.030487805,0.055555556,0.034188034,0.666666667,0.196714862,0.075803083,6.0,1.770433756,0.473938235
207351,Oklahoma Panhandle State University,911896905,317400,"OPSU, Panhandle, Panhandle State",323 Eagle Ave,Goodwell,OK,73939-0430,www.opsu.edu/,337,1071,1,0,16,26,866203,1156539,54137.69,44482.27,110286.9382,94108.42955,100,106,52,54,0.08490566,0.160377358,0.0,0.25,0.25,0.0,0.0,0.0,0.0,0.0,0.0,0.0,0.0,0.0,0.0,0.0,0,0.075803083,0.333333333,0.268384326,0.473938235
207388,Oklahoma State University-Main Campus,731383996,317000,,107 Whitehurst,Stillwater,OK,74078-1015,www.okstate.edu/,5989,26043,1,0,785,559,86618883,51857015,110342.53,92767.47,110286.9382,94108.42955,100,3709,1517,2192,0.032353734,0.045564842,0.027500674,0.293604651,0.363636364,0.308207705,0.002906977,0.012539185,0.008375209,0.005813953,0.018808777,0.013400335,0.031976744,0.037617555,0.031825796,0.0,0,0.075803083,14.33333333,0.564927216,0.473938235
207397,Oklahoma State University-Oklahoma City,731383996,964700,OSU-Oklahoma City|OSU-OKC,900 N Portland,Oklahoma City,OK,73107-6195,www.osuokc.edu/,789,4134,1,0,34,49,2353058,3122482,69207.59,63724.12,110286.9382,94108.42955,100,145,52,93,0.131034483,0.055172414,0.034482759,0.222222222,0.695652174,0.558823529,0.0,0.0,0.0,0.0,0.043478261,0.029411765,0.0,0.0,0.0,0.666666667,0.153609831,0.075803083,0.333333333,0.076804916,0.473938235
207403,Oklahoma Baptist University,730579264,316400,,500 W University,Shawnee,OK,74804,https://www.okbu.edu/,334,1526,4,0,54,33,3466361,2102041,64191.87,63698.21,110286.9382,94108.42955,100,197,109,88,0.010152284,0.025380711,0.005076142,0.172413793,0.533333333,0.361702128,0.0,0.066666667,0.042553191,0.0,0.033333333,0.0,0.0,0.0,0.0,0.0,0,0.075803083,1.0,0.714796283,0.473938235
207449,Oklahoma City Community College,736017987,1039100,"OCCC, O Triple C, O Trip, O Trip C,",7777 S May Ave,Oklahoma City,OK,73159-9987,www.occc.edu/,1721,11469,1,0,65,72,4267313,4715714,65650.97,65496.03,110286.9382,94108.42955,100,320,139,181,0.096875,0.121875,0.040625,0.525925926,0.0,0.0,0.014814815,0.0,0.0,0.007407407,0.0,0.0,0.02962963,0.0,0.0,0.0,0,0.075803083,3.333333333,0.293608151,0.473938235
207458,Oklahoma City University,730579265,316600,,2501 N Blackwelder,Oklahoma City,OK,73106-1402,www.okcu.edu/,855,2763,4,0,95,95,7065560,6594891,74374.32,69419.91,110286.9382,94108.42955,100,282,108,174,0.078014184,0.053191489,0.024822695,0.366666667,0.5,0.327868852,0.016666667,0.0,0.016393443,0.0,0.026315789,0.0,0.016666667,0.026315789,0.0,0.0,0,0.075803083,0.333333333,0.130718954,0.473938235
207500,University of Oklahoma-Norman Campus,731377584,318400,University of Oklahoma|Oklahoma University|OU|Oklahoma,660 Parrington Oval,Norman,OK,73019-3072,www.ou.edu/,6988,29145,1,1,791,619,91174982,57115147,115265.46,92270.03,110286.9382,94108.42955,100,3979,1681,2298,0.055038955,0.06559437,0.033174164,0.319892473,0.389447236,0.345505618,0.016129032,0.015075377,0.012640449,0.008064516,0.007537688,0.008426966,0.034946237,0.037688442,0.037921348,0.666666667,0.023550469,0.075803083,15.33333333,0.541660779,0.473938235
207582,Oral Roberts University,730739626,398500,ORU,7777 S Lewis Ave.,Tulsa,OK,74171,https://oru.edu/,709,5365,4,0,82,74,5825719,4949560,71045.35,66885.95,110286.9382,94108.42955,100,414,184,230,0.128019324,0.062801932,0.036231884,0.303571429,0.53125,0.0,0.035714286,0.0,0.0,0.0,0.0,0.0,0.035714286,0.0,0.0,0.0,0,0.075803083,1.0,0.197980598,0.473938235
207661,Rogers State University,736017987,316800,RSU|Rogers University|Rogers State College|Claremore Junior College|Claremore Jr. College|CJC|Oklahoma Military Academy|OMA|Eastern University Preparatory School,1701 W Will Rogers Blvd,Claremore,OK,74017-3252,https://www.rsu.edu/,563,3206,1,0,52,38,3460003,2245316,66538.52,59087.26,110286.9382,94108.42955,100,197,88,109,0.035532995,0.025380711,0.0,0.296296296,0.25,0.285714286,0.037037037,0.0,0.047619048,0.0,0.0,0.0,0.0,0.0,0.0,0.0,0,0.075803083,1.333333333,0.422609614,0.473938235
207670,Rose State College,474296697,918500,RSC/Rose/Oscar Rose Junior College/ORJC,6420 S E 15th,Midwest City,OK,73110-2799,https://www.rose.edu/,749,7313,1,0,49,77,2533940,4178137,51713.06,54261.52,110286.9382,94108.42955,100,359,161,198,0.136490251,0.077994429,0.038997214,0.642857143,0.0,0.615384615,0.017857143,0.0,0.038461538,0.017857143,0.0,0.0,0.035714286,0.0,0.019230769,0.0,0,0.075803083,1.333333333,0.198945588,0.473938235
207722,University of Science and Arts of Oklahoma,736017987,316700,USAO,17th Street and Grand Avenue,Chickasha,OK,73018-5322,https://usao.edu/,79,914,1,0,26,25,1506440,1493235,57940.0,59729.4,110286.9382,94108.42955,100,111,47,64,0.045045045,0.072072072,0.009009009,0.473684211,0.555555556,0.5,0.0,0.111111111,0.035714286,0.0,0.0,0.0,0.0,0.0,0.0,0.0,0,0.075803083,1.666666667,2.02020202,0.473938235
207740,Seminole State College,364812831,317800,,2701 Boren Blvd,Seminole,OK,74868-1901,www.sscok.edu/,330,1471,1,0,15,28,724023,1500433,48268.2,53586.89,110286.9382,94108.42955,100,117,38,79,0.085470085,0.042735043,0.0,0.5,0.75,0.583333333,0.0,0.0,0.0,0.125,0.0,0.083333333,0.0,0.0,0.0,0.0,0,0.075803083,1.0,0.644745326,0.473938235
207847,Southeastern Oklahoma State University,371785782,317900,,425 W University Blvd,Durant,OK,74701-3347,www.se.edu/,1755,5794,1,0,69,73,5446906,5101294,78940.67,69880.74,110286.9382,94108.42955,100,336,123,213,0.0625,0.038690476,0.00297619,0.3,0.677419355,0.470588235,0.0,0.0,0.0,0.0,0.0,0.0,0.0,0.032258065,0.0,0.666666667,0.121676705,0.075803083,1.0,0.182515057,0.473938235
207865,Southwestern Oklahoma State University,731527538,318100,SWOSU|Southwestern|Southwestern Oklahoma State University Weatherford Campus|Southwestern Oklahoma State University Sayre Campus,100 Campus Dr,Weatherford,OK,73096-3001,https://www.swosu.edu/,1272,4811,1,0,81,109,6056951,8185892,74777.17,75099.93,110286.9382,94108.42955,100,283,101,182,0.028268551,0.09540636,0.007067138,0.577777778,0.441860465,0.52688172,0.0,0.0,0.0,0.0,0.046511628,0.021505376,0.111111111,0.023255814,0.075268817,0.0,0,0.075803083,0.333333333,0.069778801,0.473938235
207935,Tulsa Community College,736017987,976300,,909 S. Boston Ave.,Tulsa,OK,74119,www.tulsacc.edu/,2433,14538,1,0,101,180,8115074,14777846,80347.27,82099.14,110286.9382,94108.42955,100,918,355,563,0.081699346,0.064270153,0.034858388,0.9,0.577319588,0.0,0.0,0.051546392,0.0,0.05,0.030927835,0.0,0.0,0.0,0.0,0.0,0,0.075803083,1.0,0.069487874,0.473938235
207971,University of Tulsa,730579298,318500,Tulsa University,800 South Tucker Drive,Tulsa,OK,74104-3189,https://utulsa.edu/,1102,3559,4,0,190,110,20355073,9971550,107131.96,90650.45,110286.9382,94108.42955,100,669,276,393,0.056801196,0.056801196,0.025411061,0.134831461,0.388888889,0.222222222,0.0,0.013888889,0.006535948,0.0,0.0,0.0,0.0,0.055555556,0.026143791,0.0,0,0.075803083,2.333333333,0.619085522,0.473938235
208035,Western Oklahoma State College,731541762,314600,"Western,WOSC",2801 N Main St,Altus,OK,73521-1397,www.wosc.edu/,240,1151,1,0,3,20,176408,1149190,58802.67,57459.5,110286.9382,94108.42955,100,133,51,82,0.022556391,0.203007519,0.0,0.0,0.0,0.888888889,0.0,0.0,0.0,0.0,0.0,0.222222222,0.0,0.0,0.0,0.0,0,0.075803083,0.0,0,0.473938235
208275,Blue Mountain Community College,930506536,318600,BMCC,2411 NW Carden Ave,Pendleton,OR,97801,https://www.bluecc.edu/,197,1371,1,0,14,17,1167904,1350990,83421.71,79470.0,110286.9382,94108.42955,100,114,39,75,0.0,0.078947368,0.0,0.0,0.0,0.583333333,0.0,0.0,0.0,0.0,0.0,0.0,0.0,0.0,0.0,0.0,0,0.075803083,0.0,0,0.473938235
208318,Central Oregon Community College,930505827,318800,COCC,2600 NW College Way,Bend,OR,97703,www.cocc.edu/,665,4053,1,0,51,68,4207139,5294837,82492.92,77865.25,110286.9382,94108.42955,100,238,88,150,0.008403361,0.075630252,0.012605042,0.432432432,0.617647059,0.555555556,0.027027027,0.0,0.012345679,0.027027027,0.058823529,0.037037037,0.0,0.029411765,0.012345679,0.0,0,0.075803083,0.0,0,0.473938235
208646,Eastern Oregon University,936001786,319300,EOU,One University Blvd,La Grande,OR,97850,www.eou.edu/,701,2798,1,0,59,56,4461661,4103443,75621.37,73275.77,110286.9382,94108.42955,100,251,109,142,0.015936255,0.071713147,0.011952191,0.444444444,0.454545455,0.434782609,0.0,0.0,0.0,0.0,0.060606061,0.043478261,0.0,0.0,0.0,0.0,0,0.075803083,0.333333333,0.124657193,0.473938235
208822,George Fox University,930386839,319400,GFU,414 N Meridian St,Newberg,OR,97132,https://www.georgefox.edu/,1216,4531,4,0,96,90,7481771,6078901,77935.11,67543.34,110286.9382,94108.42955,100,401,170,231,0.014962594,0.039900249,0.029925187,0.348837209,0.418181818,0.326923077,0.0,0.0,0.0,0.0,0.018181818,0.0,0.0,0.018181818,0.019230769,0.0,0,0.075803083,1.333333333,0.33101622,0.473938235
209056,Lewis & Clark College,930386858,319700,Lewis and Clark College,615 S Palatine Hill Rd,Portland,OR,97219-7899,www.lclark.edu/,887,3526,3,0,99,107,10146821,9889995,102493.14,92429.86,110286.9382,94108.42955,100,455,162,293,0.026373626,0.065934066,0.041758242,0.383333333,0.558139535,0.472868217,0.016666667,0.0,0.007751938,0.016666667,0.023255814,0.023255814,0.0,0.034883721,0.023255814,0.666666667,0.185442745,0.075803083,5.0,1.390820584,0.473938235
209065,Linfield University,930391586,319800,Linfield College|Linfield|LC|Lindfield|Lynfield|Linnfield|Lynnfield|Linfeld|Lindfield College|Lynfield College|Linnfield College|Lynnfield College|Linfeld College|Linfield University|Lindfield University|Lynfield University|Lynnfield University|Linfeld University|Linfeild|Linfeild College|Linfeild University|Wildcats|Mac Campus,900 SE Baker,McMinnville,OR,97128-6894,https://www.linfield.edu/,561,1726,3,0,50,75,3815238,5793796,76304.76,77250.61,110286.9382,94108.42955,100,325,147,178,0.018461538,0.095384615,0.027692308,0.447368421,0.710526316,0.544117647,0.0,0.026315789,0.014705882,0.026315789,0.078947368,0.058823529,0.026315789,0.026315789,0.029411765,0.0,0,0.075803083,0.666666667,0.380083618,0.473938235
209250,Mt Hood Community College,930546890,320400,MHCC,26000 SE Stark St,Gresham,OR,97030,www.mhcc.edu/,854,6271,1,1,57,76,5248424,7019673,92077.61,92364.12,110286.9382,94108.42955,100,333,147,186,0.03003003,0.117117117,0.042042042,0.0,0.0,0.577586207,0.0,0.0,0.017241379,0.0,0.0,0.017241379,0.0,0.0,0.00862069,0.666666667,0.110889332,0.075803083,1.666666667,0.277223331,0.473938235
209287,Multnomah University,930398802,320600,Multnomah Bible College|Multnomah Biblical Seminary|MBC|MBS|Multnomah School of the Bible,8435 NE Glisan St,Portland,OR,97220,https://www.multnomah.edu/,152,532,3,0,5,10,337195,647009,67439.0,64700.9,110286.9382,94108.42955,100,82,37,45,0.12195122,0.06097561,0.0,0.5,0.5,0.5,0.0,0.0,0.0,0.0,0.0,0.0,0.0,0.0,0.0,0.0,0,0.075803083,0.0,0,0.473938235
209296,National University of Natural Medicine,930461940,2534000,,49 S Porter St.,Portland,OR,97201-4848,https://www.nunm.edu/,144,372,3,0,8,13,642864,1082769,80358.0,83289.92,110286.9382,94108.42955,100,92,28,64,0.010869565,0.065217391,0.086956522,0.75,0.545454545,0.0,0.0,0.090909091,0.0,0.0,0.0,0.0,0.25,0.090909091,0.0,0.0,0,0.075803083,0.0,0,0.473938235
209409,Bushnell University,930433696,320800,Bushnell,828 E. 11th Ave.,Eugene,OR,97401-3745,www.bushnell.edu/,206,758,4,0,15,14,789713,821142,52647.53,58653.0,110286.9382,94108.42955,100,97,55,42,0.030927835,0.030927835,0.010309278,0.428571429,0.25,0.0,0.0,0.0,0.0,0.0,0.0,0.0,0.0,0.0,0.0,0.0,0,0.075803083,0.333333333,0.476871722,0.473938235
209490,Oregon Health & Science University,931176109,488200,OHSU| Oregon Health and Sciences University,3181 SW Sam Jackson Park Rd,Portland,OR,97239-3098,www.ohsu.edu/,1044,2877,1,0,102,213,18582434,28646774,182180.73,134491.9,110286.9382,94108.42955,100,7916,2810,5106,0.033350177,0.074785245,0.113946438,0.37164751,0.526582278,0.376623377,0.0,0.002531646,0.0,0.011494253,0.017721519,0.038961039,0.034482759,0.078481013,0.025974026,1.333333333,0.464576074,0.075803083,4.666666667,1.62601626,0.473938235
209506,Oregon Institute of Technology,936001786,321100,OIT|Oregon Tech,3201 Campus Drive,Klamath Falls,OR,97601-8801,https://www.oit.edu/,677,5103,1,0,96,70,7884261,5234587,82127.72,74779.81,110286.9382,94108.42955,100,300,120,180,0.006666667,0.1,0.026666667,0.290909091,0.486486486,0.351648352,0.0,0.0,0.0,0.018181818,0.054054054,0.032967033,0.0,0.0,0.0,0.666666667,0.135749678,0.075803083,1.0,0.203624516,0.473938235
209542,Oregon State University,611730890,321000,,1500 SW Jefferson Avenue,Corvallis,OR,97331,https://oregonstate.edu/,7343,35622,1,1,742,561,87489359,57176844,117910.19,101919.51,110286.9382,94108.42955,100,4759,1918,2841,0.013658332,0.064299223,0.029417945,0.280373832,0.414414414,0.333878887,0.003115265,0.003003003,0.003273322,0.00623053,0.015015015,0.011456628,0.031152648,0.054054054,0.044189853,2.0,0.058322641,0.075803083,21.66666667,0.631828609,0.473938235
209551,University of Oregon,464727800,322300,UO,110 Johnson Hall,Eugene,OR,97403,https://www.uoregon.edu/,5375,23786,1,1,563,470,64534970,47965722,114626.94,102054.73,110286.9382,94108.42955,100,3940,1542,2398,0.023350254,0.077918782,0.044670051,0.383435583,0.433898305,0.404399323,0.003067485,0.016949153,0.010152284,0.021472393,0.040677966,0.027072758,0.030674847,0.054237288,0.040609137,6.666666667,0.287815338,0.075803083,7.333333333,0.316596871,0.473938235
209612,Pacific University,930386892,321200,Pacific|PU|Pac U|PacificU|Pacific University Oregon,2043 College Way,Forest Grove,OR,97116,https://www.pacificu.edu/,1123,3479,3,0,110,151,10328148,12484492,93892.25,82678.75,110286.9382,94108.42955,100,502,151,351,0.007968127,0.167330677,0.061752988,0.447058824,0.514705882,0.476190476,0.0,0.0,0.007936508,0.023529412,0.0,0.015873016,0.047058824,0.073529412,0.055555556,5.333333333,1.498548281,0.075803083,6.0,1.685866817,0.473938235
209746,Portland Community College,930575187,321300,,12000 SW 49th Avenue,Portland,OR,97219-7132,www.pcc.edu/,3703,20033,1,1,184,217,16236045,18172398,88239.38,83743.77,110286.9382,94108.42955,100,1302,490,812,0.044546851,0.129032258,0.086789555,0.0,0.0,0.508532423,0.0,0.0,0.0,0.0,0.0,0.037542662,0.0,0.0,0.023890785,4.0,0.206185567,0.075803083,0.666666667,0.034364261,0.473938235
209807,Portland State University,936001786,321600,,724 SW Harrison St.,Portland,OR,97201,www.pdx.edu/,5846,20519,1,1,359,357,39682368,34094034,110535.84,95501.5,110286.9382,94108.42955,100,1591,622,969,0.030169705,0.09239472,0.086109365,0.362385321,0.504504505,0.415143603,0.009174312,0.018018018,0.01305483,0.02293578,0.054054054,0.026109661,0.027522936,0.063063063,0.046997389,3.333333333,0.154256714,0.075803083,5.0,0.231385071,0.473938235
209825,University of Portland,930401259,322400,,5000 N Willamette Blvd,Portland,OR,97203-5798,https://www.up.edu/,1024,3457,4,0,112,163,11176874,13923948,99793.52,85422.99,110286.9382,94108.42955,100,492,222,270,0.038617886,0.107723577,0.046747967,0.4,0.493975904,0.455223881,0.018181818,0.0,0.007462687,0.0,0.012048193,0.007462687,0.0,0.012048193,0.007462687,0.0,0,0.075803083,2.666666667,0.703049477,0.473938235
209922,Reed College,930386908,321700,Reed,3203 SE Woodstock Blvd,Portland,OR,97202-8199,https://www.reed.edu/,309,1458,3,1,85,79,9823027,8458847,115565.02,107074.01,110286.9382,94108.42955,100,352,151,201,0.082386364,0.085227273,0.142045455,0.384615385,0.64516129,0.436893204,0.0,0.0,0.0,0.012820513,0.129032258,0.048543689,0.025641026,0.096774194,0.048543689,2.0,1.303780965,0.075803083,4.333333333,2.824858757,0.473938235
209940,Rogue Community College,930591783,1018200,,3345 Redwood Hwy,Grants Pass,OR,97527-9291,www.roguecc.edu/,593,3790,1,0,28,34,2630847,3136966,93958.82,92263.71,110286.9382,94108.42955,100,211,57,154,0.0,0.104265403,0.014218009,0.0,0.0,0.568181818,0.0,0.0,0.0,0.0,0.0,0.022727273,0.0,0.0,0.022727273,0.0,0,0.075803083,1.0,0.292141396,0.473938235
210146,Southern Oregon University,472963287,321900,SOU,1250 Siskiyou Blvd,Ashland,OR,97520,www.sou.edu/,942,5371,1,0,72,53,5819900,4433631,80831.94,83653.42,110286.9382,94108.42955,100,385,170,215,0.020779221,0.044155844,0.01038961,0.4,0.541666667,0.463768116,0.0,0.0,0.0,0.022222222,0.041666667,0.043478261,0.0,0.041666667,0.0,2.666666667,0.512426339,0.075803083,8.333333333,1.601332308,0.473938235
210155,Southwestern Oregon Community College,936015621,322000,,1988 Newmark Ave,Coos Bay,OR,97420-2193,www.socc.edu/,359,1489,1,0,25,23,1712590,1513525,68503.6,65805.43,110286.9382,94108.42955,100,152,64,88,0.0,0.052631579,0.006578947,0.363636364,0.375,0.37037037,0.0,0.0,0.0,0.0,0.0,0.0,0.0,0.0,0.0,0.0,0,0.075803083,0.0,0,0.473938235
210234,Treasure Valley Community College,930507187,322100,,650 College Blvd.,Ontario,OR,97914,https://www.tvcc.cc/,309,1131,1,0,18,24,1158440,1519694,64357.78,63320.58,110286.9382,94108.42955,100,185,83,102,0.010810811,0.113513514,0.016216216,0.0,0.0,0.56,0.0,0.0,0.0,0.0,0.0,0.0,0.0,0.0,0.0,0.0,0,0.075803083,0.333333333,0.250815149,0.473938235
210331,Corban University,941312349,133900,,5000 Deer Park Dr SE,Salem,OR,97317-9392,https://www.corban.edu/,282,866,4,0,24,19,1582353,1190186,65931.38,62641.37,110286.9382,94108.42955,100,77,36,41,0.038961039,0.0,0.012987013,0.25,0.6,0.0,0.0,0.0,0.0,0.0,0.0,0.0,0.0,0.1,0.0,0.0,0,0.075803083,0.0,0,0.473938235
210368,Western Seminary,930429022,717800,Western Seminary-San Jose  Western Seminary-Sacramento  Western Seminary-Portland,5511 SE Hawthorne Blvd,Portland,OR,97215-3367,www.westernseminary.edu/,216,770,4,0,11,5,886393,403707,80581.18,80741.4,110286.9382,94108.42955,100,78,47,31,0.038461538,0.025641026,0.051282051,0.142857143,0.0,0.0,0.0,0.0,0.0,0.0,0.0,0.0,0.0,0.0,0.0,0.0,0,0.075803083,0.0,0,0.473938235
210401,Willamette University,930386972,322700,,900 State St,Salem,OR,97301,www.willamette.edu/,520,2112,3,0,89,86,9403801,7785928,105660.69,90534.05,110286.9382,94108.42955,100,486,221,265,0.024691358,0.086419753,0.030864198,0.417721519,0.545454545,0.452991453,0.0,0.0,0.0,0.025316456,0.068181818,0.042735043,0.063291139,0.045454545,0.051282051,0.666666667,0.349222979,0.075803083,2.666666667,1.396891915,0.473938235
210429,Western Oregon University,472887845,320900,Western Oregon State College,345 Monmouth Ave N,Monmouth,OR,97361-1394,https://wou.edu/,1031,3857,1,1,97,124,6613542,7932978,68180.85,63975.63,110286.9382,94108.42955,100,488,172,316,0.018442623,0.178278689,0.040983607,0.506849315,0.634146341,0.557522124,0.01369863,0.0,0.008849558,0.054794521,0.0,0.03539823,0.02739726,0.12195122,0.061946903,0.0,0,0.075803083,1.333333333,0.355460766,0.473938235
210438,University of Western States,930309970,1230900,Western States Chiropractic College,8000 NE Tillamook Street,Portland,OR,97213,https://www.uws.edu/,507,979,3,0,14,23,1343808,1997121,95986.29,86831.35,110286.9382,94108.42955,100,180,56,124,0.027777778,0.066666667,0.027777778,0.25,0.647058824,0.5,0.0,0.0,0.0,0.0,0.0,0.0,0.0,0.0,0.0,0.0,0,0.075803083,0.0,0,0.473938235
210492,Bryn Athyn College of the New Church,231433899,322800,Bryn Athyn College,2945 College Drive,Bryn Athyn,PA,19009-0717,www.brynathyn.edu/,56,285,4,0,18,10,1392092,751924,77338.44,75192.4,110286.9382,94108.42955,100,119,62,57,0.033613445,0.033613445,0.0,0.333333333,0.111111111,0.125,0.0,0.0,0.0,0.0,0.0,0.0,0.0,0.111111111,0.0,0.0,0,0.075803083,0.666666667,2.339181287,0.473938235
210571,Albright College,231352615,322900,,1621 N. 13th St.,Reading,PA,19612-5234,www.albright.edu/home/,247,1652,4,0,52,58,3574904,3828381,68748.15,66006.57,110286.9382,94108.42955,100,249,96,153,0.080321285,0.112449799,0.016064257,0.5,0.465116279,0.46,0.1,0.023255814,0.04,0.0,0.023255814,0.02,0.0,0.023255814,0.02,0.0,0,0.075803083,6.0,4.005340454,0.473938235
210605,Community College of Allegheny County,256075057,323100,CCAC,800 Allegheny Ave,Pittsburgh,PA,15233-1895,https://www.ccac.edu/,2333,10451,1,0,90,120,6324666,7797690,70274.07,64980.75,110286.9382,94108.42955,100,470,176,294,0.189361702,0.014893617,0.014893617,0.561403509,0.597014925,0.579310345,0.078947368,0.059701493,0.068965517,0.00877193,0.014925373,0.006896552,0.035087719,0.059701493,0.04137931,0.0,0,0.075803083,1.0,0.095538359,0.473938235
210669,Allegheny College,250965212,323000,,520 N Main St,Meadville,PA,16335-3902,https://allegheny.edu/,369,1231,4,0,62,71,4893296,5223251,78924.13,73566.92,110286.9382,94108.42955,100,252,111,141,0.055555556,0.011904762,0.007936508,0.382352941,0.56097561,0.472972973,0.0,0.0,0.0,0.029411765,0.048780488,0.040540541,0.0,0.048780488,0.027027027,1.333333333,0.9854644,0.075803083,3.666666667,2.7100271,0.473938235
210739,DeSales University,231653718,398600,,2755 Station Avenue,Center Valley,PA,18034-9568,www.desales.edu/,873,2919,4,0,55,78,4841622,6884578,88029.49,88263.82,110286.9382,94108.42955,100,342,131,211,0.023391813,0.058479532,0.011695906,0.5,0.533333333,0.510638298,0.0,0.022222222,0.0,0.0,0.044444444,0.042553191,0.0,0.022222222,0.021276596,0.0,0,0.075803083,0.0,0,0.473938235
210775,Alvernia University,231522643,323300,,400 Saint Bernardine St,Reading,PA,19607-1799,https://www.alvernia.edu/,617,2485,4,0,49,73,3621101,5436044,73900.02,74466.36,110286.9382,94108.42955,100,166,60,106,0.030120482,0.0,0.018072289,0.5,0.344827586,0.428571429,0.0,0.0,0.0,0.0,0.0,0.0,0.055555556,0.0,0.020408163,0.0,0,0.075803083,0.0,0,0.473938235
211024,Clarks Summit University,150543962,267000,BBC | BBC&S | Summit U | Summit University | BBC & S | BBS | Baptist Bible College of PA | Baptist Bible College | Baptist Bible Seminary | Baptist Bible College & Seminary | Baptist Bible College of Pennsylvania | Summit University of Pennsylvania | SU of Pennsylvania | Summit U | Summit U of Pennsylvania,538 Venard Rd,Clarks Summit,PA,18411-1250,https://www.clarkssummitu.edu/,174,558,4,0,15,15,622682,682783,41512.13,45518.87,110286.9382,94108.42955,100,56,28,28,0.035714286,0.017857143,0.017857143,0.333333333,0.75,0.0,0.0,0.0,0.0,0.0,0.0,0.0,0.0,0.0,0.0,0.0,0,0.075803083,0.0,0,0.473938235
211079,Community College of Beaver County,251180375,680700,CCBC,1 Campus Drive,Monaca,PA,15061-2588,https://www.ccbc.edu/,264,1673,1,0,13,23,659778,1255083,50752.15,54568.83,110286.9382,94108.42955,100,97,33,64,0.082474227,0.0,0.010309278,0.8,0.6,0.714285714,0.0,0.0,0.0,0.0,0.0,0.0,0.0,0.0,0.0,0.0,0,0.075803083,0.0,0,0.473938235
211088,Arcadia University,231352620,323500,Beaver College,450 S Easton Rd,Glenside,PA,19038-3295,https://www.arcadia.edu/,913,3142,4,0,57,86,4881630,7276331,85642.63,84608.5,110286.9382,94108.42955,100,370,141,229,0.143243243,0.037837838,0.02972973,0.481481481,0.62745098,0.569620253,0.0,0.0,0.0,0.037037037,0.019607843,0.037974684,0.0,0.078431373,0.050632911,0.0,0,0.075803083,2.666666667,0.881251377,0.473938235
211273,Bryn Mawr College,231352621,323700,,101 N Merion Avenue,Bryn Mawr,PA,19010,www.brynmawr.edu/,466,1666,3,0,74,118,8088772,12549091,109307.73,106348.23,110286.9382,94108.42955,100,516,157,359,0.205426357,0.029069767,0.044573643,0.543478261,0.627906977,0.584269663,0.02173913,0.093023256,0.056179775,0.043478261,0.046511628,0.04494382,0.108695652,0.093023256,0.101123596,1.333333333,0.76540375,0.075803083,3.0,1.722158439,0.473938235
211291,Bucknell University,240772407,323800,,One Dent Drive,Lewisburg,PA,17837,www.bucknell.edu/,877,3892,3,0,225,173,26520280,19066650,117867.91,110211.85,110286.9382,94108.42955,100,870,343,527,0.043678161,0.020689655,0.017241379,0.37037037,0.447761194,0.406976744,0.014814815,0.02238806,0.019379845,0.022222222,0.02238806,0.023255814,0.014814815,0.037313433,0.027131783,1.333333333,0.352081683,0.075803083,5.666666667,1.496347153,0.473938235
211307,Bucks County Community College,231646982,323900,,275 Swamp Rd,Newtown,PA,18940-4106,www.bucks.edu/,979,6098,1,1,47,79,3518709,5903687,74866.15,74730.22,110286.9382,94108.42955,100,389,154,235,0.046272494,0.038560411,0.020565553,0.579710145,0.666666667,0.616161616,0.0,0.0,0.0,0.014492754,0.0,0.01010101,0.043478261,0.025641026,0.04040404,1.333333333,0.216379963,0.075803083,0.0,0,0.473938235
211343,Butler County Community College,251154027,324000,BC3,107 College Drive,Butler,PA,16002,https://www.bc3.edu/,416,2468,1,1,19,38,1436899,2401875,75626.26,63207.24,110286.9382,94108.42955,100,229,76,153,0.017467249,0.008733624,0.008733624,0.611111111,0.7,0.590909091,0.0,0.0,0.0,0.0,0.0,0.0,0.055555556,0.0,0.022727273,0.0,0,0.075803083,0.0,0,0.473938235
211352,Cabrini University,231526668,324100,,610 King of Prussia Rd,Radnor,PA,19087-3698,www.cabrini.edu/,385,1048,4,0,21,34,1471159,2310034,70055.19,67942.18,110286.9382,94108.42955,100,129,38,91,0.108527132,0.007751938,0.007751938,0.857142857,0.666666667,0.730769231,0.0,0.066666667,0.038461538,0.0,0.0,0.0,0.0,0.0,0.0,0.0,0,0.075803083,0.666666667,0.413308535,0.473938235
211431,Carlow University,250965438,330300,,3333 Fifth Ave,Pittsburgh,PA,15213-3165,www.carlow.edu/,536,2310,4,0,24,81,1770937,5921297,73789.04,73102.43,110286.9382,94108.42955,100,202,74,128,0.118811881,0.014851485,0.03960396,0.619047619,0.821428571,0.694444444,0.0,0.035714286,0.027777778,0.0,0.035714286,0.027777778,0.047619048,0.035714286,0.027777778,0.0,0,0.075803083,0.0,0,0.473938235
211440,Carnegie Mellon University,250969449,324200,Carnegie Mellon; CMU,5000 Forbes Avenue,Pittsburgh,PA,15213-3890,www.cmu.edu/,6072,15596,3,0,919,468,128506525,56067956,139833.0,119803.32,110286.9382,94108.42955,100,4389,2086,2303,0.052631579,0.036910458,0.046024151,0.235431235,0.326388889,0.222903885,0.004662005,0.006944444,0.00204499,0.006993007,0.013888889,0.008179959,0.027972028,0.038194444,0.028629857,2.666666667,0.166645836,0.075803083,9.666666667,0.604091155,0.473938235
211468,Cedar Crest College,231365953,324300,,100 College Drive,Allentown,PA,18104-6196,www.cedarcrest.edu/,411,1248,3,0,21,52,1526253,3584847,72678.71,68939.37,110286.9382,94108.42955,100,149,47,102,0.040268456,0.040268456,0.020134228,0.611111111,0.611111111,0.612903226,0.0,0.0,0.0,0.0,0.0,0.0,0.0,0.0,0.0,0.0,0,0.075803083,1.0,0.755287009,0.473938235
211556,Chatham University,250717890,324400,Chatham,"Woodland Road, Office of Institutional Research",Pittsburgh,PA,15232,www.chatham.edu/,664,2319,3,0,46,89,3806205,7432812,82743.59,83514.74,110286.9382,94108.42955,100,284,103,181,0.088028169,0.021126761,0.01056338,0.6,0.630434783,0.65625,0.0,0.0,0.0,0.0,0.0,0.0,0.05,0.0,0.015625,0.0,0,0.075803083,0.333333333,0.139645301,0.473938235
211583,Chestnut Hill College,231352626,324500,CHC,9601 Germantown Ave,Philadelphia,PA,19118-2693,www.chc.edu/,380,1402,4,0,21,39,1235025,2395215,58810.71,61415.77,110286.9382,94108.42955,100,116,38,78,0.137931034,0.068965517,0.017241379,0.6,0.736842105,0.666666667,0.2,0.052631579,0.066666667,0.0,0.052631579,0.066666667,0.0,0.052631579,0.066666667,0.0,0,0.075803083,0.0,0,0.473938235
211608,Cheyney University of Pennsylvania,232478688,331700,,1837 University Circle,Cheyney,PA,19319-0200,https://www.cheyney.edu/,80,724,1,0,20,15,1845481,1419646,92274.05,94643.07,110286.9382,94108.42955,100,107,44,63,0.76635514,0.028037383,0.018691589,0.454545455,0.333333333,0.473684211,0.181818182,0.222222222,0.263157895,0.0,0.0,0.0,0.181818182,0.111111111,0.157894737,0.0,0,0.075803083,1.333333333,1.912960306,0.473938235
211927,Delaware County Community College,231685591,711000,,901 S Media Line Rd,Media,PA,19063-1094,www.dccc.edu/,1352,7638,1,0,61,82,6192791,8303718,101521.16,101264.85,110286.9382,94108.42955,100,403,137,266,0.17866005,0.027295285,0.034739454,0.591549296,0.634146341,0.605504587,0.042253521,0.073170732,0.055045872,0.0,0.0,0.0,0.056338028,0.024390244,0.036697248,0.0,0,0.075803083,0.0,0,0.473938235
211981,Delaware Valley University,231352665,325200,,700 E Butler Ave,Doylestown,PA,18901-2697,www.delval.edu/,486,2189,3,0,45,47,3866045,3854874,85912.11,82018.6,110286.9382,94108.42955,100,228,98,130,0.070175439,0.035087719,0.01754386,0.387096774,0.36,0.348837209,0.0,0.0,0.0,0.0,0.04,0.0,0.0,0.04,0.023255814,2.666666667,1.224364861,0.075803083,2.666666667,1.224364861,0.473938235
212009,Dickinson College,231365954,325300,,College and Louther Streets,Carlisle,PA,17013-2896,https://www.dickinson.edu/,378,2217,3,1,115,106,10569431,9133375,91908.1,86163.92,110286.9382,94108.42955,100,579,200,379,0.027633851,0.020725389,0.025906736,0.339285714,0.569620253,0.476923077,0.0,0.012658228,0.007692308,0.0,0.025316456,0.015384615,0.017857143,0.025316456,0.015384615,1.333333333,0.623927624,0.075803083,7.0,3.275620028,0.473938235
212054,Drexel University,231352630,325600,Drexel,3141 Chestnut St,Philadelphia,PA,19104,https://drexel.edu/,6624,21703,3,0,546,505,69378627,56282787,127067.08,111451.06,110286.9382,94108.42955,100,2909,1104,1805,0.19422482,0.054314197,0.042626332,0.313207547,0.480769231,0.387931034,0.00754717,0.024038462,0.015086207,0.01509434,0.019230769,0.015086207,0.030188679,0.091346154,0.060344828,1.333333333,0.059672992,0.075803083,30.33333333,1.357560568,0.473938235
212106,Duquesne University,251035663,325800,,Administration Bldg 600 Forbes Ave,Pittsburgh,PA,15282,www.duq.edu/,2297,8137,4,1,210,238,21026291,22173352,100125.2,93165.34,110286.9382,94108.42955,100,1172,487,685,0.070819113,0.016211604,0.019624573,0.352272727,0.523316062,0.433198381,0.0,0.010362694,0.004048583,0.0,0.010362694,0.008097166,0.011363636,0.046632124,0.028340081,1.333333333,0.164466922,0.075803083,4.333333333,0.534517495,0.473938235
212115,East Stroudsburg University of Pennsylvania,232504462,332000,East Stroudsburg University,200 Prospect Street,East Stroudsburg,PA,18301-2999,https://www.esu.edu/,1162,5460,1,1,114,106,11568983,9458611,101482.31,89232.18,110286.9382,94108.42955,100,349,155,194,0.137535817,0.151862464,0.014326648,0.366666667,0.535714286,0.428571429,0.033333333,0.017857143,0.020408163,0.011111111,0.0,0.013605442,0.044444444,0.017857143,0.034013605,0.0,0,0.075803083,6.666666667,1.296260289,0.473938235
212133,Eastern University,231409675,325900,,1300 Eagle Rd,Saint Davids,PA,19087-3696,https://www.eastern.edu/about/student-consumer-information,1452,6981,4,0,47,63,3202809,4057712,68144.87,64408.13,110286.9382,94108.42955,100,351,146,205,0.173789174,0.037037037,0.045584046,0.392857143,0.307692308,0.384615385,0.0,0.0,0.0,0.035714286,0.0,0.038461538,0.035714286,0.076923077,0.038461538,0.0,0,0.075803083,2.0,0.346680534,0.473938235
212197,Elizabethtown College,231352632,326200,,One Alpha Drive,Elizabethtown,PA,17022-2298,www.etown.edu/,555,2152,3,0,52,56,4524210,4617448,87004.04,82454.43,110286.9382,94108.42955,100,317,132,185,0.025236593,0.028391167,0.009463722,0.4,0.454545455,0.428571429,0.0,0.0,0.0,0.0,0.0,0.0,0.033333333,0.03030303,0.031746032,0.666666667,0.329869701,0.075803083,4.0,1.979218209,0.473938235
212577,Franklin and Marshall College,231352635,326500,Franklin & Marshall College|Franklin & Marshall|Franklin and Marshall|F&M|FandM,College Ave,Lancaster,PA,17604-3003,www.fandm.edu/,524,1911,3,0,102,91,10864255,9022138,106512.3,99144.37,110286.9382,94108.42955,100,555,234,321,0.045045045,0.081081081,0.05045045,0.381578947,0.492957746,0.438356164,0.013157895,0.014084507,0.01369863,0.026315789,0.028169014,0.02739726,0.026315789,0.0,0.01369863,2.666666667,1.340033501,0.075803083,14.0,7.035175879,0.473938235
212601,Gannon University,250496976,326600,,109 W Sixth St,Erie,PA,16541-0001,www.gannon.edu/,1369,4548,4,0,111,127,9391510,10208244,84608.2,80379.87,110286.9382,94108.42955,100,418,155,263,0.050239234,0.035885167,0.011961722,0.277777778,0.519480519,0.43,0.0,0.0,0.0,0.0,0.0,0.0,0.083333333,0.051948052,0.07,0.0,0,0.075803083,2.666666667,0.571632726,0.473938235
212656,Geneva College,250965376,326700,,3200 College Ave,Beaver Falls,PA,15010-3599,www.geneva.edu/,327,1258,4,0,42,22,2766341,1484592,65865.26,67481.45,110286.9382,94108.42955,100,174,85,89,0.022988506,0.028735632,0.005747126,0.208333333,0.392857143,0.166666667,0.083333333,0.0,0.033333333,0.0,0.0,0.0,0.0,0.0,0.0,0.0,0,0.075803083,1.0,0.811688312,0.473938235
212674,Gettysburg College,231352641,326800,,300 N Washington St,Gettysburg,PA,17325,https://www.gettysburg.edu/,648,2895,3,0,115,96,10733721,8203765,93336.7,85455.89,110286.9382,94108.42955,100,488,189,299,0.036885246,0.028688525,0.028688525,0.390625,0.376623377,0.382978723,0.015625,0.0,0.007092199,0.046875,0.038961039,0.042553191,0.078125,0.038961039,0.056737589,0.666666667,0.233590283,0.075803083,11.0,3.854239664,0.473938235
212771,Gratz College,231352642,405800,,7605 Old York Rd,Melrose Park,PA,19027,https://www.gratz.edu/,147,482,4,0,2,1,132927,66000,66463.5,66000.0,110286.9382,94108.42955,100,26,8,18,0.038461538,0.038461538,0.038461538,0.333333333,0.0,0.333333333,0.0,0.0,0.0,0.0,0.0,0.0,0.0,0.0,0.0,0.0,0,0.075803083,0.0,0,0.473938235
212832,Gwynedd Mercy University,231352613,327000,,1325 Sumneytown Pike,Gwynedd Valley,PA,19437-0901,https://www.gmercyu.edu/,656,2165,4,0,15,67,1164651,4943193,77643.4,73779.0,110286.9382,94108.42955,100,238,107,131,0.054621849,0.029411765,0.016806723,0.6,0.6875,0.461538462,0.0,0.0625,0.0,0.0,0.0,0.0,0.0,0.0,0.0,1.333333333,0.637653435,0.075803083,0.666666667,0.318826718,0.473938235
212869,Harcum College,231424055,327200,,750 Montgomery Ave,Bryn Mawr,PA,19010-3476,https://www.harcum.edu/s/1044/edu/start.aspx,299,936,3,0,16,45,1046116,3079409,65382.25,68431.31,110286.9382,94108.42955,100,165,62,103,0.351515152,0.036363636,0.018181818,0.6,0.933333333,0.5,0.0,0.2,0.0,0.0,0.0,0.0,0.0,0.0,0.0,0.0,0,0.075803083,0.0,0,0.473938235
212878,Harrisburg Area Community College,231639151,327300,HACC,1 HACC Dr.,Harrisburg,PA,17110-2999,www.hacc.edu/,1989,12880,1,1,84,166,5852439,11484939,69671.89,69186.38,110286.9382,94108.42955,100,570,210,360,0.143859649,0.061403509,0.038596491,0.564102564,0.723076923,0.608040201,0.017094017,0.0,0.010050251,0.017094017,0.030769231,0.020100503,0.025641026,0.030769231,0.020100503,0.0,0,0.075803083,0.0,0,0.473938235
212911,Haverford College,236002304,327400,,370  Lancaster Ave,Haverford,PA,19041-1392,https://www.haverford.edu/,348,1424,3,0,95,88,9432241,8918739,99286.75,101349.31,110286.9382,94108.42955,100,459,208,251,0.222222222,0.043572985,0.026143791,0.407407407,0.652173913,0.5,0.037037037,0.0,0.010869565,0.037037037,0.065217391,0.043478261,0.055555556,0.108695652,0.065217391,0.0,0,0.075803083,3.333333333,2.345765893,0.473938235
212984,Holy Family University,231501197,327500,Holy Family,9801 Frankford Avenue,Philadelphia,PA,19114-2009,https://www.holyfamily.edu/,851,3148,4,0,24,55,1800093,4503225,75003.88,81876.82,110286.9382,94108.42955,100,243,77,166,0.102880658,0.057613169,0.04526749,0.777777778,0.555555556,0.0,0.0,0.0,0.0,0.0,0.0,0.0,0.0,0.0,0.0,0.0,0,0.075803083,1.333333333,0.457875458,0.473938235
213011,Immaculata University,231352648,327600,,1145 King Road,Immaculata,PA,19345,www.immaculata.edu/,484,2407,4,0,32,47,1945791,2701656,60805.97,57482.04,110286.9382,94108.42955,100,194,57,137,0.051546392,0.025773196,0.005154639,0.555555556,0.642857143,0.6,0.055555556,0.071428571,0.05,0.055555556,0.0,0.05,0.055555556,0.071428571,0.1,0.666666667,0.282366229,0.075803083,1.0,0.423549343,0.473938235
213020,Indiana University of Pennsylvania-Main Campus,251470695,327700,,1011 South Dr 201 Sutton Hall,Indiana,PA,15705-1098,www.iup.edu/,2133,9246,1,1,166,160,17722420,15287023,106761.57,95543.89,110286.9382,94108.42955,100,544,230,314,0.023897059,0.011029412,0.007352941,0.404494382,0.543478261,0.461267606,0.011235955,0.010869565,0.01056338,0.016853933,0.02173913,0.017605634,0.04494382,0.010869565,0.035211268,0.0,0,0.075803083,5.333333333,0.604960678,0.473938235
213251,Juniata College,231352652,327900,,1700 Moore St,Huntingdon,PA,16652-2196,www.juniata.edu/,314,1292,3,0,56,41,4583737,3197691,81852.45,77992.46,110286.9382,94108.42955,100,239,110,129,0.033472803,0.008368201,0.016736402,0.346938776,0.473684211,0.388059701,0.0,0.052631579,0.014925373,0.0,0.0,0.0,0.020408163,0.052631579,0.029850746,2.666666667,2.200220022,0.075803083,4.666666667,3.850385039,0.473938235
213303,Keystone College,240795441,328000,,One College Green,La Plume,PA,18440-0200,https://www.keystone.edu/,254,1051,3,0,16,27,795674,1367938,49729.62,50664.37,110286.9382,94108.42955,100,118,45,73,0.050847458,0.008474576,0.0,0.6,0.7,0.666666667,0.0,0.0,0.0,0.0,0.0,0.0,0.1,0.0,0.047619048,0.0,0,0.075803083,0.666666667,0.589448865,0.473938235
213321,King's College,240804602,328200,Kings College|King's|Kings,133 N River St,Wilkes-Barre,PA,18711-0801,www.kings.edu/,547,1932,4,0,55,65,4632932,5327678,84235.13,81964.28,110286.9382,94108.42955,100,230,111,119,0.02173913,0.026086957,0.004347826,0.469387755,0.574468085,0.486486486,0.0,0.0,0.0,0.0,0.0,0.0,0.020408163,0.021276596,0.027027027,0.0,0,0.075803083,1.333333333,0.669008195,0.473938235
213349,Kutztown University of Pennsylvania,232710197,332200,,15200 Kutztown Rd,Kutztown,PA,19530-0730,https://www.kutztown.edu/,1685,7416,1,0,156,146,15499429,13504307,99355.31,92495.25,110286.9382,94108.42955,100,473,197,276,0.033826638,0.078224101,0.016913319,0.440677966,0.418181818,0.451612903,0.016949153,0.018181818,0.02016129,0.0,0.018181818,0.012096774,0.059322034,0.054545455,0.056451613,0.0,0,0.075803083,3.333333333,0.447127208,0.473938235
213358,La Roche University,251125048,398700,LRU,9000 Babcock Blvd,Pittsburgh,PA,15237-5898,www.laroche.edu/,383,2618,4,0,19,34,1255952,2212021,66102.74,65059.44,110286.9382,94108.42955,100,153,59,94,0.058823529,0.026143791,0.019607843,0.619047619,0.466666667,0.0,0.0,0.0,0.0,0.0,0.0,0.0,0.0,0.0,0.0,0.0,0,0.075803083,0.333333333,0.161186331,0.473938235
213367,La Salle University,231352654,328700,,1900 W Olney Ave,Philadelphia,PA,19141-1199,www.lasalle.edu/,1222,3554,4,0,65,89,5692356,7232570,87574.71,81264.83,110286.9382,94108.42955,100,340,151,189,0.241176471,0.067647059,0.014705882,0.548387097,0.563636364,0.547619048,0.032258065,0.018181818,0.023809524,0.064516129,0.018181818,0.035714286,0.032258065,0.036363636,0.035714286,0.666666667,0.164649708,0.075803083,3.666666667,0.905573393,0.473938235
213376,Lackawanna College,240839402,328300,,501 Vine St,Scranton,PA,18509-3206,https://www.lackawanna.edu/,578,1939,3,0,8,19,426558,951278,53319.75,50067.26,110286.9382,94108.42955,100,205,82,123,0.043902439,0.009756098,0.009756098,0.333333333,0.8,0.642857143,0.0,0.0,0.0,0.0,0.0,0.0,0.0,0.0,0.0,0.0,0,0.075803083,0.0,0,0.473938235
213385,Lafayette College,240795686,328400,,High St,Easton,PA,18042-1768,https://www.lafayette.edu/,611,2764,4,0,154,107,18171682,11361285,117997.94,106180.23,110286.9382,94108.42955,100,603,257,346,0.064676617,0.036484245,0.026533997,0.381578947,0.320512821,0.348684211,0.013157895,0.0,0.006578947,0.013157895,0.0,0.006578947,0.013157895,0.038461538,0.026315789,1.333333333,0.488579455,0.075803083,2.666666667,0.97715891,0.473938235
213400,Lancaster Bible College,231484178,328500,,901 Eden Rd,Lancaster,PA,17601-5036,https://www.lbc.edu/,418,2455,3,0,31,19,2037345,1085266,65720.81,57119.26,110286.9382,94108.42955,100,236,99,137,0.080508475,0.025423729,0.012711864,0.0,0.428571429,0.0,0.0,0.0,0.0,0.0,0.0,0.0,0.0,0.0,0.0,0.0,0,0.075803083,1.333333333,0.645369474,0.473938235
213507,Lebanon Valley College,231352354,328800,LVC,101 N College Ave,Annville,PA,17003-1400,www.lvc.edu/,619,2142,4,0,60,66,4791508,5264041,79858.47,79758.2,110286.9382,94108.42955,100,230,72,158,0.017391304,0.039130435,0.008695652,0.4,0.45,0.424242424,0.0,0.0,0.0,0.057142857,0.05,0.060606061,0.0,0.025,0.015151515,0.0,0,0.075803083,0.0,0,0.473938235
213525,Lehigh Carbon Community College,231670163,681000,LCCC,4525 Education Park Dr,Schnecksville,PA,18078-2598,www.lccc.edu/,899,6385,1,1,33,45,2108482,3028884,63893.39,67308.53,110286.9382,94108.42955,100,244,97,147,0.024590164,0.094262295,0.032786885,0.684210526,0.642857143,0.0,0.0,0.035714286,0.0,0.0,0.035714286,0.0,0.0,0.035714286,0.0,0.0,0,0.075803083,0.0,0,0.473938235
213543,Lehigh University,240795445,328900,,27 Memorial Drive West,Bethlehem,PA,18015,www.lehigh.edu/,1838,7590,3,1,358,219,51441070,26697310,143690.14,121905.53,110286.9382,94108.42955,100,1249,503,746,0.035228183,0.057646117,0.036829464,0.25,0.455621302,0.327327327,0.009615385,0.01183432,0.012012012,0.004807692,0.023668639,0.012012012,0.033653846,0.106508876,0.057057057,2.666666667,0.360652782,0.075803083,1.666666667,0.225407988,0.473938235
213631,United Lutheran Seminary,231365169,329100,,61 Seminary Ridge,Gettysburg,PA,17325-1795,https://www.unitedlutheranseminary.edu/,53,258,4,0,9,8,715226,649203,79469.56,81150.38,110286.9382,94108.42955,100,51,24,27,0.196078431,0.019607843,0.058823529,0.25,0.75,0.285714286,0.0,0.25,0.0,0.0,0.0,0.0,0.0,0.0,0.0,0.0,0,0.075803083,0.0,0,0.473938235
213659,Luzerne County Community College,231678363,681100,,521 Trailblazer Drive,Nanticoke,PA,18634,www.luzerne.edu/,549,4315,1,0,46,54,3029732,3211312,65863.74,59468.74,110286.9382,94108.42955,100,199,54,145,0.0,0.0,0.0,0.444444444,0.565217391,0.0,0.0,0.0,0.0,0.0,0.0,0.0,0.037037037,0.0,0.0,0.0,0,0.075803083,0.0,0,0.473938235
213668,Lycoming College,240795965,329300,,One College Place,Williamsport,PA,17701-5192,https://www.lycoming.edu/,203,1063,4,0,48,41,3746911,2882024,78060.65,70293.27,110286.9382,94108.42955,100,229,101,128,0.069868996,0.017467249,0.017467249,0.235294118,0.535714286,0.413793103,0.0,0.0,0.0,0.0,0.0,0.0,0.0,0.0,0.0,0.0,0,0.075803083,6.333333333,5.980484734,0.473938235
213774,Manor College,231608264,329400,,700 Fox Chase Rd,Jenkintown,PA,19046-3399,www.manor.edu/,97,599,4,0,4,16,245320,998393,61330.0,62399.56,110286.9382,94108.42955,100,56,17,39,0.142857143,0.053571429,0.035714286,0.714285714,1.0,0.0,0.142857143,0.0,0.0,0.0,0.0,0.0,0.0,0.0,0.0,0.0,0,0.075803083,0.0,0,0.473938235
213826,Marywood University,240795453,329600,Marywood,2300 Adams Ave,Scranton,PA,18509-1598,https://www.marywood.edu/,814,2850,4,1,49,83,3803723,5898152,77627.0,71062.07,110286.9382,94108.42955,100,215,73,142,0.018604651,0.018604651,0.018604651,0.3,0.609756098,0.4375,0.0,0.0,0.0,0.0,0.024390244,0.020833333,0.05,0.0,0.020833333,2.0,0.732869183,0.075803083,3.0,1.099303774,0.473938235
213987,Mercyhurst University,250965430,329700,,501 E 38th St,Erie,PA,16546,www.mercyhurst.edu/,847,2668,4,0,66,65,4660094,4140964,70607.48,63707.14,110286.9382,94108.42955,100,436,159,277,0.032110092,0.013761468,0.0,0.24,0.516129032,0.392857143,0.0,0.0,0.0,0.04,0.032258065,0.035714286,0.0,0.0,0.0,0.0,0,0.075803083,3.0,1.071046055,0.473938235
213996,Messiah University,231352661,329800,,One University Avenue,Mechanicsburg,PA,17055,www.messiah.edu/,837,3344,4,0,91,84,7917521,6804653,87005.73,81007.77,110286.9382,94108.42955,100,544,227,317,0.040441176,0.033088235,0.020220588,0.338028169,0.470588235,0.392857143,0.0,0.058823529,0.017857143,0.014084507,0.0,0.008928571,0.014084507,0.019607843,0.008928571,0.0,0,0.075803083,10.33333333,3.198184257,0.473938235
214041,Millersville University of Pennsylvania,232397926,332500,,"1 South George Street, Lyle Hall",Millersville,PA,17551-0302,www.millersville.edu/,1573,6732,1,0,123,129,12162749,12465697,98884.14,96633.31,110286.9382,94108.42955,100,507,190,317,0.082840237,0.096646943,0.021696252,0.476190476,0.546296296,0.509433962,0.011904762,0.037037037,0.023584906,0.035714286,0.037037037,0.037735849,0.023809524,0.055555556,0.04245283,0.666666667,0.098400984,0.075803083,3.0,0.442804428,0.473938235
214069,Misericordia University,240795406,324700,,301 Lake St,Dallas,PA,18612-1098,www.misericordia.edu/,617,2107,4,0,43,74,3666580,6436755,85269.3,86983.18,110286.9382,94108.42955,100,277,125,152,0.014440433,0.010830325,0.014440433,0.518518519,0.518518519,0.518518519,0.0,0.0,0.0,0.0,0.0,0.0,0.0,0.037037037,0.018518519,0.0,0,0.075803083,0.666666667,0.297353553,0.473938235
214111,Montgomery County Community College,231670325,445200,,340 Dekalb Pike,Blue Bell,PA,19422-0796,www.mc3.edu/,1271,8895,1,1,60,89,4392704,6361042,73211.73,71472.38,110286.9382,94108.42955,100,440,182,258,0.163636364,0.031818182,0.052272727,0.7,0.764705882,0.605263158,0.1,0.058823529,0.052631579,0.0,0.058823529,0.01754386,0.0,0.029411765,0.01754386,0.0,0,0.075803083,0.0,0,0.473938235
214148,Moore College of Art and Design,231352236,330000,Moore College,20th and the Parkway,Philadelphia,PA,19103-1179,www.moore.edu/,88,399,3,0,8,14,610001,1152515,76250.12,82322.5,110286.9382,94108.42955,100,59,10,49,0.13559322,0.016949153,0.0,1.0,0.0,0.0,0.0,0.0,0.0,0.0,0.0,0.0,0.25,0.0,0.0,0.0,0,0.075803083,0.333333333,0.905797101,0.473938235
214157,Moravian University,240795460,330100,Moravian Theological Seminary | Moravian | Moravian Seminary,1200 Main St,Bethlehem,PA,18018-6650,www.moravian.edu/,740,2658,4,0,49,107,3832945,8524358,78223.37,79666.9,110286.9382,94108.42955,100,356,145,211,0.050561798,0.084269663,0.011235955,0.483870968,0.736842105,0.587301587,0.0,0.035087719,0.015873016,0.064516129,0.070175439,0.079365079,0.032258065,0.0,0.015873016,0.666666667,0.263192525,0.075803083,1.0,0.394788788,0.473938235
214166,Mount Aloysius College,251114320,330200,,7373 Admiral Peary Hwy,Cresson,PA,16630-1999,www.mtaloy.edu/,281,2967,4,1,18,42,1295640,2806142,71980.0,66812.9,110286.9382,94108.42955,100,150,61,89,0.006666667,0.0,0.0,0.727272727,0.545454545,0.0,0.0,0.0,0.0,0.0,0.0,0.0,0.0,0.0,0.0,0.0,0,0.075803083,0.666666667,0.242248062,0.473938235
214175,Muhlenberg College,231352664,330400,,2400 Chew Street,Allentown,PA,18104,www.muhlenberg.edu/,544,1818,4,0,82,88,7006249,6882203,85442.06,78206.85,110286.9382,94108.42955,100,417,159,258,0.052757794,0.134292566,0.019184652,0.383333333,0.533333333,0.447619048,0.0,0.022222222,0.00952381,0.0,0.0,0.0,0.016666667,0.0,0.00952381,0.0,0,0.075803083,3.333333333,1.701548409,0.473938235
214272,Neumann University,231657958,398800,Neumann,One Neumann Drive,Aston,PA,19014-1298,www.neumann.edu/,498,2171,4,1,35,49,2445498,3525882,69871.37,71956.78,110286.9382,94108.42955,100,186,69,117,0.059139785,0.043010753,0.021505376,0.578947368,0.551724138,0.0,0.0,0.0,0.0,0.0,0.034482759,0.0,0.052631579,0.103448276,0.0,0.0,0,0.075803083,2.0,0.928074246,0.473938235
214379,Northampton County Area Community College,236417444,719100,Northampton Community College,3835 Green Pond Rd,Bethlehem,PA,18020-7599,www.northampton.edu/,1187,8695,1,1,46,65,3383413,4116511,73552.46,63330.94,110286.9382,94108.42955,100,667,234,433,0.046476762,0.133433283,0.014992504,0.510204082,0.611111111,0.535211268,0.06122449,0.0,0.042253521,0.020408163,0.055555556,0.028169014,0.020408163,0.0,0.014084507,2.666666667,0.314317146,0.075803083,2.666666667,0.314317146,0.473938235
214564,Salus University,231413680,331100,,8360 Old York Rd,Elkins Park,PA,19027-6262,https://www.salus.edu/,413,1148,3,0,33,77,3825295,8106356,115918.03,105277.35,110286.9382,94108.42955,100,213,76,137,0.408450704,0.037558685,0.037558685,0.333333333,0.794871795,0.625,0.0,0.025641026,0.0,0.0,0.025641026,0.0625,0.0,0.051282051,0.0625,0.0,0,0.075803083,0.0,0,0.473938235
214591,Pennsylvania State University-Penn State Erie-Behrend College,246000376,332905,Behrend College,4701 College Drive,Erie,PA,16563-0001,https://behrend.psu.edu/,707,3323,1,0,171,85,16257626,7092875,95073.84,83445.59,110286.9382,94108.42955,100,333,135,198,0.048048048,0.021021021,0.015015015,0.25,0.212121212,0.216494845,0.0,0.0,0.0,0.0,0.015151515,0.010309278,0.0625,0.0,0.020618557,0.0,0,0.075803083,3.333333333,1.011633789,0.473938235
214607,Pennsylvania State University-Penn State Great Valley,246000376,332919,Great Valley,30 East Swedesford Road,Malvern,PA,19355-1488,https://greatvalley.psu.edu/,132,258,1,0,25,10,2875503,1252752,115020.12,125275.2,110286.9382,94108.42955,100,59,19,40,0.033898305,0.050847458,0.016949153,0.3,0.214285714,0.272727273,0.0,0.0,0.0,0.0,0.0,0.0,0.0,0.071428571,0.045454545,0.0,0,0.075803083,0.0,0,0.473938235
214625,Pennsylvania State University-Penn State New Kensington,246000376,332912,,3550 Seventh Street Road,New Kensington,PA,15068-1765,https://newkensington.psu.edu/,82,456,1,0,18,21,1556886,1609813,86493.67,76657.76,110286.9382,94108.42955,100,61,25,36,0.049180328,0.06557377,0.0,0.25,0.555555556,0.416666667,0.0,0.0,0.0,0.0,0.0,0.0,0.0,0.111111111,0.083333333,0.0,0,0.075803083,1.333333333,2.898550725,0.473938235
214652,Pennsylvania State University-Penn State Scranton,246000376,332915,,120 Ridge View Drive,Dunmore,PA,18512-1602,https://scranton.psu.edu/,165,838,1,0,23,35,1992072,2900953,86611.83,82884.37,110286.9382,94108.42955,100,67,29,38,0.014925373,0.029850746,0.014925373,0.5,0.75,0.65,0.0,0.0,0.0,0.0,0.0625,0.05,0.0,0.1875,0.15,0.0,0,0.075803083,0.0,0,0.473938235
214670,Pennsylvania State University-Penn State Lehigh Valley,246000376,332902,,2809 Saucon Valley Road,Center Valley,PA,18034-8447,https://lehighvalley.psu.edu/,120,954,1,0,16,28,1181306,2230037,73831.62,79644.18,110286.9382,94108.42955,100,72,22,50,0.027777778,0.083333333,0.041666667,0.857142857,0.4,0.666666667,0.0,0.0,0.0,0.142857143,0.0,0.083333333,0.142857143,0.0,0.083333333,0.0,0,0.075803083,0.333333333,0.375375375,0.473938235
214689,Pennsylvania State University-Penn State Altoona,246000376,332903,,3000 Ivyside Park,Altoona,PA,16601-3777,https://altoona.psu.edu/,292,2421,1,0,88,89,7377077,6859331,83830.42,77071.13,110286.9382,94108.42955,100,234,105,129,0.017094017,0.008547009,0.012820513,0.297297297,0.459459459,0.378378378,0.0,0.0,0.0,0.0,0.027027027,0.013513514,0.054054054,0.0,0.027027027,0.0,0,0.075803083,2.333333333,0.905445609,0.473938235
214698,Pennsylvania State University-Penn State Beaver,246000376,332904,,100 University Drive,Monaca,PA,15061-2764,https://beaver.psu.edu/,84,504,1,0,18,20,1692893,1543352,94049.61,77167.6,110286.9382,94108.42955,100,71,30,41,0.014084507,0.056338028,0.014084507,0.2,0.75,0.538461538,0.0,0.0,0.0,0.0,0.0,0.0,0.2,0.0,0.076923077,1.333333333,2.554278416,0.075803083,0.0,0,0.473938235
214704,Pennsylvania State University-Penn State Berks,246000376,332906,,Tulpehocken Road,Reading,PA,19610-1016,https://berks.psu.edu/,378,1944,1,0,63,62,5860674,5237256,93026.57,84471.87,110286.9382,94108.42955,100,166,73,93,0.006024096,0.054216867,0.018072289,0.458333333,0.5,0.485714286,0.0,0.041666667,0.028571429,0.083333333,0.0,0.028571429,0.0,0.041666667,0.028571429,0.0,0,0.075803083,2.0,0.962927299,0.473938235
214713,Pennsylvania State University-Penn State Harrisburg,246000376,332920,,777 West Harrisburg Pike,Middletown,PA,17057-4846,https://harrisburg.psu.edu/,905,4651,1,0,150,96,15414021,8291978,102760.14,86374.77,110286.9382,94108.42955,100,342,137,205,0.067251462,0.052631579,0.026315789,0.322580645,0.31884058,0.316326531,0.0,0.014492754,0.010204082,0.032258065,0.0,0.010204082,0.032258065,0.072463768,0.06122449,0.666666667,0.145815106,0.075803083,4.333333333,0.947798192,0.473938235
214731,Pennsylvania State University-Penn State Brandywine,246000376,332921,,25 Yearsley Mill Road,Media,PA,19063-5522,https://www.brandywine.psu.edu/,153,1223,1,0,26,43,2285478,3568727,87903.0,82993.65,110286.9382,94108.42955,100,97,41,56,0.164948454,0.072164948,0.06185567,0.571428571,0.533333333,0.551724138,0.0,0.066666667,0.034482759,0.0,0.066666667,0.034482759,0.0,0.0,0.0,0.0,0,0.075803083,1.333333333,1.114827202,0.473938235
214740,Pennsylvania State University-Penn State DuBois,246000376,332907,,1 College Place,DuBois,PA,15801-2549,https://dubois.psu.edu/,80,353,1,0,13,22,1184904,1642046,91146.46,74638.45,110286.9382,94108.42955,100,54,27,27,0.0,0.0,0.018518519,0.25,0.4,0.333333333,0.0,0.2,0.111111111,0.0,0.0,0.0,0.25,0.0,0.111111111,0.0,0,0.075803083,0.333333333,0.910746812,0.473938235
214759,Pennsylvania State University-Penn State Fayette- Eberly,246000376,332908,,2201 University Drive,Lemont Furnace,PA,15456-1025,https://fayette.psu.edu/,89,419,1,0,18,23,1449492,1780490,80527.33,77412.61,110286.9382,94108.42955,100,58,33,25,0.017241379,0.0,0.0,0.0,0.555555556,0.454545455,0.0,0.0,0.0,0.0,0.0,0.0,0.0,0.0,0.0,0.0,0,0.075803083,1.0,2.358490566,0.473938235
214768,Pennsylvania State University-Penn State Hazleton,246000376,332909,,76 University Drive,Hazleton,PA,18202-8025,https://hazleton.psu.edu/,72,510,1,0,20,22,1816174,1946359,90808.7,88470.86,110286.9382,94108.42955,100,75,24,51,0.0,0.08,0.0,0.222222222,0.363636364,0.315789474,0.0,0.0,0.0,0.0,0.0,0.0,0.0,0.0,0.0,1.333333333,2.81888654,0.075803083,0.0,0,0.473938235
214777,Pennsylvania State University-Main Campus,246000376,332900,,201 Old Main,University Park,PA,16802-1503,https://www.psu.edu/,12761,50399,1,0,1710,1288,218432470,130294916,127738.29,101160.65,110286.9382,94108.42955,100,11754,5237,6517,0.025438149,0.025267994,0.03462651,0.276541096,0.416565164,0.318688525,0.011130137,0.017052375,0.01442623,0.011986301,0.018270402,0.015081967,0.03510274,0.06455542,0.037377049,6.0,0.119932838,0.075803083,19.33333333,0.386450255,0.473938235
214795,Pennsylvania State University-Penn State Mont Alto,246000376,332911,,1 Campus Drive,Mont Alto,PA,17237-9700,https://montalto.psu.edu/,131,588,1,0,20,31,1802276,2443115,90113.8,78810.16,110286.9382,94108.42955,100,78,33,45,0.038461538,0.012820513,0.0,0.0,0.25,0.277777778,0.0,0.0,0.0,0.0,0.0,0.0,0.0,0.0,0.0,0.0,0,0.075803083,0.0,0,0.473938235
214801,Pennsylvania State University-Penn State Abington,246000376,332913,,1600 Woodland Road,Abington,PA,19001-3918,https://www.abington.psu.edu/,498,3095,1,0,79,83,6457552,6659127,81741.16,80230.45,110286.9382,94108.42955,100,169,66,103,0.218934911,0.053254438,0.029585799,0.421052632,0.514285714,0.472727273,0.0,0.057142857,0.036363636,0.0,0.0,0.0,0.052631579,0.114285714,0.090909091,0.666666667,0.21574973,0.075803083,2.333333333,0.755124056,0.473938235
214810,Pennsylvania State University-Penn State Schuylkill,246000376,332914,,200 University Drive,Schuylkill Haven,PA,17972-2202,https://schuylkill.psu.edu/,102,650,1,0,17,29,1517042,2116466,89237.76,72981.59,110286.9382,94108.42955,100,73,29,44,0.0,0.02739726,0.0,0.2,0.333333333,0.307692308,0.0,0.0,0.0,0.0,0.0,0.0,0.0,0.0,0.0,0.0,0,0.075803083,1.333333333,2.140181915,0.473938235
214829,Pennsylvania State University-Penn State York,246000376,332918,,1031 Edgecomb Avenue,York,PA,17403-3326,https://www.york.psu.edu/,102,707,1,0,24,19,2232555,1536216,93023.12,80853.47,110286.9382,94108.42955,100,76,26,50,0.052631579,0.092105263,0.026315789,0.333333333,0.473684211,0.44,0.0,0.0,0.0,0.0,0.052631579,0.04,0.166666667,0.052631579,0.08,0.0,0,0.075803083,0.333333333,0.464252553,0.473938235
214883,Peirce College,231627436,330900,,"1608 Walnut St., Suite 1900",Philadelphia,PA,19103-5443,https://www.peirce.edu/,316,872,3,0,8,10,649896,801156,81237.0,80115.6,110286.9382,94108.42955,100,69,25,44,0.362318841,0.043478261,0.072463768,0.6,0.571428571,0.0,0.3,0.0,0.0,0.0,0.142857143,0.0,0.0,0.0,0.0,0.0,0,0.075803083,0.0,0,0.473938235
215053,Pennsylvania College of Art and Design,232215278,2269900,,204 N Prince St,Lancaster,PA,17608-0059,pcad.edu/,51,323,3,0,6,9,347163,477504,57860.5,53056.0,110286.9382,94108.42955,100,41,19,22,0.073170732,0.048780488,0.0,0.0,0.0,0.0,0.0,0.0,0.0,0.0,0.0,0.0,0.0,0.0,0.0,4.0,16.32653061,0.075803083,0.0,0,0.473938235
215062,University of Pennsylvania,231352685,337800,"Penn, U of PA, U-Penn, U of P, Pennsylvania, UPenn, Pennsylvania University, University of Pennsylvania, Wharton, Wharton School of Business",34th & Spruce Street,Philadelphia,PA,19104-6303,www.upenn.edu/,9349,28711,3,1,834,630,175658792,101992492,210622.05,161892.84,110286.9382,94108.42955,100,18267,7475,10792,0.135161767,0.050856736,0.119176657,0.290149893,0.363143631,0.312989045,0.018201285,0.027100271,0.021126761,0.00856531,0.048780488,0.018779343,0.037473233,0.062330623,0.045383412,2.333333333,0.082739383,0.075803083,6.0,0.212758413,0.473938235
215105,University of the Arts,231639911,335000,UArts,320 South Broad St,Philadelphia,PA,19102-4901,https://www.uarts.edu/,397,1207,3,0,43,28,2812365,1802141,65403.84,64362.18,110286.9382,94108.42955,100,206,81,125,0.101941748,0.067961165,0.024271845,0.5,0.347826087,0.333333333,0.0,0.043478261,0.0,0.0,0.02173913,0.0,0.0,0.02173913,0.0,0.666666667,0.507743082,0.075803083,1.0,0.761614623,0.473938235
215114,Cairn University-Langhorne,230973290,335100,Cairn,200 Manor Ave,Langhorne,PA,19047-2990,www.cairn.edu/,249,1056,3,0,29,17,1836745,1044051,63336.03,61414.76,110286.9382,94108.42955,100,93,56,37,0.032258065,0.086021505,0.096774194,0.277777778,0.2,0.0,0.055555556,0.0,0.0,0.0,0.0,0.0,0.0,0.0,0.0,0.0,0,0.075803083,0.333333333,0.323310702,0.473938235
215239,Community College of Philadelphia,236391672,324900,,1700 Spring Garden St,Philadelphia,PA,19130-3991,www.ccp.edu/,1677,12224,1,0,131,155,10482831,11866649,80021.61,76559.03,110286.9382,94108.42955,100,516,186,330,0.486434109,0.071705426,0.048449612,0.375,0.561403509,0.52360515,0.0,0.035087719,0.107296137,0.0,0.01754386,0.012875536,0.125,0.0,0.012875536,0.0,0,0.075803083,0.333333333,0.028646729,0.473938235
215266,University of Pittsburgh-Bradford,250965591,337903,Pitt-Bradford,300 Campus Drive,Bradford,PA,16701,https://www.upb.pitt.edu/,208,1003,1,0,45,29,3662087,2087412,81379.71,71979.72,110286.9382,94108.42955,100,108,40,68,0.009259259,0.037037037,0.0,0.125,0.391304348,0.333333333,0.0,0.0,0.0,0.0,0.043478261,0.037037037,0.0,0.0,0.0,0.0,0,0.075803083,1.333333333,1.241464929,0.473938235
215275,University of Pittsburgh-Greensburg,250965591,337904,,150 Finoli Drive,Greensburg,PA,15601-5860,www.greensburg.pitt.edu/,244,1326,1,0,31,47,2163156,3215774,69779.23,68420.72,110286.9382,94108.42955,100,87,33,54,0.022988506,0.011494253,0.0,0.5,0.52173913,0.48,0.0,0.043478261,0.04,0.0,0.043478261,0.0,0.0,0.043478261,0.04,0.0,0,0.075803083,1.0,0.753012048,0.473938235
215284,University of Pittsburgh-Johnstown,250965591,337902,,450 Schoolhouse Road,Johnstown,PA,15904,www.upj.pitt.edu/,408,1940,1,0,65,65,4983980,4445927,76676.62,68398.88,110286.9382,94108.42955,100,133,57,76,0.030075188,0.015037594,0.007518797,0.380952381,0.444444444,0.387096774,0.0,0.022222222,0.0,0.0,0.0,0.0,0.0,0.044444444,0.032258065,0.0,0,0.075803083,0.333333333,0.163158753,0.473938235
215293,University of Pittsburgh-Pittsburgh Campus,250965591,337900,,4200 Fifth Avenue,Pittsburgh,PA,15260,www.pitt.edu/,7768,34525,1,0,999,999,124347764,103462865,124472.24,103566.43,110286.9382,94108.42955,100,9266,3643,5623,0.087740125,0.027627887,0.057090438,0.314954052,0.468561585,0.317073171,0.010860485,0.016365202,0.010933558,0.014202172,0.021533161,0.012615643,0.043441938,0.078380706,0.052144659,0.666666667,0.019743142,0.075803083,13.0,0.384991264,0.473938235
215415,Pittsburgh Technical College,810903939,743700,,1111 McKee Road,Oakdale,PA,15071,www.ptcollege.edu/,447,864,3,0,31,11,2171132,721368,70036.52,65578.91,110286.9382,94108.42955,100,119,38,81,0.050420168,0.008403361,0.016806723,0.0,0.25,0.0,0.0,0.0,0.0,0.0,0.0,0.0,0.0,0.0,0.0,0.0,0,0.075803083,0.0,0,0.473938235
215442,Point Park University,251094922,335700,,201 Wood St,Pittsburgh,PA,15222-1984,www.pointpark.edu/,933,3299,3,0,66,63,5660812,5111042,85769.88,81127.65,110286.9382,94108.42955,100,325,148,177,0.08,0.0,0.027692308,0.44,0.472222222,0.447058824,0.0,0.027777778,0.011764706,0.04,0.0,0.023529412,0.0,0.0,0.0,0.0,0,0.075803083,1.0,0.304136253,0.473938235
215585,Reading Area Community College,231745816,1038800,RACC,10 S Second St,Reading,PA,19603,https://www.racc.edu/,483,4788,1,0,12,47,845696,3174533,70474.67,67543.26,110286.9382,94108.42955,100,226,72,154,0.079646018,0.185840708,0.026548673,0.857142857,0.8,0.0,0.0,0.0,0.0,0.0,0.0,0.0,0.0,0.066666667,0.0,0.0,0,0.075803083,0.666666667,0.147069637,0.473938235
215655,Robert Morris University,251120678,335900,,6001 University Boulevard,Moon Township,PA,15108-1189,www.rmu.edu/,905,4737,3,0,80,82,10093668,9489510,126170.85,115725.73,110286.9382,94108.42955,100,295,142,153,0.044067797,0.094915254,0.003389831,0.463414634,0.489795918,0.474452555,0.012195122,0.020408163,0.01459854,0.024390244,0.0,0.01459854,0.085365854,0.081632653,0.080291971,0.0,0,0.075803083,4.333333333,1.262994268,0.473938235
215691,Rosemont College,231365966,336000,,1400 Montgomery Ave,Rosemont,PA,19010-1699,www.rosemont.edu/,176,777,4,0,14,10,774985,529061,55356.07,52906.1,110286.9382,94108.42955,100,98,42,56,0.244897959,0.051020408,0.0,1.0,0.333333333,0.571428571,0.0,0.0,0.0,0.0,0.0,0.0,0.0,0.111111111,0.142857143,0.0,0,0.075803083,0.666666667,0.884173298,0.473938235
215743,Saint Francis University,251024358,336600,,117 Evergreen Dr,Loretto,PA,15940,www.francis.edu/,649,2835,4,0,48,69,3704337,5197909,77173.69,75332.01,110286.9382,94108.42955,100,289,132,157,0.031141869,0.010380623,0.0,0.37037037,0.594594595,0.489361702,0.0,0.0,0.0,0.0,0.027027027,0.021276596,0.037037037,0.027027027,0.042553191,0.0,0,0.075803083,2.0,0.700035002,0.473938235
215770,Saint Joseph's University,231352674,336700,,5600 City Avenue,Philadelphia,PA,19131-1395,https://www.sju.edu/,2813,7201,4,0,189,180,20544233,18534801,108699.65,102971.12,110286.9382,94108.42955,100,687,304,383,0.161572052,0.002911208,0.037845706,0.398373984,0.487394958,0.428571429,0.0,0.033613445,0.017316017,0.008130081,0.008403361,0.008658009,0.048780488,0.092436975,0.056277056,0.0,0,0.075803083,1.0,0.127210279,0.473938235
215929,University of Scranton,240795495,338400,,800 Linden Street,Scranton,PA,18510-4699,www.scranton.edu/,1380,4825,4,0,157,117,16724744,10976246,106527.03,93814.07,110286.9382,94108.42955,100,537,210,327,0.022346369,0.029795158,0.009310987,0.310344828,0.381578947,0.34939759,0.011494253,0.013157895,0.006024096,0.022988506,0.0,0.012048193,0.0,0.0,0.0,0.0,0,0.075803083,0.666666667,0.140914535,0.473938235
215947,Seton Hill University,250965557,336200,,1 Seton Hill Drive,Greensburg,PA,15601,www.setonhill.edu/,533,1984,4,0,35,69,3355524,5403974,95872.11,78318.46,110286.9382,94108.42955,100,225,81,144,0.04,0.022222222,0.008888889,0.6,0.591836735,0.617021277,0.0,0.040816327,0.0,0.0,0.020408163,0.021276596,0.0,0.0,0.0,2.0,1.006036217,0.075803083,1.333333333,0.670690812,0.473938235
216010,Shippensburg University of Pennsylvania,232500361,332600,Ship|SU|Shipensburg|Shippenburg|Shipenburg,1871 Old Main Drive,Shippensburg,PA,17257-2299,www.ship.edu/,1198,5184,1,1,135,98,14233286,9796863,105431.75,99967.99,110286.9382,94108.42955,100,379,155,224,0.050131926,0.034300792,0.013192612,0.38372093,0.398148148,0.403940887,0.023255814,0.027777778,0.02955665,0.011627907,0.018518519,0.014778325,0.046511628,0.037037037,0.044334975,1.333333333,0.258297817,0.075803083,0.333333333,0.064574454,0.473938235
216038,Slippery Rock University of Pennsylvania,251513539,332700,,1 Morrow Way,Slippery Rock,PA,16057-1383,https://www.sru.edu/,2353,8350,1,1,169,191,16280041,17452785,96331.6,91375.84,110286.9382,94108.42955,100,489,173,316,0.028629857,0.014314928,0.00408998,0.505376344,0.503759398,0.506276151,0.0,0.022556391,0.012552301,0.032258065,0.022556391,0.025104603,0.064516129,0.052631579,0.058577406,0.0,0,0.075803083,0.666666667,0.081093135,0.473938235
216278,Susquehanna University,231353385,336900,Susquahanna|Susquehana|Sesquehanna,514 University Ave,Selinsgrove,PA,17870-1025,www.susqu.edu/,539,2247,4,1,71,70,5781647,5442049,81431.65,77743.56,110286.9382,94108.42955,100,271,106,165,0.044280443,0.014760148,0.007380074,0.37037037,0.537037037,0.481481481,0.037037037,0.0,0.012345679,0.0,0.037037037,0.024691358,0.037037037,0.074074074,0.061728395,5.333333333,2.390557299,0.075803083,9.666666667,4.332885104,0.473938235
216287,Swarthmore College,231352683,337000,Swat,500 College Ave,Swarthmore,PA,19081,www.swarthmore.edu/,391,1644,3,0,131,125,17403345,16043829,132849.96,128350.63,110286.9382,94108.42955,100,771,302,469,0.168612192,0.044098573,0.035019455,0.473684211,0.441176471,0.470588235,0.013157895,0.044117647,0.029411765,0.013157895,0.058823529,0.036764706,0.026315789,0.029411765,0.029411765,0.0,0,0.075803083,6.0,3.692307692,0.473938235
216296,Thaddeus Stevens College of Technology,270060517,791200,,750 E King St,Lancaster,PA,17602-3198,stevenscollege.edu/,508,1453,1,0,64,20,5573910,1792565,87092.34,89628.25,110286.9382,94108.42955,100,96,37,59,0.135416667,0.21875,0.010416667,0.333333333,0.25,0.256410256,0.0,0.0,0.025641026,0.0,0.0,0.0,0.0,0.0,0.0,0.0,0,0.075803083,0.0,0,0.473938235
216339,Temple University,231365971,337100,Temple,1801 North Broad Street,Philadelphia,PA,19122-6096,www.temple.edu/,8485,30205,1,0,780,687,107147379,79430048,137368.43,115618.7,110286.9382,94108.42955,100,3965,1588,2377,0.262547289,0.065321564,0.059773014,0.334883721,0.48537234,0.366972477,0.017054264,0.034574468,0.013761468,0.017054264,0.017287234,0.012232416,0.040310078,0.075797872,0.055045872,4.666666667,0.140579186,0.075803083,7.333333333,0.22091015,0.473938235
216357,Thiel College,250965576,337600,,75 College Ave,Greenville,PA,16125-2181,https://www.thiel.edu/,153,920,4,0,25,35,1723148,2240890,68925.92,64025.43,110286.9382,94108.42955,100,161,71,90,0.01242236,0.00621118,0.031055901,0.4,0.666666667,0.448275862,0.05,0.0,0.034482759,0.0,0.0,0.0,0.0,0.0,0.0,0.0,0,0.075803083,0.333333333,0.367511944,0.473938235
216366,Thomas Jefferson University,231352651,1239300,"Jefferson, (Philadelphia University + Thomas Jefferson University), Philadelphia University, PhilaU, Jefferson",1020 Walnut Street,Philadelphia,PA,19107,www.jefferson.edu/,2589,8315,3,1,114,214,12266179,24277864,107598.06,113447.96,110286.9382,94108.42955,100,5044,2090,2954,0.163758921,0.022799366,0.102894528,0.5,0.666666667,0.375,0.0,0.041666667,0.0,0.0,0.0,0.0,0.0,0.041666667,0.075,0.0,0,0.075803083,3.0,0.362056481,0.473938235
216524,Ursinus College,231177930,338500,,601 E. Main St,Collegeville,PA,19426-1000,www.ursinus.edu/,355,1492,3,0,59,78,5152682,6309577,87333.59,80892.01,110286.9382,94108.42955,100,303,129,174,0.059405941,0.04290429,0.02970297,0.407407407,0.604651163,0.53125,0.074074074,0.046511628,0.046875,0.0,0.023255814,0.015625,0.0,0.023255814,0.015625,2.666666667,1.746343593,0.075803083,6.0,3.929273084,0.473938235
216542,University of Valley Forge,231382408,330600,VFCC; UVF,1401 Charlestown Road,Phoenixville,PA,19460-2373,https://www.valleyforge.edu/,99,573,4,0,11,12,636974,644119,57906.73,53676.58,110286.9382,94108.42955,100,37,21,16,0.027027027,0.162162162,0.0,0.363636364,0.666666667,0.0,0.0,0.0,0.0,0.0,0.0,0.0,0.0,0.0,0.0,0.0,0,0.075803083,1.333333333,2.287021155,0.473938235
216597,Villanova University,231352688,338800,,800 Lancaster Avenue,Villanova,PA,19085-1699,www.villanova.edu/,3277,10111,4,0,410,359,54233358,40528055,132276.48,112891.52,110286.9382,94108.42955,100,1984,840,1144,0.144153226,0.032258065,0.065524194,0.331932773,0.458823529,0.362204724,0.008403361,0.031372549,0.026246719,0.0,0.011764706,0.005249344,0.012605042,0.043137255,0.023622047,2.666666667,0.256830075,0.075803083,11.33333333,1.091527818,0.473938235
216667,Washington & Jefferson College,250965601,338900,W&J,60 S Lincoln St,Washington,PA,15301,www.washjeff.edu/,222,1162,3,0,51,59,3962758,4289330,77701.14,72700.51,110286.9382,94108.42955,100,207,90,117,0.038647343,0.004830918,0.009661836,0.466666667,0.566666667,0.5,0.022222222,0.0,0.0,0.0,0.0,0.0,0.044444444,0.166666667,0.097222222,0.0,0,0.075803083,0.333333333,0.289603244,0.473938235
216694,Waynesburg University,250965603,339100,,51 West College Street,Waynesburg,PA,15370-1257,www.waynesburg.edu/,369,1315,4,0,30,40,2076801,2639681,69226.7,65992.02,110286.9382,94108.42955,100,185,77,108,0.048648649,0.005405405,0.016216216,0.45,0.466666667,0.444444444,0.0,0.0,0.0,0.0,0.0,0.0,0.05,0.0,0.027777778,0.0,0,0.075803083,0.0,0,0.473938235
216764,West Chester University of Pennsylvania,232417773,332800,WCU,University Avenue and High Street,West Chester,PA,19383,https://www.wcupa.edu/,4415,17076,1,0,292,369,28833694,35203591,98745.53,95402.69,110286.9382,94108.42955,100,880,330,550,0.147727273,0.054545455,0.018181818,0.545081967,0.54245283,0.545842217,0.024590164,0.037735849,0.02771855,0.012295082,0.028301887,0.021321962,0.049180328,0.04245283,0.046908316,0.666666667,0.038591413,0.075803083,7.666666667,0.443801254,0.473938235
216816,Westminster Theological Seminary,231352689,339300,,2960 W Church Rd,Glenside,PA,19038,https://www.wts.edu/,173,1031,4,0,10,2,1134673,163136,113467.3,81568.0,110286.9382,94108.42955,100,130,82,48,0.023076923,0.076923077,0.284615385,0.0,0.0,0.0,0.0,0.0,0.0,0.0,0.0,0.0,0.0,0.0,0.0,0.0,0,0.075803083,0.0,0,0.473938235
216825,Westmoreland County Community College,251208182,1017600,Westmoreland College,145 Pavilion Lane,Youngwood,PA,15697-1895,https://westmoreland.edu/,620,4275,1,0,32,43,2122948,2842790,66342.12,66111.4,110286.9382,94108.42955,100,183,46,137,0.049180328,0.0,0.0,0.428571429,0.5,0.0,0.0,0.0,0.0,0.0,0.0,0.0,0.0,0.0,0.0,0.0,0,0.075803083,0.0,0,0.473938235
216852,Widener University,231386178,331300,,One University Place,Chester,PA,19013-5792,https://www.widener.edu/,1686,5610,3,0,112,164,10398907,13515644,92847.38,82412.46,110286.9382,94108.42955,100,591,223,368,0.152284264,0.027072758,0.021996616,0.5,0.573033708,0.522727273,0.015151515,0.078651685,0.015151515,0.015151515,0.011235955,0.015151515,0.03030303,0.04494382,0.045454545,0.0,0,0.075803083,1.666666667,0.307730182,0.473938235
216931,Wilkes University,240795506,339400,Wilkes,84 West South Street,Wilkes-Barre,PA,18766,https://www.wilkes.edu/,1318,5198,3,0,73,89,6903190,7743482,94564.25,87005.42,110286.9382,94108.42955,100,497,172,325,0.030181087,0.046277666,0.018108652,0.375,0.462686567,0.434343434,0.0,0.014925373,0.01010101,0.03125,0.014925373,0.02020202,0.03125,0.029850746,0.03030303,0.0,0,0.075803083,2.666666667,0.512131106,0.473938235
216940,Williamson College of the Trades,231352691,4123800,,106 South New Middletown Road,Media,PA,19063-5299,https://www.williamson.edu/,67,313,3,0,16,4,1160104,228194,72506.5,57048.5,110286.9382,94108.42955,100,93,56,37,0.215053763,0.021505376,0.0,0.0,0.0,0.0,0.0,0.0,0.0,0.0,0.0,0.0,0.0,0.0,0.0,0.0,0,0.075803083,0.0,0,0.473938235
217013,Wilson College,231352692,339600,,1015 Philadelphia Ave,Chambersburg,PA,17201-1285,www.wilson.edu/,294,1694,4,0,16,30,1054581,1995212,65911.31,66507.07,110286.9382,94108.42955,100,119,39,80,0.033613445,0.025210084,0.0,0.625,0.538461538,0.529411765,0.0,0.0,0.0,0.0,0.0,0.0,0.0,0.0,0.0,0.666666667,0.490196078,0.075803083,0.333333333,0.245098039,0.473938235
217059,York College of Pennsylvania,231352698,339900,YCP,441 Country Club Rd,York,PA,17403-3651,https://www.ycp.edu/,883,3720,3,0,86,77,7731074,6161072,89896.21,80013.92,110286.9382,94108.42955,100,380,157,223,0.028947368,0.065789474,0.021052632,0.181818182,0.513888889,0.42,0.0,0.0,0.0,0.0,0.027777778,0.02,0.0,0.055555556,0.04,2.0,0.547045952,0.075803083,6.333333333,1.732312181,0.473938235
217156,Brown University,50258809,340100,,One Prospect Street,Providence,RI,02912,www.brown.edu/,3013,11516,3,0,573,406,100061530,59164716,174627.45,145725.9,110286.9382,94108.42955,100,4203,1630,2573,0.091363312,0.083749703,0.059243398,0.275058275,0.488636364,0.323529412,0.018648019,0.051136364,0.029411765,0.009324009,0.034090909,0.017301038,0.027972028,0.107954545,0.05017301,6.666666667,0.595823279,0.075803083,6.333333333,0.566032115,0.473938235
217165,Bryant University,50258810,340200,,1150 Douglas Pike,Smithfield,RI,02917-1291,https://www.bryant.edu/,999,3592,3,0,85,78,12217150,9078694,143731.18,116393.51,110286.9382,94108.42955,100,499,214,285,0.044088176,0.03006012,0.034068136,0.267857143,0.47826087,0.328947368,0.017857143,0.0,0.013157895,0.0,0.0,0.0,0.053571429,0.173913043,0.078947368,2.666666667,0.754147813,0.075803083,3.333333333,0.942684766,0.473938235
217235,Johnson & Wales University-Providence,50306206,340400,,8 Abbott Park Place,Providence,RI,02903-3703,https://www.jwu.edu/campuses/providence/,1251,4372,3,0,120,130,11527322,13114824,96061.02,100883.26,110286.9382,94108.42955,100,664,261,403,0.046686747,0.048192771,0.022590361,0.544117647,0.519230769,0.0,0.0,0.009615385,0.0,0.029411765,0.019230769,0.0,0.014705882,0.0,0.0,0.0,0,0.075803083,1.666666667,0.365016791,0.473938235
217305,New England Institute of Technology,50312747,784500,New England Tech,One New England Tech Boulevard,East Greenwich,RI,02818-1205,https://www.neit.edu/,813,1850,3,0,58,51,4985218,4576529,85952.03,89735.86,110286.9382,94108.42955,100,281,140,141,0.046263345,0.017793594,0.035587189,0.4375,0.413793103,0.0,0.0,0.0,0.0,0.0,0.0,0.0,0.0,0.0,0.0,0.0,0,0.075803083,1.0,0.527704485,0.473938235
217402,Providence College,50258932,340600,,1 Cunningham Square,Providence,RI,02918-0001,www.providence.edu/,1264,4635,4,0,202,145,21947319,14710710,108650.09,101453.17,110286.9382,94108.42955,100,651,293,358,0.061443932,0.072196621,0.015360983,0.324324324,0.453703704,0.386934673,0.0,0.037037037,0.010050251,0.013513514,0.055555556,0.035175879,0.027027027,0.064814815,0.045226131,0.666666667,0.149042403,0.075803083,1.666666667,0.372606006,0.473938235
217420,Rhode Island College,56016315,340700,RIC|RI College|R.I. College|,600 Mount Pleasant Ave,Providence,RI,02908,www.ric.edu/,1442,5767,1,0,96,181,10657585,18080256,111016.51,99890.92,110286.9382,94108.42955,100,458,192,266,0.072052402,0.115720524,0.028384279,0.587155963,0.61,0.601851852,0.0,0.05,0.023148148,0.009174312,0.01,0.009259259,0.064220183,0.07,0.069444444,0.666666667,0.115200737,0.075803083,1.333333333,0.230401475,0.473938235
217475,Community College of Rhode Island,50353872,340800,CCRI,400 East Ave,Warwick,RI,02886-1807,www.ccri.edu/,1987,12518,1,0,101,186,7037908,12706333,69682.26,68313.62,110286.9382,94108.42955,100,427,152,275,0.091334895,0.107728337,0.025761124,0.63963964,0.681818182,0.653061224,0.009009009,0.075757576,0.030612245,0.0,0.015151515,0.005102041,0.0,0.015151515,0.005102041,0.0,0,0.075803083,1.333333333,0.108728152,0.473938235
217484,University of Rhode Island,3414000,341400,URI,"Green Hall, 35 Campus Avenue",Kingston,RI,02881,https://web.uri.edu/,4061,17351,1,1,377,401,44117462,40034317,117022.45,99836.2,110286.9382,94108.42955,100,1905,699,1206,0.033595801,0.032020997,0.033595801,0.387234043,0.539325843,0.426701571,0.008510638,0.02247191,0.015706806,0.017021277,0.028089888,0.020942408,0.042553191,0.101123596,0.070680628,2.666666667,0.152616418,0.075803083,4.0,0.228924627,0.473938235
217493,Rhode Island School of Design,50258956,340900,RISD,20 Washington Place,Providence,RI,02903-2784,www.risd.edu/,807,2540,3,0,104,96,10582297,9295377,101752.86,96826.84,110286.9382,94108.42955,100,672,236,436,0.09375,0.098214286,0.035714286,0.466666667,0.444444444,0.0,0.0,0.031746032,0.0,0.013333333,0.015873016,0.0,0.026666667,0.079365079,0.0,4.0,1.526717557,0.075803083,1.666666667,0.636132316,0.473938235
217518,Roger Williams University,50277222,341000,RWU,One Old Ferry Road,Bristol,RI,02809-2921,https://www.rwu.edu/,1124,4344,3,0,105,91,12828019,10253931,122171.61,112680.56,110286.9382,94108.42955,100,634,266,368,0.029968454,0.067823344,0.022082019,0.452830189,0.509803922,0.470967742,0.028301887,0.039215686,0.032258065,0.018867925,0.039215686,0.025806452,0.056603774,0.019607843,0.04516129,0.0,0,0.075803083,3.666666667,0.833901903,0.473938235
217536,Salve Regina University,50259080,341100,,100 Ochre Point Avenue,Newport,RI,02840-4192,www.salve.edu/,769,2836,4,0,53,81,4631349,6494984,87383.94,80184.99,110286.9382,94108.42955,100,291,103,188,0.024054983,0.04467354,0.017182131,0.307692308,0.705882353,0.533333333,0.0,0.029411765,0.016666667,0.0,0.0,0.0,0.0,0.0,0.0,0.0,0,0.075803083,1.333333333,0.464252553,0.473938235
217624,Allen University,570341191,341700,Allen University,1530 Harden Street,Columbia,SC,29204,https://www.allenuniversity.edu/,98,677,4,0,25,10,1201405,572294,48056.2,57229.4,110286.9382,94108.42955,100,98,52,46,0.928571429,0.0,0.0,0.0,0.25,0.333333333,0.0,0.25,0.333333333,0.0,0.0,0.0,0.0,0.0,0.0,0.0,0,0.075803083,0.0,0,0.473938235
217688,Charleston Southern University,570474291,341900,CSU|CHARLESTON SOUTHERN|,9200 University Blvd,Charleston,SC,29406-9121,https://www.charlestonsouthern.edu/,710,3545,4,0,109,111,7616004,6358889,69871.6,57287.29,110286.9382,94108.42955,100,210,90,120,0.128571429,0.023809524,0.014285714,0.326086957,0.596153846,0.558823529,0.0,0.057692308,0.0,0.0,0.019230769,0.0,0.02173913,0.057692308,0.029411765,0.0,0,0.075803083,2.0,0.585137507,0.473938235
217721,Benedict College,570314365,342000,,1600 Harden Street,Columbia,SC,29204-1086,www.benedict.edu/,354,1731,4,0,49,51,3564890,3392258,72752.86,66514.86,110286.9382,94108.42955,100,172,73,99,0.901162791,0.029069767,0.0,0.333333333,0.321428571,0.324324324,0.0,0.107142857,0.081081081,0.083333333,0.035714286,0.054054054,0.0,0.107142857,0.081081081,0.0,0,0.075803083,0.0,0,0.473938235
217749,Bob Jones University,571088101,342100,,1700 Wade Hampton Boulavard,Greenville,SC,29614-0001,www.bju.edu/,686,2893,4,1,102,69,6256993,3751850,61343.07,54374.64,110286.9382,94108.42955,100,584,232,352,0.010273973,0.039383562,0.015410959,0.25,0.433333333,0.0,0.0,0.0,0.0,0.0,0.016666667,0.0,0.0,0.016666667,0.0,0.0,0,0.075803083,0.333333333,0.107700592,0.473938235
217776,Southern Wesleyan University,570324936,342200,SWU,907 Wesleyan Drive,Central,SC,29630-1020,www.swu.edu/,285,1188,4,0,29,16,1405541,798777,48466.93,49923.56,110286.9382,94108.42955,100,118,54,64,0.050847458,0.008474576,0.0,0.1,0.411764706,0.125,0.1,0.058823529,0.0,0.0,0.0,0.0,0.0,0.058823529,0.0,0.0,0,0.075803083,0.666666667,0.567375887,0.473938235
217819,College of Charleston,576000265,342800,,66 George St,Charleston,SC,29424-0001,https://www.cofc.edu/,2143,11729,1,0,273,251,25724669,21741018,94229.56,86617.6,110286.9382,94108.42955,100,998,403,595,0.174348697,0.036072144,0.018036072,0.376623377,0.480662983,0.429850746,0.0,0.027624309,0.014925373,0.006493506,0.038674033,0.023880597,0.012987013,0.011049724,0.008955224,0.666666667,0.061246363,0.075803083,3.333333333,0.306231817,0.473938235
217864,Citadel Military College of South Carolina,576000217,342300,,171 Moultrie St,Charleston,SC,29409,https://citadel.edu/,1080,3727,1,0,126,84,11772932,6815236,93435.97,81133.76,110286.9382,94108.42955,100,350,187,163,0.125714286,0.045714286,0.0,0.3,0.483870968,0.4,0.016666667,0.016129032,0.019047619,0.033333333,0.048387097,0.047619048,0.05,0.032258065,0.038095238,0.0,0,0.075803083,2.666666667,0.716653229,0.473938235
217873,Claflin University,570314374,342400,,400 Magnolia Street,Orangeburg,SC,29115-4498,www.claflin.edu/,364,1835,4,0,63,53,4376421,3931411,69467.0,74177.57,110286.9382,94108.42955,100,200,56,144,0.91,0.005,0.035,0.541666667,0.305555556,0.422222222,0.25,0.222222222,0.2,0.0,0.0,0.0,0.208333333,0.055555556,0.155555556,0.0,0,0.075803083,1.333333333,0.72859745,0.473938235
217882,Clemson University,576000254,342500,,201 Sikes Hall,Clemson,SC,29634,www.clemson.edu/,7360,28747,1,1,856,640,102698729,59717540,119975.15,93308.66,110286.9382,94108.42955,100,3969,1635,2334,0.106575964,0.02292769,0.017384732,0.251968504,0.394495413,0.319027182,0.015748031,0.01529052,0.015736767,0.0,0.024464832,0.011444921,0.031496063,0.048929664,0.040057225,0.0,0,0.075803083,3.0,0.105388885,0.473938235
217907,Coker University,570324916,342700,Coker,300 E College Ave,Hartsville,SC,29550,https://coker.edu/,238,1263,3,0,32,32,2074837,2081648,64838.66,65051.5,110286.9382,94108.42955,100,126,53,73,0.134920635,0.03968254,0.007936508,0.533333333,0.588235294,0.5,0.0,0.0,0.0,0.0,0.058823529,0.0,0.0,0.0,0.0,0.0,0,0.075803083,0.0,0,0.473938235
217925,Columbia International University,570352247,342900,CIU,7435 Monticello Rd,Columbia,SC,29203-1513,www.ciu.edu/,624,2631,3,0,36,18,2213204,1079752,61477.89,59986.22,110286.9382,94108.42955,100,184,87,97,0.114130435,0.038043478,0.076086957,0.272727273,0.344827586,0.0,0.045454545,0.068965517,0.0,0.0,0.0,0.0,0.0,0.0,0.0,0.0,0,0.075803083,0.666666667,0.268708854,0.473938235
217961,Converse University,570314380,343100,,580 E Main St,Spartanburg,SC,29302-0006,https://www.converse.edu/,237,1341,3,0,30,51,1796229,2855876,59874.3,55997.57,110286.9382,94108.42955,100,160,53,107,0.1125,0.025,0.00625,0.411764706,0.8,0.638297872,0.0,0.0,0.0,0.0,0.033333333,0.021276596,0.0,0.0,0.0,0.0,0,0.075803083,0.0,0,0.473938235
217998,Erskine College,570314390,343200,Erskine College and Seminary,2 Washington St,Due West,SC,29639,www.erskine.edu/,155,984,4,0,17,16,959971,821723,56468.88,51357.69,110286.9382,94108.42955,100,115,65,50,0.113043478,0.034782609,0.0,0.0,0.545454545,0.363636364,0.0,0.0,0.0,0.0,0.0,0.0,0.0,0.0,0.0,0.0,0,0.075803083,0.0,0,0.473938235
218061,Francis Marion University,570522624,922600,,4822 East Palmetto Street,Florence,SC,29506,www.fmarion.edu/,644,4017,1,1,100,107,8027159,8131630,80271.59,75996.54,110286.9382,94108.42955,100,290,116,174,0.334482759,0.024137931,0.013793103,0.394736842,0.65,0.503703704,0.0,0.083333333,0.02962963,0.0,0.033333333,0.014814815,0.039473684,0.0,0.022222222,0.0,0,0.075803083,2.666666667,0.659250103,0.473938235
218070,Furman University,570314395,343400,Furman University,3300 Poinsett Highway,Greenville,SC,29613-6162,www.furman.edu/,597,2505,3,0,144,126,14204992,11073296,98645.78,87883.3,110286.9382,94108.42955,100,633,270,363,0.096366509,0.037914692,0.017377567,0.341880342,0.471428571,0.388571429,0.008547009,0.042857143,0.011428571,0.025641026,0.0,0.017142857,0.017094017,0.028571429,0.022857143,2.0,0.818665575,0.075803083,3.0,1.227998363,0.473938235
218229,Lander University,570559320,343500,,320 Stanley Avenue,Greenwood,SC,29649-2099,https://www.lander.edu/,810,4363,1,0,68,95,4867353,5843057,71578.72,61505.86,110286.9382,94108.42955,100,274,126,148,0.131386861,0.003649635,0.0,0.4375,0.391304348,0.363636364,0.0,0.043478261,0.022727273,0.0,0.0,0.0,0.0,0.0,0.0,0.0,0,0.075803083,0.333333333,0.079993601,0.473938235
218238,Limestone University,570314402,343600,,1115 College Drive,Gaffney,SC,29340-3799,www.limestone.edu/,482,1782,3,0,39,41,2573083,2694715,65976.49,65724.76,110286.9382,94108.42955,100,196,91,105,0.158163265,0.005102041,0.005102041,0.5,0.411764706,0.522727273,0.0,0.058823529,0.045454545,0.0,0.0,0.0,0.041666667,0.0,0.022727273,0.0,0,0.075803083,0.666666667,0.37327361,0.473938235
218335,Medical University of South Carolina,576000722,343800,MUSC,179 Ashley Ave,Charleston,SC,29425,https://web.musc.edu/,1060,3117,1,0,56,107,7667142,14225091,136913.25,132944.78,110286.9382,94108.42955,100,2910,1020,1890,0.145360825,0.039862543,0.073539519,0.52,0.655737705,0.461538462,0.0,0.049180328,0.025641026,0.04,0.06557377,0.051282051,0.04,0.049180328,0.025641026,2.0,0.62992126,0.075803083,13.33333333,4.199475066,0.473938235
218399,Morris College,576000734,343900,,100 West College Street,Sumter,SC,29150-3599,https://www.morris.edu/,76,421,4,0,16,10,682716,463471,42669.75,46347.1,110286.9382,94108.42955,100,112,38,74,0.982142857,0.0,0.0,0.166666667,0.428571429,0.0,0.166666667,0.285714286,0.0,0.0,0.0,0.0,0.0,0.0,0.0,0.0,0,0.075803083,0.0,0,0.473938235
218414,Newberry College,570314404,344000,,2100 College St,Newberry,SC,29108,www.newberry.edu/,211,1507,4,0,41,36,2426674,2281236,59187.17,63367.67,110286.9382,94108.42955,100,158,72,86,0.202531646,0.018987342,0.006329114,0.266666667,0.52,0.451612903,0.066666667,0.0,0.032258065,0.0,0.0,0.0,0.0,0.0,0.0,0.0,0,0.075803083,0.0,0,0.473938235
218441,North Greenville University,570314406,344100,,7801 N. Tigerville Road,Tigerville,SC,29688-1892,www.ngu.edu/,447,2219,4,0,73,54,4382238,3126319,60030.66,57894.8,110286.9382,94108.42955,100,240,127,113,0.041666667,0.025,0.0,0.342105263,0.37037037,0.0,0.0,0.037037037,0.0,0.0,0.0,0.0,0.0,0.0,0.0,0.0,0,0.075803083,1.333333333,0.62745098,0.473938235
218539,Presbyterian College,570314408,344500,PC,503 South Broad Street,Clinton,SC,29325,https://www.presby.edu/,298,1136,4,0,51,42,3774490,3452043,74009.61,82191.5,110286.9382,94108.42955,100,170,86,84,0.129411765,0.005882353,0.005882353,0.230769231,0.62962963,0.372881356,0.0,0.037037037,0.016949153,0.0,0.0,0.0,0.0,0.0,0.0,0.0,0,0.075803083,1.666666667,1.390047262,0.473938235
218645,University of South Carolina Aiken,576001153,344900,"University of South Carolina Aiken, USC Aiken, USCA, USC Aiken, University of South Carolina at Aiken, UofSC Aiken",471 University Pkwy,Aiken,SC,29801,www.usca.edu/,813,3855,1,1,75,80,5884434,5689195,78459.12,71114.94,110286.9382,94108.42955,100,264,109,155,0.181818182,0.011363636,0.003787879,0.25,0.666666667,0.477272727,0.0,0.0625,0.034090909,0.0,0.0,0.0,0.0,0.041666667,0.022727273,0.0,0,0.075803083,1.0,0.260416667,0.473938235
218654,University of South Carolina Beaufort,576001153,345000,USC Beaufort,1 University Boulevard,Bluffton,SC,29909,www.uscb.edu/,388,2121,1,0,42,59,3392013,4446890,80762.21,75371.02,110286.9382,94108.42955,100,197,82,115,0.137055838,0.035532995,0.010152284,0.4,0.648648649,0.528301887,0.0,0.054054054,0.037735849,0.0,0.0,0.0,0.05,0.027027027,0.037735849,0.0,0,0.075803083,2.333333333,1.098556183,0.473938235
218663,University of South Carolina-Columbia,576001153,344800,,Columbia-Campus,Columbia,SC,29208,www.sc.edu/,9341,36579,1,1,818,750,101522585,78598080,124110.74,104797.44,110286.9382,94108.42955,100,5063,1943,3120,0.253604582,0.028244124,0.025478965,0.355769231,0.486111111,0.391616766,0.036538462,0.049603175,0.037125749,0.009615385,0.017857143,0.011976048,0.034615385,0.075396825,0.05988024,2.666666667,0.074795015,0.075803083,11.66666667,0.32722819,0.473938235
218672,University of South Carolina-Lancaster,576001153,345300,,476 Hubbard Drive,Lancaster,SC,29720-0889,www.sc.edu/about/system_and_campuses/lancaster/index.php,150,2328,1,0,29,25,2111915,1714798,72824.66,68591.92,110286.9382,94108.42955,100,98,43,55,0.346938776,0.0,0.0,0.333333333,0.5,0.433333333,0.0,0.0,0.0,0.0,0.055555556,0.033333333,0.0,0.0,0.0,0.0,0,0.075803083,0.0,0,0.473938235
218681,University of South Carolina-Salkehatchie,576001153,345400,,465 James Brandt Blvd,Allendale,SC,29810-0617,sc.edu/about/system_and_campuses/salkehatchie/index.php,78,809,1,0,14,7,860697,507229,61478.36,72461.29,110286.9382,94108.42955,100,51,18,33,0.392156863,0.019607843,0.0,0.2,0.2,0.2,0.0,0.0,0.0,0.0,0.0,0.0,0.0,0.0,0.0,0.0,0,0.075803083,0.0,0,0.473938235
218690,University of South Carolina-Sumter,576001153,342600,,200 Miller Rd,Sumter,SC,29150-2498,www.sc.edu/about/system_and_campuses/sumter/index.php,163,1692,1,0,19,17,1484079,1042149,78109.42,61302.88,110286.9382,94108.42955,100,75,28,47,0.28,0.013333333,0.0,0.4,0.5,0.357142857,0.0,0.0,0.0,0.0,0.0,0.0,0.2,0.0,0.142857143,0.0,0,0.075803083,0.0,0,0.473938235
218706,University of South Carolina-Union,576001153,492700,,309 East Academy St,Union,SC,29379-0729,www.sc.edu/about/system_and_campuses/union/index.php,99,1392,1,0,7,11,450078,761976,64296.86,69270.55,110286.9382,94108.42955,100,45,23,22,0.066666667,0.0,0.0,1.0,0.4,0.5,0.0,0.0,0.0,0.0,0.0,0.0,0.0,0.0,0.0,0.0,0,0.075803083,0.0,0,0.473938235
218724,Coastal Carolina University,570977955,345100,,103 Tom Trout Drive,Conway,SC,29526,https://www.coastal.edu/,2113,10829,1,0,272,233,23019901,17537127,84631.99,75266.64,110286.9382,94108.42955,100,955,435,520,0.129842932,0.032460733,0.008376963,0.308943089,0.473684211,0.382608696,0.016260163,0.052631579,0.034782609,0.0,0.00877193,0.004347826,0.024390244,0.035087719,0.02173913,0.0,0,0.075803083,4.666666667,0.45145271,0.473938235
218733,South Carolina State University,576000950,344600,,300 College St NE,Orangeburg,SC,29117-0001,https://scsu.edu/,329,3041,1,0,62,63,4594575,4351585,74106.05,69072.78,110286.9382,94108.42955,100,474,175,299,0.905063291,0.010548523,0.018987342,0.411764706,0.4,0.412698413,0.294117647,0.266666667,0.285714286,0.0,0.0,0.0,0.029411765,0.1,0.063492063,0.0,0,0.075803083,1.666666667,0.62916824,0.473938235
218742,University of South Carolina-Upstate,576001153,695100,,800 University Way,Spartanburg,SC,29303-4999,www.uscupstate.edu/,1162,4946,1,0,86,121,6655952,8703753,77394.79,71931.84,110286.9382,94108.42955,100,402,176,226,0.169154229,0.047263682,0.007462687,0.465116279,0.566666667,0.514851485,0.023255814,0.083333333,0.059405941,0.023255814,0.033333333,0.02970297,0.046511628,0.05,0.02970297,0.0,0,0.075803083,0.333333333,0.067847208,0.473938235
218751,Sherman College of Chiropractic,237242844,2063700,Sherman College / SCSC / Sherman College of Chiropractic / Sherman,2020 Springfield Rd,Spartanburg,SC,29316,https://www.sherman.edu/,97,381,3,0,14,23,1260424,2126689,90030.29,92464.74,110286.9382,94108.42955,100,63,21,42,0.142857143,0.047619048,0.015873016,0.6,0.666666667,0.0,0.1,0.0,0.0,0.0,0.0,0.0,0.1,0.0,0.0,0.0,0,0.075803083,0.0,0,0.473938235
218821,Spartanburg Methodist College,570314415,344700,SMC,1750 Powell Mill Road,Spartanburg,SC,29301-5899,https://www.smcsc.edu/,235,1029,4,0,14,23,782929,1203384,55923.5,52321.04,110286.9382,94108.42955,100,131,64,67,0.251908397,0.030534351,0.022900763,0.638888889,0.0,0.5,0.027777778,0.0,0.0625,0.027777778,0.0,0.0,0.027777778,0.0,0.0625,0.0,0,0.075803083,0.333333333,0.313283208,0.473938235
218919,Voorhees University,570329786,345500,VU,1897 Voorhees Road,Denmark,SC,29042,www.voorhees.edu/,78,515,4,0,17,15,754678,736925,44392.82,49128.33,110286.9382,94108.42955,100,130,46,84,0.992307692,0.0,0.0,0.5,0.6,0.4,0.0,0.2,0.0,0.0,0.0,0.0,0.0,0.2,0.2,0.0,0,0.075803083,0.0,0,0.473938235
218964,Winthrop University,576001204,345600,,701 Oakland Ave,Rock Hill,SC,29733,www.winthrop.edu/,1265,4694,1,0,108,133,8972411,10173774,83077.88,76494.54,110286.9382,94108.42955,100,429,139,290,0.216783217,0.037296037,0.009324009,0.458823529,0.513513514,0.48,0.023529412,0.054054054,0.033333333,0.011764706,0.0,0.006666667,0.023529412,0.027027027,0.033333333,0.666666667,0.141482739,0.075803083,7.0,1.485568761,0.473938235
218973,Wofford College,570314422,345700,,429 N Church St,Spartanburg,SC,29303-3663,www.wofford.edu/,409,1873,4,0,71,74,5823343,5910667,82018.92,79873.88,110286.9382,94108.42955,100,330,161,169,0.175757576,0.045454545,0.009090909,0.551020408,0.477272727,0.510416667,0.040816327,0.045454545,0.041666667,0.020408163,0.022727273,0.020833333,0.020408163,0.022727273,0.020833333,0.0,0,0.075803083,1.0,0.548546352,0.473938235
219000,Augustana University,460224588,345800,Augie  Augustana College(SD)  Augustana University,2001 S Summit Ave,Sioux Falls,SD,57197-0001,www.augie.edu/,554,2158,4,1,71,91,5299436,6437883,74639.94,70745.97,110286.9382,94108.42955,100,287,144,143,0.038327526,0.024390244,0.013937282,0.333333333,0.625,0.47761194,0.033333333,0.017857143,0.0,0.0,0.035714286,0.029850746,0.033333333,0.017857143,0.029850746,0.0,0,0.075803083,3.666666667,1.75775008,0.473938235
219046,Black Hills State University,466000364,345900,BHSU,1200 University St,Spearfish,SD,57799-9500,www.bhsu.edu/,481,3475,1,0,65,42,4888658,2921852,75210.12,69567.9,110286.9382,94108.42955,100,234,113,121,0.008547009,0.042735043,0.008547009,0.366666667,0.181818182,0.288461538,0.0,0.0,0.0,0.033333333,0.0,0.019230769,0.033333333,0.0,0.019230769,0.0,0,0.075803083,0.333333333,0.097323601,0.473938235
219082,Dakota State University,466000364,346300,Dakota State,820 N Washington Ave,Madison,SD,57042-1799,https://dsu.edu/,551,3508,1,0,66,34,6152749,2616233,93223.47,76948.03,110286.9382,94108.42955,100,259,104,155,0.019305019,0.003861004,0.011583012,0.176470588,0.363636364,0.25,0.0,0.0,0.0,0.0,0.0,0.0,0.0,0.090909091,0.027777778,0.0,0,0.075803083,1.0,0.308546745,0.473938235
219091,Dakota Wesleyan University,460224589,346100,,1200 W University Ave,Mitchell,SD,57301-4398,www.dwu.edu/,219,886,4,0,20,25,1272300,1569260,63615.0,62770.4,110286.9382,94108.42955,100,110,50,60,0.0,0.027272727,0.0,0.375,0.7,0.473684211,0.0,0.0,0.0,0.0,0.0,0.0,0.0,0.0,0.0,0.0,0,0.075803083,0.0,0,0.473938235
219198,Mount Marty University,460283336,346500,,1105 W. 8th Street,Yankton,SD,57078-3724,www.mountmarty.edu/,206,1314,4,0,21,21,1546343,1704402,73635.38,81162.0,110286.9382,94108.42955,100,97,49,48,0.0,0.06185567,0.010309278,0.166666667,0.444444444,0.5,0.0,0.0,0.0,0.0,0.0,0.0,0.166666667,0.0,0.055555556,0.0,0,0.075803083,0.0,0,0.473938235
219240,Kairos University,460237098,405600,North American Baptist Seminary,2100 S Summit Ave,Sioux Falls,SD,57105,www.kairos.edu/,168,1105,4,0,8,5,644647,322719,80580.88,64543.8,110286.9382,94108.42955,100,7,3,4,0.142857143,0.0,0.0,0.333333333,0.0,0.0,0.0,0.0,0.0,0.0,0.0,0.0,0.0,0.0,0.0,0.0,0,0.075803083,0.0,0,0.473938235
219259,Northern State University,466000364,346600,NSU,1200 S Jay St,Aberdeen,SD,57401-7198,www.northern.edu/,416,3521,1,0,47,40,3592348,2972973,76432.94,74324.32,110286.9382,94108.42955,100,244,91,153,0.024590164,0.016393443,0.008196721,0.318181818,0.529411765,0.41025641,0.0,0.0,0.0,0.0,0.0,0.0,0.0,0.0,0.0,0.0,0,0.075803083,1.0,0.299043062,0.473938235
219277,Oglala Lakota College,237135915,1465900,,490 Piya Wiconi Road,Kyle,SD,57752-0490,www.olc.edu/,151,1229,1,0,25,29,1562287,1861608,62491.48,64193.38,110286.9382,94108.42955,100,108,33,75,0.009259259,0.009259259,0.0,0.333333333,0.625,0.0,0.0,0.0,0.0,0.0,0.125,0.0,0.0,0.0,0.0,0.0,0,0.075803083,0.0,0,0.473938235
219347,South Dakota School of Mines and Technology,466000364,347000,South Dakota Mines,501 E Saint Joseph St,Rapid City,SD,57701-3995,https://www.sdsmt.edu/,523,2492,1,0,118,35,12635425,2866298,107079.87,81894.23,110286.9382,94108.42955,100,273,130,143,0.025641026,0.051282051,0.003663004,0.135135135,0.210526316,0.185714286,0.0,0.0,0.0,0.0,0.0,0.0,0.0,0.0,0.0,0.666666667,0.267522739,0.075803083,0.666666667,0.267522739,0.473938235
219356,South Dakota State University,466000364,347100,,1004 Campanile Ave,Brookings,SD,57007-1898,https://www.sdstate.edu/,2382,11498,1,0,272,236,27500311,20553981,101104.08,87093.14,110286.9382,94108.42955,100,1198,487,711,0.011686144,0.015025042,0.039232053,0.304347826,0.352380952,0.309278351,0.008695652,0.00952381,0.010309278,0.008695652,0.019047619,0.015463918,0.026086957,0.038095238,0.025773196,0.0,0,0.075803083,7.666666667,0.676848827,0.473938235
219383,University of Sioux Falls,460224600,346900,,1101 W 22nd St,Sioux Falls,SD,57105-1699,www.usiouxfalls.edu/,374,1509,4,0,31,27,1960494,1719747,63241.74,63694.33,110286.9382,94108.42955,100,169,87,82,0.053254438,0.023668639,0.01183432,0.4375,0.473684211,0.428571429,0.0,0.0,0.0,0.0,0.0,0.0,0.0,0.0,0.0,0.0,0,0.075803083,0.333333333,0.209117524,0.473938235
219471,University of South Dakota,466000364,347400,USD,414 E Clark St,Vermillion,SD,57069-2390,https://www.usd.edu/,2000,9868,1,1,175,208,16187685,17631694,92501.06,84767.76,110286.9382,94108.42955,100,922,357,565,0.02494577,0.028199566,0.01626898,0.333333333,0.438202247,0.366013072,0.0,0.0,0.0,0.011904762,0.02247191,0.019607843,0.047619048,0.04494382,0.052287582,0.0,0,0.075803083,2.333333333,0.236742424,0.473938235
219602,Austin Peay State University,620646576,347800,,601 College St,Clarksville,TN,37044,www.apsu.edu/,2840,9945,1,1,189,212,15802830,16294129,83612.86,76859.1,110286.9382,94108.42955,100,665,233,432,0.177443609,0.042105263,0.012030075,0.442307692,0.552631579,0.478632479,0.032051282,0.065789474,0.042735043,0.0,0.0,0.0,0.044871795,0.026315789,0.034188034,0.666666667,0.071484738,0.075803083,5.0,0.536135535,0.473938235
219639,Baptist Health Sciences University,621599670,3440300,Baptist College of Health Sciences,1003 Monroe Ave,Memphis,TN,38104,www.baptistu.edu/,226,755,4,0,19,50,1671010,4139127,87947.89,82782.54,110286.9382,94108.42955,100,94,20,74,0.436170213,0.021276596,0.010638298,0.285714286,0.571428571,0.0,0.142857143,0.142857143,0.0,0.0,0.0,0.0,0.0,0.0,0.0,0.0,0,0.075803083,0.0,0,0.473938235
219709,Belmont University,620465076,347900,,1900 Belmont Blvd,Nashville,TN,37212-3757,https://www.belmont.edu/,2095,8862,4,0,272,287,30306708,27727290,111421.72,96610.77,110286.9382,94108.42955,100,867,335,532,0.148788927,0.029988466,0.036908881,0.370967742,0.527131783,0.456521739,0.040322581,0.031007752,0.039130435,0.0,0.007751938,0.004347826,0.008064516,0.023255814,0.017391304,0.666666667,0.074822297,0.075803083,6.666666667,0.74822297,0.473938235
219790,Bryan College-Dayton,620528217,353600,William Jennings Bryan College,721 Bryan Drive,Dayton,TN,37321,www.bryan.edu/,191,1548,4,0,24,20,1480466,1142449,61686.08,57122.45,110286.9382,94108.42955,100,230,97,133,0.047826087,0.043478261,0.0,0.25,0.25,0.0,0.0,0.0,0.0,0.0,0.0,0.0,0.0,0.0,0.0,0.0,0,0.075803083,0.666666667,0.40257649,0.473938235
219806,Carson-Newman University,620479189,348100,,1646 S Russell Ave,Jefferson City,TN,37760,www.cn.edu/,883,2735,4,0,55,67,3134226,3738666,56985.93,55800.99,110286.9382,94108.42955,100,217,97,120,0.059907834,0.013824885,0.0,0.433333333,0.534883721,0.46031746,0.0,0.0,0.0,0.0,0.0,0.0,0.0,0.0,0.0,0.0,0,0.075803083,0.333333333,0.128899201,0.473938235
219824,Chattanooga State Community College,620725362,399800,,4501 Amnicola Hwy,Chattanooga,TN,37406-1097,https://www.chattanoogastate.edu/,1095,6601,1,1,109,117,7082313,7481591,64975.35,63945.22,110286.9382,94108.42955,100,330,120,210,0.218181818,0.027272727,0.018181818,0.575,0.506849315,0.521367521,0.05,0.02739726,0.034188034,0.025,0.0,0.008547009,0.0,0.01369863,0.008547009,0.0,0,0.075803083,0.0,0,0.473938235
219833,Christian Brothers University,620476666,348200,CBU,650 East Parkway South,Memphis,TN,38104,https://www.cbu.edu/,670,2043,4,0,69,45,5280379,3395014,76527.23,75444.76,110286.9382,94108.42955,100,182,86,96,0.362637363,0.021978022,0.010989011,0.264705882,0.414634146,0.264150943,0.0,0.048780488,0.0,0.029411765,0.0,0.018867925,0.0,0.024390244,0.0,0.0,0,0.075803083,0.333333333,0.172354361,0.473938235
219842,Pentecostal Theological Seminary,510195363,2188300,,900 Walker St NE,Cleveland,TN,37311-3330,www.ptseminary.edu/,130,501,4,0,8,1,559193,63239,69899.12,63239.0,110286.9382,94108.42955,100,35,12,23,0.057142857,0.2,0.057142857,0.0,0.5,0.0,0.0,0.5,0.0,0.0,0.0,0.0,0.0,0.0,0.0,0.0,0,0.075803083,0.0,0,0.473938235
219879,Cleveland State Community College,620762876,399900,,3535 Adkisson Drive,Cleveland,TN,37312,www.clevelandstatecc.edu/,658,3254,1,0,32,35,2030557,2132430,63454.91,60926.57,110286.9382,94108.42955,100,103,32,71,0.048543689,0.009708738,0.009708738,0.375,0.5625,0.55,0.0,0.0,0.0,0.0,0.0,0.0,0.0,0.0625,0.05,0.0,0,0.075803083,0.0,0,0.473938235
219888,Columbia State Community College,620753450,348300,Columbia State,1665 Hampshire Pike,Columbia,TN,38401,https://www.columbiastate.edu/,903,5115,1,0,42,76,2707910,4312120,64474.05,56738.42,110286.9382,94108.42955,100,164,54,110,0.146341463,0.018292683,0.006097561,0.416666667,0.6,0.561403509,0.0,0.075,0.052631579,0.0,0.025,0.01754386,0.0,0.0,0.0,0.666666667,0.13457139,0.075803083,0.0,0,0.473938235
219949,Cumberland University,620599339,348500,CU,1 Cumberland Square,Lebanon,TN,37087,www.cumberland.edu/,723,3072,3,0,40,45,2150702,2654134,53767.55,58980.76,110286.9382,94108.42955,100,140,63,77,0.121428571,0.064285714,0.0,0.090909091,0.6,0.0,0.0,0.066666667,0.0,0.0,0.0,0.0,0.0,0.0,0.0,0.0,0,0.075803083,0.0,0,0.473938235
219976,Lipscomb University,620485733,348600,David Lipscomb University  David Lipscomb  Lipscomb,One University Park Drive,Nashville,TN,37204-3951,https://www.lipscomb.edu/,1598,5047,4,0,124,122,12279385,11224139,99027.3,92001.14,110286.9382,94108.42955,100,577,230,347,0.090121317,0.034662045,0.012131716,0.271186441,0.513157895,0.385714286,0.0,0.013157895,0.014285714,0.0,0.013157895,0.014285714,0.0,0.0,0.0,0.0,0,0.075803083,0.666666667,0.141723356,0.473938235
220057,Dyersburg State Community College,620800930,683500,DSCC,1510 Lake Road,Dyersburg,TN,38024-2411,www.dscc.edu/,545,3143,1,0,17,26,1119427,1705859,65848.65,65609.96,110286.9382,94108.42955,100,165,52,113,0.127272727,0.006060606,0.0,0.25,0.565217391,0.56,0.25,0.043478261,0.08,0.0,0.0,0.0,0.0,0.0,0.0,0.0,0,0.075803083,0.0,0,0.473938235
220075,East Tennessee State University,626021046,348700,ETSU,1276 Gilbreath Drive,Johnson City,TN,37614,https://www.etsu.edu/,3430,13586,1,1,254,266,22093193,21981242,86981.07,82636.25,110286.9382,94108.42955,100,1425,493,932,0.04,0.016140351,0.015438596,0.357142857,0.502645503,0.421875,0.004761905,0.026455026,0.015625,0.004761905,0.005291005,0.00625,0.033333333,0.021164021,0.01875,2.0,0.14833494,0.075803083,4.666666667,0.346114861,0.473938235
220181,Fisk University,620202000,349000,,1000 17th Ave North,Nashville,TN,37208-4501,www.fisk.edu/,131,1005,3,0,36,33,2280213,1756523,63339.25,53227.97,110286.9382,94108.42955,100,133,63,70,0.593984962,0.022556391,0.007518797,0.363636364,0.52,0.458333333,0.181818182,0.28,0.25,0.0,0.0,0.0,0.0,0.16,0.041666667,0.666666667,0.631911532,0.075803083,0.666666667,0.631911532,0.473938235
220206,Welch College,620481463,3001800,,1045 Bison Trail,Gallatin,TN,37066-8460,www.welch.edu/,77,389,4,0,14,6,665841,256509,47560.07,42751.5,110286.9382,94108.42955,100,38,18,20,0.052631579,0.0,0.0,0.5,0.0,0.0,0.0,0.0,0.0,0.0,0.0,0.0,0.0,0.0,0.0,0.0,0,0.075803083,0.0,0,0.473938235
220215,Freed-Hardeman University,620518288,349200,,158 E Main St,Henderson,TN,38340-2399,www.fhu.edu/,454,2294,4,0,71,40,5034116,2667665,70903.04,66691.62,110286.9382,94108.42955,100,221,104,117,0.058823529,0.018099548,0.0,0.090909091,0.275862069,0.245283019,0.045454545,0.0,0.018867925,0.0,0.034482759,0.018867925,0.0,0.0,0.0,0.0,0,0.075803083,0.0,0,0.473938235
220400,Jackson State Community College,620762815,493700,JSCC,2046 North Pky,Jackson,TN,38301-3797,www.jscc.edu/,639,3078,1,0,27,38,1718816,2486201,63659.85,65426.34,110286.9382,94108.42955,100,113,41,72,0.17699115,0.0,0.008849558,0.571428571,0.552631579,0.6,0.142857143,0.0,0.028571429,0.0,0.0,0.0,0.0,0.0,0.0,0.0,0,0.075803083,0.0,0,0.473938235
220473,Johnson University,626001104,349500,,7900 Johnson Dr,Knoxville,TN,37998,johnsonu.edu/,265,950,4,1,26,12,1898190,912725,73007.31,76060.42,110286.9382,94108.42955,100,154,77,77,0.025974026,0.0,0.0,0.333333333,0.4,0.0,0.0,0.1,0.0,0.0,0.0,0.0,0.0,0.0,0.0,0.0,0,0.075803083,0.0,0,0.473938235
220516,King University,581363100,349600,,1350 King College Road,Bristol,TN,37620-2699,https://www.king.edu/,552,1295,4,0,27,43,1746860,2672865,64698.52,62159.65,110286.9382,94108.42955,100,154,76,78,0.051948052,0.019480519,0.0,0.357142857,0.611111111,0.0,0.0,0.055555556,0.0,0.071428571,0.0,0.0,0.0,0.0,0.0,0.0,0,0.075803083,0.333333333,0.245639892,0.473938235
220598,Lane College,620570060,349900,,545 Lane Ave,Jackson,TN,38301-4598,www.lanecollege.edu/,146,822,4,0,31,17,1744335,980285,56268.87,57663.82,110286.9382,94108.42955,100,118,66,52,0.86440678,0.0,0.025423729,1.0,0.222222222,0.428571429,0.0,0.111111111,0.0,0.5,0.0,0.142857143,0.5,0.0,0.142857143,0.0,0,0.075803083,3.0,2.97029703,0.473938235
220604,Le Moyne-Owen College,620475690,350100,,807 Walker Ave,Memphis,TN,38126-6595,www.loc.edu/,118,646,4,0,20,21,1111290,1114834,55564.5,53087.33,110286.9382,94108.42955,100,96,28,68,0.979166667,0.0,0.0,0.2,0.5,0.5,0.0,0.25,0.142857143,0.0,0.0,0.0,0.2,0.25,0.285714286,0.0,0,0.075803083,0.0,0,0.473938235
220613,Lee University,620502739,350000,,1120 N Ocoee St,Cleveland,TN,37311,www.leeuniversity.edu/,1011,3680,4,0,85,70,6140973,4688435,72246.74,66977.64,110286.9382,94108.42955,100,341,126,215,0.052785924,0.020527859,0.023460411,0.296296296,0.282051282,0.2875,0.0,0.0,0.0,0.0,0.025641026,0.025,0.0,0.0,0.0,1.333333333,0.339529751,0.075803083,1.333333333,0.339529751,0.473938235
220631,Lincoln Memorial University,620479542,350200,LMU,6965 Cumberland Gap Parkway,Harrogate,TN,37752-8231,www.lmunet.edu/,1442,5805,3,0,58,99,4406352,7285477,75971.59,73590.68,110286.9382,94108.42955,100,816,303,513,0.019607843,0.013480392,0.012254902,0.451612903,0.523809524,0.25,0.064516129,0.011904762,0.0,0.0,0.011904762,0.0,0.0,0.0,0.0,1.333333333,0.246093269,0.075803083,3.666666667,0.676756491,0.473938235
220701,The University of Tennessee Southern,626001636,350400,,433 West Madison Street,Pulaski,TN,38478-2799,https://www.utsouthern.edu/,147,978,1,0,29,25,1763949,1598844,60825.83,63953.76,110286.9382,94108.42955,100,125,61,64,0.08,0.024,0.0,0.3,0.583333333,0.444444444,0.0,0.0,0.0,0.0,0.0,0.0,0.0,0.0,0.0,0.0,0,0.075803083,0.333333333,0.356887937,0.473938235
220710,Maryville College,620475691,350500,,502 E Lamar Alexander Pkwy,Maryville,TN,37804-5907,www.maryvillecollege.edu/,178,1147,4,0,31,40,2103945,2587484,67869.19,64687.1,110286.9382,94108.42955,100,215,77,138,0.055813953,0.023255814,0.004651163,0.571428571,0.409090909,0.487804878,0.0,0.0,0.0,0.0,0.0,0.0,0.0,0.045454545,0.024390244,0.0,0,0.075803083,0.0,0,0.473938235
220862,University of Memphis,620648618,350900,,Alumni Avenue,Memphis,TN,38152,https://www.memphis.edu/,4664,21736,1,1,454,442,43027199,35840006,94773.57,81085.99,110286.9382,94108.42955,100,2033,716,1317,0.398917855,0.029513035,0.03639941,0.359605911,0.46835443,0.380597015,0.049261084,0.046413502,0.037313433,0.034482759,0.016877637,0.027363184,0.054187192,0.025316456,0.042288557,0.0,0,0.075803083,15.66666667,0.714818026,0.473938235
220978,Middle Tennessee State University,626005794,351000,,1301 East Main Street,Murfreesboro,TN,37132,www.mtsu.edu/,4882,20183,1,1,481,455,43511994,36452848,90461.53,80116.15,110286.9382,94108.42955,100,1200,418,782,0.114166667,0.020833333,0.025833333,0.414201183,0.408653846,0.423371648,0.029585799,0.043269231,0.03256705,0.00887574,0.009615385,0.009578544,0.041420118,0.024038462,0.036398467,5.333333333,0.26552491,0.075803083,10.66666667,0.531049819,0.473938235
220996,Middle Tennessee School of Anesthesia Inc,581494136,778300,MTSA,315 Hospital Drive,Madison,TN,37115,mtsa.edu/,75,308,4,0,1,0,193800,0,193800.0,,110286.9382,94108.42955,100,31,11,20,0.193548387,0.0,0.0,0.0,0.0,0.0,0.0,0.0,0.0,0.0,0.0,0.0,0.0,0.0,0.0,0.0,0,0.075803083,0.0,0,0.473938235
221096,Motlow State Community College,620800916,683600,Motlow|Motlow College|MSCC,6015 Ledford Mill Road,Tullahoma,TN,37388,www.mscc.edu/,1004,6060,1,0,62,63,4083362,4366573,65860.68,69310.68,110286.9382,94108.42955,100,175,63,112,0.148571429,0.04,0.011428571,0.6,0.576923077,0.573770492,0.1,0.038461538,0.049180328,0.0,0.019230769,0.016393443,0.0,0.0,0.0,0.0,0,0.075803083,0.0,0,0.473938235
221184,Nashville State Community College,620808901,814500,,120 White Bridge Rd,Nashville,TN,37209-4515,https://www.nscc.edu/,915,6608,1,0,54,75,3414383,4438255,63229.31,59176.73,110286.9382,94108.42955,100,207,77,130,0.241545894,0.038647343,0.024154589,0.4,0.6,0.555555556,0.0,0.018181818,0.027777778,0.0,0.0,0.0,0.0,0.018181818,0.0,0.0,0,0.075803083,0.0,0,0.473938235
221351,Rhodes College,620476301,351900,Rhodes,2000 North Parkway,Memphis,TN,38112-1690,www.rhodes.edu/,488,1952,4,0,98,88,8545251,7028850,87196.44,79873.3,110286.9382,94108.42955,100,310,123,187,0.367741935,0.029032258,0.016129032,0.279069767,0.569620253,0.443478261,0.023255814,0.037974684,0.034782609,0.0,0.012658228,0.008695652,0.023255814,0.037974684,0.026086957,0.0,0,0.075803083,4.666666667,2.324037185,0.473938235
221397,Roane State Community College,620819102,991400,,276 Patton Lane,Harriman,TN,37748,www.roanestate.edu/,860,4822,1,0,40,68,2686722,4425381,67168.05,65079.13,110286.9382,94108.42955,100,297,133,164,0.013468013,0.013468013,0.006734007,0.470588235,0.604166667,0.545454545,0.0,0.0625,0.045454545,0.058823529,0.020833333,0.015151515,0.0,0.0,0.0,0.0,0,0.075803083,0.333333333,0.074788722,0.473938235
221485,Southwest Tennessee Community College,621834818,1043900,Southwest,5983 Macon Cove,Memphis,TN,38134,www.southwest.tn.edu/,976,6980,1,1,74,90,4567428,5720520,61722.0,63561.33,110286.9382,94108.42955,100,545,191,354,0.699082569,0.025688073,0.012844037,0.608695652,0.571428571,0.565789474,0.217391304,0.178571429,0.184210526,0.0,0.0,0.0,0.0,0.017857143,0.0,0.0,0,0.075803083,0.333333333,0.051735734,0.473938235
221519,The University of the South,620475697,353400,Sewanee|University of the South,735 University Avenue,Sewanee,TN,37383-1000,www.sewanee.edu/,422,1693,4,1,108,75,9686386,6426134,89688.76,85681.79,110286.9382,94108.42955,100,573,199,374,0.05061082,0.010471204,0.012216405,0.46031746,0.319148936,0.376237624,0.015873016,0.0,0.00990099,0.031746032,0.0,0.01980198,0.015873016,0.0,0.00990099,0.0,0,0.075803083,1.333333333,0.782472613,0.473938235
221643,Pellissippi State Community College,620938734,1269300,,10915 Hardin Valley Road,Knoxville,TN,37933-0990,www.pstcc.edu/,1624,8710,1,0,86,132,6045320,9056370,70294.42,68608.86,110286.9382,94108.42955,100,369,121,248,0.081300813,0.021680217,0.010840108,0.571428571,0.616666667,0.614457831,0.023809524,0.025,0.024096386,0.0,0.025,0.018072289,0.023809524,0.0,0.006024096,0.0,0,0.075803083,1.333333333,0.157753589,0.473938235
221661,Southern Adventist University,620536733,351800,,4881 Taylor Cir,Collegedale,TN,37315-0370,www.southern.edu/,564,3154,4,0,67,74,4511584,4904973,67337.07,66283.42,110286.9382,94108.42955,100,337,134,203,0.06231454,0.148367953,0.020771513,0.385964912,0.618181818,0.0,0.052631579,0.090909091,0.0,0.0,0.090909091,0.0,0.01754386,0.0,0.0,0.0,0,0.075803083,3.666666667,1.263061201,0.473938235
221670,Southern College of Optometry,620548917,351700,SCO,1245 Madison Ave,Memphis,TN,38104-2211,https://www.sco.edu/,128,525,3,0,22,36,3012174,4502845,136917.0,125079.03,110286.9382,94108.42955,100,128,43,85,0.3671875,0.015625,0.0,0.5,0.64,0.0,0.0,0.04,0.0,0.0,0.0,0.0,0.0,0.0,0.0,0.0,0,0.075803083,0.333333333,0.626566416,0.473938235
221731,Tennessee Wesleyan University,620476661,352500,,204 East College Street,Athens,TN,37303,www.tnwesleyan.edu/,329,1074,4,0,27,40,1469886,2374625,54440.22,59365.62,110286.9382,94108.42955,100,76,36,40,0.105263158,0.013157895,0.0,0.466666667,0.733333333,0.47826087,0.0,0.0,0.0,0.0,0.0,0.0,0.0,0.0,0.0,0.0,0,0.075803083,0.0,0,0.473938235
221740,The University of Tennessee-Chattanooga,626001636,352900,UTC,615 McCallie Ave,Chattanooga,TN,37403-2598,utc.edu/,2611,11380,1,0,262,260,25079901,21715543,95724.81,83521.32,110286.9382,94108.42955,100,1183,458,725,0.185967878,0.032121724,0.017751479,0.352941176,0.454545455,0.412037037,0.014705882,0.054545455,0.032407407,0.0,0.018181818,0.009259259,0.022058824,0.027272727,0.027777778,0.0,0,0.075803083,12.0,1.063546929,0.473938235
221759,The University of Tennessee-Knoxville,626001636,353000,,527 Andy Holt Tower,Knoxville,TN,37996,www.utk.edu/,8044,36304,1,0,967,867,129498668,91464811,133917.96,105495.75,110286.9382,94108.42955,100,7533,3410,4123,0.072879331,0.026549847,0.017655648,0.341328413,0.441624365,0.347931873,0.020295203,0.02284264,0.01946472,0.007380074,0.025380711,0.01459854,0.033210332,0.038071066,0.037712895,2.666666667,0.078883794,0.075803083,45.0,1.331164029,0.473938235
221768,The University of Tennessee-Martin,626001636,353100,UT Martin,554 University Street,Martin,TN,38238,https://www.utm.edu/,1280,6941,1,1,151,128,12195509,8883826,80764.96,69404.89,110286.9382,94108.42955,100,502,177,325,0.081673307,0.021912351,0.0,0.297029703,0.413043478,0.352112676,0.01980198,0.0,0.014084507,0.00990099,0.0,0.007042254,0.02970297,0.02173913,0.021126761,0.666666667,0.09706853,0.075803083,7.0,1.019219569,0.473938235
221838,Tennessee State University,620786119,352200,,3500 John A. Merritt Blvd,Nashville,TN,37209-1561,www.tnstate.edu/,1255,8198,1,1,190,184,16610908,14898310,87425.83,80969.08,110286.9382,94108.42955,100,953,364,589,0.654774397,0.022035677,0.03043022,0.35,0.518867925,0.419354839,0.18,0.283018868,0.198924731,0.02,0.0,0.005376344,0.04,0.056603774,0.053763441,0.0,0,0.075803083,0.333333333,0.036161134,0.473938235
221847,Tennessee Technological University,620646806,352300,Tennessee Tech University|Tennessee Tech|TTU|Tenn Tech|TN Tech|Tech|,1 William L. Jones Drive,Cookeville,TN,38505-0001,www.tntech.edu/,2361,10117,1,1,255,186,22374603,13963249,87743.54,75071.23,110286.9382,94108.42955,100,768,282,486,0.029947917,0.028645833,0.015625,0.299212598,0.413461538,0.370517928,0.0,0.028846154,0.011952191,0.007874016,0.019230769,0.011952191,0.015748031,0.019230769,0.019920319,1.333333333,0.134652932,0.075803083,4.0,0.403958796,0.473938235
221892,Trevecca Nazarene University,620497990,352600,,333 Murfreesboro Rd,Nashville,TN,37210,https://www.trevecca.edu/,1025,3196,4,0,58,42,4017412,2793320,69265.72,66507.62,110286.9382,94108.42955,100,279,125,154,0.100358423,0.028673835,0.021505376,0.289473684,0.4375,0.294117647,0.0,0.125,0.029411765,0.0,0.0,0.0,0.052631579,0.0,0.029411765,0.0,0,0.075803083,0.333333333,0.100190362,0.473938235
221908,Northeast State Community College,621033870,537800,Northeast State Technical Community College,2425 Hwy 75,Blountville,TN,37617-0246,https://www.northeaststate.edu/,1028,5474,1,0,63,69,3966090,4336017,62953.81,62840.83,110286.9382,94108.42955,100,251,86,165,0.03187251,0.015936255,0.007968127,0.545454545,0.56,0.52173913,0.0,0.0,0.0,0.0,0.0,0.0,0.0,0.0,0.0,0.0,0,0.075803083,0.0,0,0.473938235
221953,Tusculum University,620484185,352700,,60 Shiloh Road,Greeneville,TN,37743,https://www.tusculum.edu/,386,1200,4,1,30,20,1544264,930374,51475.47,46518.7,110286.9382,94108.42955,100,172,77,95,0.052325581,0.01744186,0.0,0.181818182,0.631578947,0.0,0.0,0.0,0.0,0.0,0.0,0.0,0.0,0.0,0.0,0.0,0,0.075803083,0.0,0,0.473938235
221971,Union University,620516509,352800,,1050 Union University Dr,Jackson,TN,38305-3697,www.uu.edu/,791,2674,4,0,107,88,8960045,6775814,83738.74,76997.89,110286.9382,94108.42955,100,279,113,166,0.125448029,0.007168459,0.0,0.278481013,0.555555556,0.336956522,0.0,0.111111111,0.032608696,0.0,0.0,0.0,0.012658228,0.037037037,0.032608696,0.0,0,0.075803083,1.333333333,0.488221653,0.473938235
221999,Vanderbilt University,620476822,353500,,2101 West End Avenue,Nashville,TN,37240,www.vanderbilt.edu/,4501,13456,3,1,616,636,102242578,81195560,165978.21,127665.97,110286.9382,94108.42955,100,4741,1926,2815,0.180552626,0.043239823,0.041130563,0.318181818,0.505747126,0.319397993,0.010330579,0.019157088,0.013377926,0.010330579,0.034482759,0.013377926,0.016528926,0.034482759,0.02006689,1.333333333,0.097252614,0.075803083,27.66666667,2.017991734,0.473938235
222053,Volunteer State Community College,620818836,991200,VSCC,1480 Nashville Pike,Gallatin,TN,37066-3188,www.volstate.edu/,1405,6605,1,0,73,90,5366635,6407727,73515.55,71196.97,110286.9382,94108.42955,100,289,108,181,0.089965398,0.024221453,0.01384083,0.4,0.605263158,0.547619048,0.0,0.039473684,0.023809524,0.0,0.013157895,0.011904762,0.0,0.013157895,0.011904762,0.0,0,0.075803083,0.0,0,0.473938235
222062,Walters State Community College,620807429,886300,WSCC,500 South Davy Crockett Parkway,Morristown,TN,37813-6899,www.ws.edu/,1128,5833,1,0,63,94,4061020,6241968,64460.63,66403.91,110286.9382,94108.42955,100,230,77,153,0.026086957,0.008695652,0.008695652,0.642857143,0.633802817,0.727272727,0.0,0.014084507,0.022727273,0.0,0.0,0.0,0.0,0.0,0.0,0.0,0,0.075803083,0.0,0,0.473938235
222178,Abilene Christian University,750851900,353700,,,Abilene,TX,79699,www.acu.edu/,1119,5114,4,0,142,134,12420090,9732713,87465.42,72632.19,110286.9382,94108.42955,100,709,307,402,0.067700987,0.09167842,0.011283498,0.188405797,0.4,0.284671533,0.014492754,0.014285714,0.01459854,0.014492754,0.0,0.00729927,0.0,0.014285714,0.00729927,0.0,0,0.075803083,4.0,0.787556606,0.473938235
222567,Alvin Community College,741405330,353900,Alvin|ACC|Dolphins,3110 Mustang Rd,Alvin,TX,77511-4898,www.alvincollege.edu/,1105,5830,1,1,53,65,3179096,4793596,59982.94,73747.63,110286.9382,94108.42955,100,362,120,242,0.102209945,0.262430939,0.033149171,0.0,0.0,0.529411765,0.0,0.0,0.078431373,0.0,0.0,0.019607843,0.0,0.0,0.0,0.0,0,0.075803083,0.0,0,0.473938235
222576,Amarillo College,756000031,354000,,2011 S. Washington,Amarillo,TX,79109,www.actx.edu/,1782,9215,1,1,55,90,4309189,5907389,78348.89,65637.66,110286.9382,94108.42955,100,863,327,536,0.050984936,0.227114716,0.019698725,0.636363636,0.666666667,0.65,0.0,0.066666667,0.0,0.0,0.0,0.025,0.0,0.0,0.0,0.0,0,0.075803083,0.0,0,0.473938235
222628,Amberton University,751786007,2259400,,1700 Eastgate Dr,Garland,TX,75041-5595,www.amberton.edu/,310,897,4,0,8,5,678000,402200,84750.0,80440.0,110286.9382,94108.42955,100,37,10,27,0.324324324,0.027027027,0.027027027,0.333333333,0.0,0.0,0.083333333,0.0,0.0,0.083333333,0.0,0.0,0.0,0.0,0.0,0.0,0,0.075803083,0.0,0,0.473938235
222831,Angelo State University,756002403,354100,Angelo State,2601 W. Avenue N,San Angelo,TX,76909,www.angelo.edu/,1822,11250,1,0,166,140,12330855,9868884,74282.26,70492.03,110286.9382,94108.42955,100,533,226,307,0.026266417,0.206378987,0.016885553,0.388235294,0.379310345,0.388888889,0.023529412,0.0,0.013888889,0.047058824,0.017241379,0.041666667,0.023529412,0.0,0.013888889,1.333333333,0.125798031,0.075803083,8.0,0.754788188,0.473938235
222983,Austin College,750827409,354300,,900 N Grand Ave,Sherman,TX,75090-4400,www.austincollege.edu/,300,1136,4,0,59,43,4588162,3437250,77765.46,79936.05,110286.9382,94108.42955,100,184,78,106,0.081521739,0.081521739,0.02173913,0.32,0.355555556,0.333333333,0.04,0.022222222,0.014492754,0.04,0.044444444,0.043478261,0.0,0.066666667,0.043478261,0.0,0,0.075803083,2.666666667,2.25606317,0.473938235
222992,Austin Community College District,741742036,1201500,,6101 Highland Campus Drive,Austin,TX,78752-7000,www.austincc.edu/,5946,35600,1,1,293,355,27877833,33115575,95146.19,93283.31,110286.9382,94108.42955,100,1987,755,1232,0.137393055,0.341217916,0.054353296,0.495601173,0.633879781,0.0,0.04398827,0.038251366,0.0,0.079178886,0.092896175,0.0,0.035190616,0.038251366,0.0,2.666666667,0.077234242,0.075803083,18.0,0.521331132,0.473938235
223223,Baylor College of Medicine,741613878,494900,,One Baylor Plaza,Houston,TX,77030-3498,www.bcm.edu/,391,1699,3,0,266,213,48199534,32502876,181201.26,152595.66,110286.9382,94108.42955,100,5401,1441,3960,0.198111461,0.179040918,0.19181633,0.313636364,0.454672245,0.321428571,0.009090909,0.023709902,0.010504202,0.013636364,0.039051604,0.018907563,0.059090909,0.111576011,0.06092437,0.0,0,0.075803083,0.0,0,0.473938235
223232,Baylor University,741159753,354500,,,Waco,TX,76798,www.baylor.edu/,5293,20824,4,0,622,545,79520527,56216816,127846.51,103150.12,110286.9382,94108.42955,100,2293,937,1356,0.065416485,0.110335805,0.024422154,0.245901639,0.491176471,0.305816135,0.006557377,0.017647059,0.011257036,0.003278689,0.020588235,0.009380863,0.013114754,0.029411765,0.018761726,3.333333333,0.160960613,0.075803083,26.0,1.255492781,0.473938235
223320,Coastal Bend College,741542306,354600,CBC,3800 Charco Rd,Beeville,TX,78102,www.coastalbend.edu/,686,3792,1,0,22,30,1173775,1887245,53353.41,62908.17,110286.9382,94108.42955,100,167,55,112,0.02994012,0.610778443,0.011976048,0.444444444,0.545454545,0.0,0.0,0.0,0.0,0.222222222,0.272727273,0.0,0.0,0.0,0.0,0.0,0,0.075803083,0.0,0,0.473938235
223506,Brazosport College,741587881,728700,BC,500 College Dr,Lake Jackson,TX,77566,www.brazosport.edu/,881,4100,1,1,59,41,4167933,2862034,70642.93,69805.71,110286.9382,94108.42955,100,367,102,265,0.098092643,0.261580381,0.019073569,0.357142857,0.411764706,0.5,0.0,0.088235294,0.0,0.0,0.029411765,0.038461538,0.071428571,0.029411765,0.076923077,0.0,0,0.075803083,0.0,0,0.473938235
223816,Central Texas College,741539003,400300,,6200 West Central Texas Expressway,Killeen,TX,76549-4199,https://www.ctcd.edu/,1729,8192,1,1,92,84,5761103,5577760,62620.68,66401.9,110286.9382,94108.42955,100,547,173,374,0.171846435,0.217550274,0.038391225,0.572463768,0.0,0.0,0.072463768,0.0,0.0,0.094202899,0.0,0.0,0.02173913,0.0,0.0,0.666666667,0.080070462,0.075803083,0.0,0,0.473938235
223898,Cisco College,751164343,355300,,101 College Heights,Cisco,TX,76437,https://www.cisco.edu/,644,3001,1,0,36,46,1731698,2274078,48102.72,49436.48,110286.9382,94108.42955,100,96,37,59,0.072916667,0.135416667,0.0,0.555555556,0.0,0.461538462,0.013888889,0.0,0.0,0.013888889,0.0,0.0,0.0,0.0,0.0,0.0,0,0.075803083,0.0,0,0.473938235
223922,Clarendon College,756055652,355400,,1122 College Drive,Clarendon,TX,79226,www.clarendoncollege.edu/,304,1407,1,0,17,14,921569,668315,54209.94,47736.79,110286.9382,94108.42955,100,73,13,60,0.02739726,0.054794521,0.0,0.5,0.0,0.0,0.0,0.0,0.0,0.0,0.0,0.0,0.0,0.0,0.0,0.0,0,0.075803083,0.0,0,0.473938235
224004,Concordia University Texas,741161941,355700,CTX,11400 Concordia University Drive,Austin,TX,78726,https://www.concordia.edu/,674,1614,4,0,20,26,1470155,1803532,73507.75,69366.62,110286.9382,94108.42955,100,225,85,140,0.048888889,0.235555556,0.022222222,0.307692308,0.666666667,0.0,0.0,0.083333333,0.0,0.0,0.083333333,0.0,0.0,0.0,0.0,0.0,0,0.075803083,0.333333333,0.178922884,0.473938235
224147,Texas A & M University-Corpus Christi,741760663,1116100,,6300 Ocean Dr.,Corpus Christi,TX,78412-5503,https://www.tamucc.edu/,2973,10855,1,0,209,203,18905869,15396196,90458.7,75843.33,110286.9382,94108.42955,100,893,332,561,0.036954087,0.410974244,0.033594625,0.36,0.393617021,0.391304348,0.01,0.0,0.005434783,0.06,0.042553191,0.054347826,0.02,0.085106383,0.048913043,0.0,0,0.075803083,2.333333333,0.216490382,0.473938235
224226,Dallas Baptist University,756001300,356000,DBU,3000 Mountain Creek Parkway,Dallas,TX,75211-9299,https://www.dbu.edu/,944,4201,4,0,75,47,7717048,4585375,102893.97,97561.17,110286.9382,94108.42955,100,444,217,227,0.04954955,0.06981982,0.036036036,0.321428571,0.285714286,0.0,0.017857143,0.0,0.0,0.0,0.071428571,0.0,0.017857143,0.0,0.0,0.0,0,0.075803083,0.666666667,0.1533272,0.473938235
224305,Dallas Theological Seminary,750827421,356200,,3909 Swiss Ave,Dallas,TX,75204,www.dts.edu/,475,2612,4,0,66,6,5342816,424267,80951.76,70711.17,110286.9382,94108.42955,100,349,177,172,0.12034384,0.068767908,0.080229226,0.060606061,0.153846154,0.058823529,0.0,0.076923077,0.0,0.0,0.0,0.0,0.0,0.0,0.0,0.0,0,0.075803083,0.0,0,0.473938235
224323,University of Dallas,750926755,365100,,1845 E Northgate Drive,Irving,TX,75062-4736,https://udallas.edu/,615,2182,4,0,78,51,6322623,3923198,81059.27,76925.45,110286.9382,94108.42955,100,232,104,128,0.081896552,0.176724138,0.077586207,0.1875,0.396551724,0.306451613,0.0,0.0,0.0,0.0,0.068965517,0.048387097,0.0,0.034482759,0.016129032,0.0,0,0.075803083,3.0,1.288659794,0.473938235
224350,Del Mar College,746003102,356300,DMC,101 Baldwin Blvd.,Corpus Christi,TX,78404-3897,www.delmar.edu/,1422,9720,1,1,173,155,12485084,10998045,72168.12,70955.13,110286.9382,94108.42955,100,776,309,467,0.028350515,0.56443299,0.015463918,0.387755102,0.666666667,0.5,0.030612245,0.044444444,0.033333333,0.12244898,0.177777778,0.172222222,0.020408163,0.0,0.016666667,0.0,0,0.075803083,0.666666667,0.068551842,0.473938235
224527,East Texas Baptist University,750859801,356400,,One Tiger Drive,Marshall,TX,75670-1498,https://www.etbu.edu/,330,1833,4,0,39,34,2630983,2281679,67461.1,67108.21,110286.9382,94108.42955,100,177,87,90,0.09039548,0.073446328,0.0,0.222222222,0.529411765,0.0,0.0,0.0,0.0,0.0,0.058823529,0.0,0.0,0.0,0.0,0.0,0,0.075803083,0.333333333,0.18821758,0.473938235
224545,Texas A&M University-Texarkana,752655354,3170300,A&M-Texarkana,7101 University Avenue,Texarkana,TX,75503,www.tamut.edu/,471,2109,1,0,49,49,4290272,3751437,87556.57,76559.94,110286.9382,94108.42955,100,154,54,100,0.136363636,0.084415584,0.0,0.166666667,0.407407407,0.2,0.0,0.037037037,0.0,0.055555556,0.0,0.04,0.0,0.037037037,0.0,0.0,0,0.075803083,4.0,1.895734597,0.473938235
224554,Texas A & M University-Commerce,756001353,356500,A&M-Commerce,2200 Campbell Stree,Commerce,TX,75428,www.tamuc.edu/,3350,12013,1,1,178,179,15858245,12995405,89091.26,72600.03,110286.9382,94108.42955,100,573,202,371,0.120418848,0.095986038,0.02443281,0.310344828,0.475247525,0.365714286,0.057471264,0.00990099,0.028571429,0.022988506,0.03960396,0.028571429,0.034482759,0.118811881,0.062857143,0.0,0,0.075803083,10.33333333,0.913968984,0.473938235
224642,El Paso Community College,741690850,1038700,,9050 Viscount Blvd,El Paso,TX,79925-6507,www.epcc.edu/,4150,24420,1,1,176,230,10679985,13612091,60681.73,59183.0,110286.9382,94108.42955,100,1259,472,787,0.008737093,0.818903892,0.006354249,0.533333333,0.546666667,0.532894737,0.0,0.013333333,0.0,0.315151515,0.44,0.322368421,0.006060606,0.013333333,0.006578947,0.0,0,0.075803083,0.0,0,0.473938235
224891,Frank Phillips College,756001630,356800,FPC,1301 W. Roosevelt St.,Borger,TX,79008-5118,www.fpctx.edu/,210,1748,1,0,15,14,763241,645335,50882.73,46095.36,110286.9382,94108.42955,100,301,95,206,0.029900332,0.132890365,0.006644518,0.5,0.75,0.0,0.0,0.0,0.0,0.0,0.0,0.0,0.0,0.0,0.0,0.0,0,0.075803083,0.0,0,0.473938235
224961,Galveston College,741561720,497200,,4015 Ave Q,Galveston,TX,77550-7496,https://www.gc.edu/,599,2119,1,0,25,35,1897428,2339872,75897.12,66853.49,110286.9382,94108.42955,100,123,44,79,0.178861789,0.317073171,0.008130081,0.0,0.0,0.411764706,0.0,0.0,0.058823529,0.0,0.0,0.117647059,0.0,0.0,0.058823529,0.0,0,0.075803083,0.0,0,0.473938235
225070,Grayson College,751169719,357000,,6101 Grayson Drive,Denison,TX,75020-8299,grayson.edu/,897,4176,1,0,44,79,2828279,5435931,64279.07,68809.25,110286.9382,94108.42955,100,381,130,251,0.091863517,0.11023622,0.020997375,0.641666667,0.0,0.0,0.041666667,0.0,0.0,0.016666667,0.0,0.0,0.008333333,0.0,0.0,0.0,0,0.075803083,0.0,0,0.473938235
225247,Hardin-Simmons University,750808791,357100,"HSU, Hardin-Simmons",2200 Hickory,Abilene,TX,79698-0001,https://www.hsutx.edu/,467,1655,4,0,48,43,3681043,3529103,76688.4,82072.16,110286.9382,94108.42955,100,204,83,121,0.029411765,0.151960784,0.004901961,0.27027027,0.434782609,0.292682927,0.0,0.0,0.0,0.0,0.043478261,0.0,0.0,0.0,0.0,0.0,0,0.075803083,1.666666667,0.944287063,0.473938235
225371,Hill College,741404239,357300,,112 Lamar Dr,Hillsboro,TX,76645,https://www.hillcollege.edu/,621,4000,1,0,42,42,2640988,2650607,62880.67,63109.69,110286.9382,94108.42955,100,149,46,103,0.046979866,0.0,0.0,0.53125,0.588235294,0.0,0.0,0.117647059,0.0,0.0,0.0,0.0,0.03125,0.058823529,0.0,0.0,0,0.075803083,0.333333333,0.090358724,0.473938235
225399,Houston Christian University,741400699,357600,HCU,7502 Fondren Rd,Houston,TX,77074-3298,https://www.hc.edu/,942,4189,4,0,75,49,6104520,3721136,81393.6,75941.55,110286.9382,94108.42955,100,276,130,146,0.163043478,0.18115942,0.032608696,0.233333333,0.272727273,0.0,0.033333333,0.090909091,0.0,0.0,0.03030303,0.0,0.0,0.0,0.0,0.0,0,0.075803083,0.0,0,0.473938235
225414,University of Houston-Clear Lake,746001399,1171100,UHCL,2700 Bay Area Blvd,Houston,TX,77058-1002,www.uhcl.edu/,2472,8211,1,0,141,146,13285829,12376477,94225.74,84770.39,110286.9382,94108.42955,100,554,165,389,0.162454874,0.299638989,0.061371841,0.444444444,0.450980392,0.445086705,0.041666667,0.049019608,0.046242775,0.027777778,0.058823529,0.046242775,0.055555556,0.058823529,0.057803468,0.0,0,0.075803083,5.666666667,0.661839134,0.473938235
225432,University of Houston-Downtown,746001399,361200,,1 Main Street,Houston,TX,77002-1014,www.uhd.edu/,3576,14105,1,0,191,178,16855628,14314963,88249.36,80421.14,110286.9382,94108.42955,100,682,287,395,0.33431085,0.373900293,0.057184751,0.37804878,0.443298969,0.420454545,0.048780488,0.030927835,0.039772727,0.012195122,0.06185567,0.039772727,0.06097561,0.103092784,0.085227273,0.666666667,0.046921922,0.075803083,2.666666667,0.187687688,0.473938235
225502,University of Houston-Victoria,746001399,1323100,UH-Victoria,3007 N. Ben Wilson,Victoria,TX,77901,uhv.edu/,1245,3784,1,0,61,56,5396713,4412354,88470.7,78792.04,110286.9382,94108.42955,100,277,96,181,0.072202166,0.332129964,0.036101083,0.421052632,0.428571429,0.423076923,0.0,0.047619048,0.012820513,0.078947368,0.0,0.038461538,0.078947368,0.142857143,0.115384615,1.333333333,0.32865007,0.075803083,7.333333333,1.807575384,0.473938235
225511,University of Houston,746001399,365200,UH,"4302 University Drive, Room 212",Houston,TX,77204-2018,www.uh.edu/,11062,46676,1,1,877,664,116014668,69195929,132285.82,104210.74,110286.9382,94108.42955,100,3671,1481,2190,0.254154181,0.230727322,0.114682648,0.262472885,0.399408284,0.317721519,0.010845987,0.023668639,0.016455696,0.028199566,0.041420118,0.032911392,0.075921909,0.097633136,0.082278481,7.333333333,0.157030692,0.075803083,46.0,0.985010707,0.473938235
225520,Howard College,756001827,357400,Howard County Junior College,1001 Birdwell Lane,Big Spring,TX,79720,https://www.howardcollege.edu/,648,4136,1,1,33,56,2010815,3400786,60933.79,60728.32,110286.9382,94108.42955,100,258,87,171,0.054263566,0.310077519,0.015503876,0.428571429,0.666666667,0.0,0.0,0.03030303,0.0,0.0,0.03030303,0.0,0.0,0.0,0.0,0.0,0,0.075803083,0.0,0,0.473938235
225548,Howard Payne University,750800653,357500,,1000 Fisk St.,Brownwood,TX,76801-2794,www.hputx.edu/,151,833,4,0,34,18,2026715,987304,59609.26,54850.22,110286.9382,94108.42955,100,154,71,83,0.064935065,0.162337662,0.006493506,0.111111111,0.363636364,0.0,0.0,0.0,0.0,0.0,0.0,0.0,0.0,0.0,0.0,0.666666667,0.795544948,0.075803083,0.333333333,0.397772474,0.473938235
225575,Huston-Tillotson University,741180151,357700,,900 Chicon St,Austin,TX,78702-2795,www.htu.edu/,179,1029,4,0,28,14,1358718,800066,48525.64,57147.57,110286.9382,94108.42955,100,96,33,63,0.65625,0.135416667,0.0,0.428571429,0.5,0.5,0.428571429,0.25,0.357142857,0.0,0.0,0.0,0.0,0.0,0.071428571,0.0,0,0.075803083,0.0,0,0.473938235
225627,University of the Incarnate Word,741109661,357800,"UIW|Incarnate Word|Incarnate|Incarnate Word, University of|Incarnate Word, Univ of|Univ. of the Incarnate Word",4301 Broadway,San Antonio,TX,78209,www.uiw.edu/,2046,7251,4,0,130,175,12734133,16236364,97954.87,92779.22,110286.9382,94108.42955,100,944,395,549,0.055084746,0.533898305,0.056144068,0.45,0.573770492,0.514619883,0.025,0.016393443,0.023391813,0.125,0.12295082,0.116959064,0.025,0.06557377,0.040935673,0.0,0,0.075803083,4.0,0.547570157,0.473938235
225885,Jarvis Christian University,750995027,363700,The Bulldogs,"PR 7631, Hwy 80 E",Hawkins,TX,75765-1470,www.jarvis.edu/,132,800,4,0,26,14,1755190,842150,67507.31,60153.57,110286.9382,94108.42955,100,150,70,80,0.773333333,0.1,0.006666667,0.2,0.222222222,0.363636364,0.2,0.111111111,0.272727273,0.0,0.0,0.0,0.0,0.0,0.0,0.0,0,0.075803083,0.666666667,0.914494742,0.473938235
226091,Lamar University,746000298,358100,,4400 MLK Blvd,Beaumont,TX,77705,www.lamar.edu/,5605,17473,1,0,204,198,17568534,14713627,86120.26,74311.25,110286.9382,94108.42955,100,859,316,543,0.242142026,0.051222352,0.025611176,0.35443038,0.441666667,0.401015228,0.0,0.058333333,0.035532995,0.0,0.033333333,0.020304569,0.037974684,0.025,0.025380711,3.333333333,0.198377274,0.075803083,14.0,0.83318455,0.473938235
226107,Lamar State College-Orange,746000298,2358200,,410 Front St,Orange,TX,77630,https://www.lsco.edu/,540,3162,1,0,17,30,959568,1669946,56445.18,55664.87,110286.9382,94108.42955,100,89,22,67,0.123595506,0.08988764,0.011235955,0.333333333,1.0,0.466666667,0.0,0.0,0.0,0.0,0.0,0.0,0.333333333,0.0,0.066666667,0.0,0,0.075803083,0.0,0,0.473938235
226116,Lamar State College-Port Arthur,760658056,2348500,,1500 Proctor St,Port Arthur,TX,77640,www.lamarpa.edu/,534,3802,1,0,23,40,1200897,2181770,52212.91,54544.25,110286.9382,94108.42955,100,109,31,78,0.302752294,0.137614679,0.018348624,1.0,0.0,0.678571429,0.0,0.0,0.178571429,0.0,0.0,0.0,0.0,0.0,0.035714286,0.0,0,0.075803083,1.0,0.384615385,0.473938235
226134,Laredo College,746001582,358200,,West End Washington St,Laredo,TX,78040-4395,www.laredo.edu/,1705,10191,1,0,89,67,6434589,4877563,72298.75,72799.45,110286.9382,94108.42955,100,416,157,259,0.0,0.992788462,0.0,0.444444444,0.647058824,0.486238532,0.0,0.0,0.0,0.377777778,0.588235294,0.422018349,0.011111111,0.058823529,0.018348624,0.666666667,0.071553791,0.075803083,0.333333333,0.035776895,0.473938235
226152,Texas A & M International University,741761398,965100,,5201 University Blvd,Laredo,TX,78041-1900,www.tamiu.edu/,1940,8536,1,0,139,111,12046582,8343551,86666.06,75167.13,110286.9382,94108.42955,100,491,171,320,0.00814664,0.865580448,0.00814664,0.172413793,0.409090909,0.34939759,0.0,0.0,0.0,0.0,0.151515152,0.108433735,0.103448276,0.151515152,0.144578313,0.0,0,0.075803083,2.666666667,0.313541054,0.473938235
226231,LeTourneau University,751081109,358400,,2100 S Mobberly Ave,Longview,TX,75602,www.letu.edu/,470,3389,4,0,83,29,5503003,1820667,66301.24,62781.62,110286.9382,94108.42955,100,227,88,139,0.074889868,0.022026432,0.004405286,0.161290323,0.2,0.125,0.0,0.0,0.0,0.0,0.0,0.0,0.0,0.0,0.0,0.0,0,0.075803083,0.0,0,0.473938235
226383,Lubbock Christian University,750950119,358600,LCU,5601 19th Street,Lubbock,TX,79407-2099,https://www.lcu.edu/,338,1589,4,0,44,37,3270276,2381995,74324.45,64378.24,110286.9382,94108.42955,100,188,76,112,0.037234043,0.175531915,0.005319149,0.258064516,0.391304348,0.410714286,0.0,0.043478261,0.017857143,0.0,0.043478261,0.017857143,0.0,0.0,0.0,0.0,0,0.075803083,0.666666667,0.417710944,0.473938235
226408,College of the Mainland,741555808,709600,COM,1200 Amburn Road,Texas City,TX,77591-2499,www.com.edu/,808,4961,1,0,41,69,2918316,4670641,71178.44,67690.45,110286.9382,94108.42955,100,291,89,202,0.144329897,0.295532646,0.034364261,0.307692308,0.5,0.581395349,0.0,0.15,0.11627907,0.0,0.0,0.093023256,0.076923077,0.0,0.023255814,0.0,0,0.075803083,0.0,0,0.473938235
226471,University of Mary Hardin-Baylor,741191640,358800,UMHB|MHB|Mary Hardin-Baylor,900 College St,Belton,TX,76513-2599,https://go.umhb.edu/,873,3520,4,0,68,92,5451131,7317259,80163.69,79535.42,110286.9382,94108.42955,100,353,184,169,0.039660057,0.104815864,0.016997167,0.517857143,0.413793103,0.485714286,0.035714286,0.068965517,0.028571429,0.017857143,0.034482759,0.028571429,0.035714286,0.0,0.028571429,0.0,0,0.075803083,3.333333333,0.932400932,0.473938235
226578,McLennan Community College,741541260,359000,MCC,1400 College Dr,Waco,TX,76708,www.mclennan.edu/,1376,7217,1,1,72,123,5766040,9995543,80083.89,81264.58,110286.9382,94108.42955,100,451,155,296,0.099778271,0.237250554,0.017738359,0.653465347,0.631578947,0.653465347,0.02970297,0.070175439,0.02970297,0.02970297,0.105263158,0.02970297,0.00990099,0.01754386,0.00990099,0.0,0,0.075803083,0.0,0,0.473938235
226587,McMurry University,750855633,359100,McMurry College|McM|McM University|McM College|Mcmurry University|Mcmurry College|McMurry|Mcmurry,S 14th and Sayles Blvd,Abilene,TX,79697,https://mcm.edu/,207,2549,4,0,46,41,3221995,2714072,70043.37,66196.88,110286.9382,94108.42955,100,158,61,97,0.044303797,0.088607595,0.006329114,0.285714286,0.4,0.3,0.0,0.0,0.0,0.0,0.066666667,0.025,0.035714286,0.0,0.025,0.0,0,0.075803083,0.0,0,0.473938235
226806,Midland College,751403958,979700,,3600 N Garfield,Midland,TX,79705,www.midland.edu/,1033,5219,1,1,64,74,4933224,5240823,77081.62,70821.93,110286.9382,94108.42955,100,471,134,337,0.080679406,0.399150743,0.021231423,0.418604651,0.625,0.0,0.0,0.083333333,0.0,0.069767442,0.083333333,0.0,0.023255814,0.0,0.0,0.0,0,0.075803083,0.0,0,0.473938235
226833,Midwestern State University,756001738,359200,MSU Texas,3410 Taft Blvd,Wichita Falls,TX,76308-2099,www.msutexas.edu/,1396,5573,1,0,109,123,8664395,8790143,79489.86,71464.58,110286.9382,94108.42955,100,366,125,241,0.051912568,0.139344262,0.00273224,0.346938776,0.507462687,0.444444444,0.0,0.014925373,0.008547009,0.0,0.014925373,0.008547009,0.020408163,0.029850746,0.017094017,0.0,0,0.075803083,4.666666667,0.806823421,0.473938235
227146,Navarro College,756002129,359300,,3200 W 7th Avenue,Corsicana,TX,75110,www.navarrocollege.edu/,1154,6549,1,0,28,75,1784414,5077772,63729.07,67703.63,110286.9382,94108.42955,100,388,140,248,0.198453608,0.134020619,0.00257732,0.65625,0.793103448,0.0,0.03125,0.120689655,0.0,0.0,0.017241379,0.0,0.03125,0.017241379,0.0,0.0,0,0.075803083,4.0,0.637247093,0.473938235
227182,Lone Star College System,741734884,1114500,North Harris Montgomery|North Harris|NHMCCD|N Harris Montgomery|Kingwood|Tomball|Cy-Fair|CyFair|Montgomery|University Park/Houston North,5000 Research Forest Drive,The Woodlands,TX,77381-4399,www.lonestar.edu/,9862,70991,1,1,387,503,31116562,39771446,80404.55,79068.48,110286.9382,94108.42955,100,3007,1011,1996,0.196541403,0.294313269,0.070502162,0.584355828,0.623931624,0.0,0.073619632,0.153846154,0.0,0.056748466,0.094017094,0.0,0.055214724,0.085470085,0.0,0.0,0,0.075803083,2.333333333,0.034105581,0.473938235
227216,University of North Texas,756002149,359400,UNT|North Texas|Mean Grean,1501 W.Chestnut Ave.,Denton,TX,76203-1277,www.unt.edu/,12432,47507,1,0,583,453,64350543,40542070,110378.29,89496.84,110286.9382,94108.42955,100,2518,992,1526,0.103256553,0.170770453,0.045274027,0.328402367,0.415178571,0.361818182,0.017751479,0.013392857,0.016363636,0.032544379,0.035714286,0.032727273,0.062130178,0.111607143,0.081818182,0.0,0,0.075803083,25.66666667,0.573338992,0.473938235
227225,Northeast Texas Community College,751963242,2315400,NTCC,2886 FM 1735,Mount Pleasant,TX,75455,www.ntcc.edu/,557,3105,1,0,27,40,1820215,2566753,67415.37,64168.82,110286.9382,94108.42955,100,204,62,142,0.093137255,0.230392157,0.0,0.540540541,0.75,0.0,0.0,0.0,0.0,0.027027027,0.0,0.0,0.0,0.0,0.0,0.0,0,0.075803083,0.666666667,0.220094641,0.473938235
227304,Odessa College,756002907,359600,,201 W University Blvd,Odessa,TX,79764,www.odessa.edu/,1597,8708,1,0,65,62,4320949,4304189,66476.14,69422.4,110286.9382,94108.42955,100,366,121,245,0.098360656,0.513661202,0.010928962,0.363636364,0.434782609,0.0,0.0,0.043478261,0.0,0.090909091,0.086956522,0.0,0.0,0.043478261,0.0,0.0,0,0.075803083,1.333333333,0.166770898,0.473938235
227331,Our Lady of the Lake University,741109631,359800,OLLU,411 SW 24th St.,San Antonio,TX,78207-4689,https://www.ollusa.edu/,675,2096,4,0,36,67,2580685,4988426,71685.69,74454.12,110286.9382,94108.42955,100,228,73,155,0.048245614,0.719298246,0.004385965,0.774193548,0.76,0.772727273,0.032258065,0.0,0.022727273,0.161290323,0.28,0.181818182,0.032258065,0.0,0.022727273,0.0,0,0.075803083,1.0,0.429922614,0.473938235
227368,The University of Texas Rio Grande Valley,746002942,359900,UT Rio Grande Valley | UTRGV | University of Texas Rio Grande Valley |,1201 W University Dr,Edinburg,TX,78539-2999,www.utrgv.edu/,6930,31931,1,1,688,553,56775756,41673405,82522.9,75358.78,110286.9382,94108.42955,100,2687,1040,1647,0.011909192,0.826944548,0.02307406,0.259868421,0.412451362,0.335877863,0.003289474,0.011673152,0.007633588,0.098684211,0.143968872,0.122137405,0.055921053,0.062256809,0.061068702,0.0,0,0.075803083,3.666666667,0.116184501,0.473938235
227386,Panola College,751854775,360000,,1109 W Panola Street,Carthage,TX,75633-2397,www.panola.edu/,553,2356,1,0,28,43,1752429,2686912,62586.75,62486.33,110286.9382,94108.42955,100,103,31,72,0.067961165,0.058252427,0.0,0.607843137,0.0,0.0,0.078431373,0.0,0.0,0.0,0.0,0.0,0.019607843,0.0,0.0,0.0,0,0.075803083,1.333333333,0.558815312,0.473938235
227429,Paul Quinn College,741238438,360200,,3837 Simpson Stuart Rd,Dallas,TX,75241,www.pqc.edu/,62,602,4,0,4,5,272000,352250,68000.0,70450.0,110286.9382,94108.42955,100,36,16,20,0.638888889,0.25,0.0,0.0,0.555555556,0.0,0.0,0.444444444,0.0,0.0,0.111111111,0.0,0.0,0.0,0.0,0.0,0,0.075803083,0.333333333,0.355366027,0.473938235
227526,Prairie View A & M University,746001078,363000,PVAMU,FM 1098 Road & University Drive,Prairie View,TX,77446,www.pvamu.edu/,1742,9517,1,0,245,197,21591577,15598447,88128.89,79179.93,110286.9382,94108.42955,100,752,283,469,0.70212766,0.098404255,0.042553191,0.277777778,0.36,0.314465409,0.2,0.24,0.226415094,0.0,0.013333333,0.006289308,0.044444444,0.066666667,0.050314465,0.666666667,0.073616019,0.075803083,83.33333333,9.202002356,0.473938235
227687,Ranger College,756002296,360300,,1240 College Circle,Ranger,TX,76470,https://www.rangercollege.edu/,403,2498,1,0,14,19,630912,943259,45065.14,49645.21,110286.9382,94108.42955,100,90,38,52,0.088888889,0.088888889,0.011111111,0.0,0.8,0.0,0.0,0.0,0.0,0.0,0.0,0.0,0.0,0.0,0.0,0.0,0,0.075803083,0.0,0,0.473938235
227757,Rice University,741109620,360400,,6100 S Main St,Houston,TX,77005-1827,www.rice.edu/,2661,8556,3,0,496,283,87846561,38681454,177110.0,136683.58,110286.9382,94108.42955,100,2914,1165,1749,0.134522992,0.222717914,0.090597117,0.245283019,0.364341085,0.266978923,0.006289308,0.023255814,0.009367681,0.009433962,0.023255814,0.009367681,0.037735849,0.03875969,0.037470726,0.666666667,0.076875769,0.075803083,9.666666667,1.114698647,0.473938235
227845,Saint Edward's University,741109641,362100,"St. Edward's University, St. Edward's",3001 S Congress Ave,Austin,TX,78704-6489,https://www.stedwards.edu/,909,3309,4,0,71,92,6442330,7614067,90737.04,82761.6,110286.9382,94108.42955,100,370,152,218,0.072972973,0.32972973,0.035135135,0.612244898,0.541666667,0.586956522,0.040816327,0.020833333,0.032608696,0.06122449,0.0625,0.065217391,0.040816327,0.020833333,0.02173913,4.0,1.152737752,0.075803083,13.33333333,3.842459174,0.473938235
227854,St Philip's College,746002173,360800,,1801 Martin Luther King Dr,San Antonio,TX,78203-2098,www.alamo.edu/spc/,1702,14281,1,1,136,105,6887239,6070301,50641.46,57812.39,110286.9382,94108.42955,100,325,126,199,0.221538462,0.532307692,0.006153846,0.461538462,0.552631579,0.511111111,0.0,0.131578947,0.022222222,0.153846154,0.184210526,0.133333333,0.0,0.0,0.0,1.333333333,0.105376854,0.075803083,0.0,0,0.473938235
227881,Sam Houston State University,746001430,360600,SHSU,1806 Ave J,Huntsville,TX,77340,www.shsu.edu/,5243,21403,1,0,391,411,31794032,28227817,81314.66,68680.82,110286.9382,94108.42955,100,1436,532,904,0.093314763,0.180362117,0.020194986,0.336956522,0.463157895,0.404371585,0.010869565,0.010526316,0.010928962,0.027173913,0.026315789,0.027322404,0.032608696,0.047368421,0.038251366,0.0,0,0.075803083,13.33333333,0.620732464,0.473938235
227924,San Antonio College,746002173,916300,,"1819 N. Main Ave.,",San Antonio,TX,78212-3941,www.alamo.edu/sac,2518,18975,1,1,129,150,7650901,9434401,59309.31,62896.01,110286.9382,94108.42955,100,454,169,285,0.068281938,0.629955947,0.028634361,0.580645161,0.461538462,0.560747664,0.064516129,0.0,0.046728972,0.161290323,0.153846154,0.177570093,0.032258065,0.0,0.028037383,0.0,0,0.075803083,5.333333333,0.292509918,0.473938235
228042,Schreiner University,741193459,361000,,2100 Memorial Blvd,Kerrville,TX,78028-5697,www.schreiner.edu/,282,1208,4,0,31,25,2164756,1743892,69830.84,69755.68,110286.9382,94108.42955,100,175,91,84,0.028571429,0.171428571,0.011428571,0.454545455,0.352941176,0.423076923,0.0,0.0,0.0,0.0,0.0,0.0,0.0,0.0,0.0,0.0,0,0.075803083,1.0,0.838222967,0.473938235
228149,St. Mary's University,741143128,362300,St. Mary's,One Camino Santa Maria,San Antonio,TX,78228,www.stmarytx.edu/,843,3411,4,0,131,92,13430286,8050639,102521.27,87506.95,110286.9382,94108.42955,100,399,158,241,0.032581454,0.601503759,0.005012531,0.333333333,0.462962963,0.330882353,0.0,0.074074074,0.022058824,0.032258065,0.055555556,0.036764706,0.0,0.037037037,0.014705882,0.0,0,0.075803083,3.333333333,1.024695153,0.473938235
228158,South Plains College,756004667,361100,,1401 S. College Ave,Levelland,TX,79336,www.southplainscollege.edu/,1561,8866,1,0,123,135,7225175,8003502,58741.26,59285.2,110286.9382,94108.42955,100,331,102,229,0.024169184,0.389728097,0.003021148,0.4375,0.522727273,0.49704142,0.020833333,0.022727273,0.017751479,0.041666667,0.0,0.035502959,0.0,0.0,0.0,0.0,0,0.075803083,2.0,0.233100233,0.473938235
228194,South Texas College of Law Houston,741554976,497700,,1303 San Jacinto Street,Houston,TX,77002-7006,www.stcl.edu/,283,1036,3,0,34,29,4999610,3773788,147047.35,130130.62,110286.9382,94108.42955,100,125,38,87,0.248,0.216,0.056,0.414634146,0.0,0.428571429,0.073170732,0.0,0.071428571,0.024390244,0.0,0.023809524,0.0,0.0,0.0,0.0,0,0.075803083,0.0,0,0.473938235
228246,Southern Methodist University,750800689,361300,SMU,6425 Boaz St,Dallas,TX,75275-0221,https://www.smu.edu/,3923,11842,4,1,428,322,62086997,34596816,145063.08,107443.53,110286.9382,94108.42955,100,1738,678,1060,0.141542002,0.130609896,0.056386651,0.247572816,0.378571429,0.298550725,0.009708738,0.014285714,0.011594203,0.004854369,0.035714286,0.014492754,0.033980583,0.021428571,0.028985507,0.0,0,0.075803083,3.0,0.248900689,0.473938235
228316,Southwest Texas Junior College,746002420,361400,SWTJC,2401 Garner Field Rd,Uvalde,TX,78801-6297,https://www.swtjc.edu/,1121,6579,1,1,61,67,3181780,3635956,52160.33,54268.0,110286.9382,94108.42955,100,299,111,188,0.003344482,0.829431438,0.0,0.75,0.0,0.533333333,0.0,0.0,0.0,0.25,0.0,0.133333333,0.0,0.0,0.0,0.0,0,0.075803083,0.0,0,0.473938235
228325,Southwestern Assemblies of God University,750891463,361600,SAGU,1200 Sycamore,Waxahachie,TX,75165,www.sagu.edu/,377,1725,4,0,39,22,2359008,1391636,60487.38,63256.18,110286.9382,94108.42955,100,207,115,92,0.057971014,0.115942029,0.0,0.391304348,0.4,0.0,0.0,0.0,0.0,0.0,0.0,0.0,0.043478261,0.2,0.0,0.0,0,0.075803083,0.0,0,0.473938235
228343,Southwestern University,741233796,362000,SU,1001 E. University Avenue,Georgetown,TX,78626,https://www.southwestern.edu/,394,1457,4,0,49,71,4203115,5360694,85777.86,75502.73,110286.9382,94108.42955,100,281,99,182,0.053380783,0.24911032,0.024911032,0.487804878,0.545454545,0.5,0.0,0.03030303,0.014285714,0.024390244,0.090909091,0.057142857,0.024390244,0.090909091,0.057142857,0.0,0,0.075803083,2.0,1.348617667,0.473938235
228431,Stephen F Austin State University,756002514,362400,"SFASU, SFA, Stephen F, Stephen F. Austin","2008 Alumni Drive, Rusk 206",Nacogdoches,TX,75961,https://www.sfasu.edu/,2655,10888,1,0,247,246,20693582,18314218,83779.68,74448.04,110286.9382,94108.42955,100,803,275,528,0.110834371,0.122042341,0.00249066,0.367521368,0.413793103,0.382899628,0.008547009,0.0,0.003717472,0.034188034,0.013793103,0.022304833,0.0,0.027586207,0.011152416,0.0,0,0.075803083,7.0,0.617992408,0.473938235
228459,Texas State University,746002248,361500,Texas State|Texas State University-San Marcos|Southwest Texas State University|Southwest Texas State|SWT|SWTSU|Texas State San Marcos|TxSt|TxState|TS|,601 University Dr,San Marcos,TX,78666,https://www.txst.edu/,8563,38722,1,0,683,690,58879524,52966683,86207.21,76763.31,110286.9382,94108.42955,100,2269,917,1352,0.054208903,0.312472455,0.033054209,0.354243542,0.538181818,0.446,0.003690037,0.025454545,0.016,0.040590406,0.076363636,0.062,0.029520295,0.036363636,0.036,4.666666667,0.122256862,0.075803083,52.33333333,1.371023377,0.473938235
228468,Southwestern Adventist University,750891465,361900,,100 W Hillcrest,Keene,TX,76059,www.swau.edu/,146,817,4,0,25,22,1550545,1448892,62021.8,65858.73,110286.9382,94108.42955,100,97,45,52,0.072164948,0.402061856,0.041237113,0.230769231,0.444444444,0.214285714,0.0,0.055555556,0.0,0.0,0.111111111,0.0,0.0,0.0,0.0,0.0,0,0.075803083,2.0,2.522068096,0.473938235
228501,Sul Ross State University,746000027,362500,Sul Ross,HWY 90 East,Alpine,TX,79832,www.sulross.edu/,524,1942,1,0,47,32,3316601,2202509,70565.98,68828.41,110286.9382,94108.42955,100,241,90,151,0.024896266,0.572614108,0.004149378,0.380952381,0.304347826,0.375,0.0,0.043478261,0.020833333,0.142857143,0.043478261,0.104166667,0.0,0.0,0.0,0.0,0,0.075803083,2.333333333,1.174299614,0.473938235
228529,Tarleton State University,756001870,363100,Tarleton|Texans|TSU|Tarleton State|,1333 W. Washington,Stephenville,TX,76401-0000,www.tarleton.edu/,3609,15937,1,0,240,236,19616184,16628838,81734.1,70461.18,110286.9382,94108.42955,100,682,266,416,0.058651026,0.096774194,0.016129032,0.304878049,0.504065041,0.391304348,0.024390244,0.024390244,0.016304348,0.036585366,0.040650407,0.032608696,0.024390244,0.032520325,0.032608696,0.0,0,0.075803083,8.0,0.567697985,0.473938235
228547,Tarrant County College District,751217163,362600,Tarrant County College,300 Trinity Campus Circle,Fort Worth,TX,76102,www.tccd.edu/,6234,41472,1,0,313,392,24381044,30567304,77894.71,77977.82,110286.9382,94108.42955,100,2006,711,1295,0.198404786,0.232801595,0.059322034,0.503759398,0.572916667,0.5546875,0.07518797,0.135416667,0.09375,0.022556391,0.052083333,0.03515625,0.052631579,0.0625,0.05859375,0.0,0,0.075803083,17.66666667,0.44022493,0.473938235
228608,Temple College,746020689,362700,Temple Junior College,2600 S 1st St,Temple,TX,76504-7435,www.templejc.edu/,1286,4732,1,0,65,75,4013009,4586627,61738.6,61155.03,110286.9382,94108.42955,100,235,71,164,0.114893617,0.276595745,0.012765957,0.470588235,0.689655172,0.56097561,0.019607843,0.034482759,0.012195122,0.019607843,0.068965517,0.024390244,0.0,0.0,0.0,0.0,0,0.075803083,1.0,0.217296827,0.473938235
228635,University of Texas Southwestern Medical Center,756002868,1001900,UT Southwestern  UT Southwestern Medical School  UT Southwestern Graduate School of Biomedical Sciences  UT Southwestern Allied Health Sciences School  UTSW Medical School  UTSW Graduate School  UTSW Allied Health School  UTSWMC  UTSWMC Medical School  UTSWMC Graduate School  UTSWMC Allied Health School  University of Texas Southwestern Medical School  University of Texas Southwestern Graduate School of Biomedical Sciences  University of Texas Southwestern Allied Health Sciences School  University of Texas Southwestern School of Health Professions,5323 Harry Hines Blvd,Dallas,TX,75390-9096,www.utsouthwestern.edu/,606,2501,1,1,13,31,1606300,3607200,123561.54,116361.29,110286.9382,94108.42955,100,6626,2378,4248,0.176275279,0.162541503,0.190612738,0.269720102,0.433925049,0.186915888,0.015267176,0.015779093,0.0,0.012722646,0.025641026,0.0,0.076335878,0.145956607,0.037383178,0.0,0,0.075803083,9.0,3.823279524,0.473938235
228644,The University of Texas Health Science Center at San Antonio,741586031,365900,UT Health San Antonio,7703 Floyd Curl Dr,San Antonio,TX,78229-3900,www.uthscsa.edu/,1305,3640,1,0,95,141,14748894,16749939,155251.52,118793.89,110286.9382,94108.42955,100,5690,1616,4074,0.041476274,0.466959578,0.084534271,0.307692308,0.513944223,0.32160804,0.004524887,0.023904382,0.005025126,0.058823529,0.09561753,0.055276382,0.031674208,0.119521912,0.08040201,0.0,0,0.075803083,0.333333333,0.094750805,0.473938235
228653,The University of Texas Medical Branch at Galveston,746000949,495200,UTMB,301 University Blvd,Galveston,TX,77555-0129,https://www.utmb.edu/,1191,3315,1,0,48,130,6490150,16823040,135211.46,129408.0,110286.9382,94108.42955,100,1678,753,925,0.124553039,0.219904648,0.074493445,0.370967742,0.522222222,0.363095238,0.016129032,0.038888889,0.017857143,0.021505376,0.038888889,0.029761905,0.112903226,0.161111111,0.101190476,0.666666667,0.198353665,0.075803083,1.666666667,0.495884161,0.473938235
228699,Texarkana College,756004413,362800,,2500 N Robison Rd,Texarkana,TX,75599,https://www.texarkanacollege.edu/,695,3882,1,0,30,60,1774010,3691000,59133.67,61516.67,110286.9382,94108.42955,100,174,70,104,0.229885057,0.045977011,0.005747126,0.714285714,0.833333333,0.666666667,0.0,0.138888889,0.047619048,0.0,0.0,0.0,0.0,0.0,0.0,0.0,0,0.075803083,0.666666667,0.175438596,0.473938235
228705,Texas A & M University-Kingsville,746001530,363900,Texas A&M-Kingsville,955 University Blvd,Kingsville,TX,78363,https://www.tamuk.edu/,1444,6562,1,1,192,115,15029340,7822629,78277.81,68022.86,110286.9382,94108.42955,100,574,218,356,0.024390244,0.580139373,0.020905923,0.275862069,0.357142857,0.28742515,0.0,0.020408163,0.005988024,0.08045977,0.071428571,0.065868263,0.057471264,0.071428571,0.05988024,0.0,0,0.075803083,9.666666667,1.586780477,0.473938235
228723,Texas A & M University-College Station,746000531,363200,Texas A&M University,1246 TAMU,College Station,TX,77843-1246,https://www.tamu.edu/,18783,76633,1,1,1801,1015,256933412,118518946,142661.53,116767.43,110286.9382,94108.42955,100,7811,2985,4826,0.069261298,0.168864422,0.040967866,0.232313576,0.38961039,0.281764319,0.006692161,0.024118738,0.012508229,0.019120459,0.022263451,0.019749835,0.044933078,0.074211503,0.0520079,2.0,0.027021915,0.075803083,234.0,3.161564028,0.473938235
228769,The University of Texas at Arlington,756000121,365600,UT Arlington,701 S. Nedderman Dr.,Arlington,TX,76013,https://www.uta.edu/,12436,43992,1,1,572,542,61934110,45885542,108276.42,84659.67,110286.9382,94108.42955,100,2621,1060,1561,0.139259824,0.131629149,0.059519267,0.278169014,0.434599156,0.312958435,0.01056338,0.037974684,0.014669927,0.014084507,0.025316456,0.014669927,0.066901408,0.05907173,0.068459658,3.333333333,0.075850665,0.075803083,94.33333333,2.146573825,0.473938235
228778,The University of Texas at Austin,746000203,365800,UT Austin,110 Inner Campus Drive,Austin,TX,78705,https://www.utexas.edu/,14083,53082,1,1,1544,1202,235980940,147322967,152837.4,122564.86,110286.9382,94108.42955,100,13925,5714,8211,0.067289048,0.234111311,0.059964093,0.323799796,0.428865979,0.358710562,0.016343207,0.032989691,0.021947874,0.031664964,0.055670103,0.03909465,0.035750766,0.04742268,0.039780521,1.333333333,0.025453065,0.075803083,25.0,0.47724496,0.473938235
228787,The University of Texas at Dallas,75130556,974100,UT Dallas,800 West Campbell  Road,Richardson,TX,75080-3021,www.utdallas.edu/,9193,30885,1,0,572,312,84485932,33806185,147702.68,108353.16,110286.9382,94108.42955,100,3358,1474,1884,0.089041096,0.079213818,0.191780822,0.197674419,0.286713287,0.229219144,0.003875969,0.020979021,0.010075567,0.003875969,0.006993007,0.005037783,0.046511628,0.062937063,0.050377834,0.0,0,0.075803083,4.333333333,0.137261113,0.473938235
228796,The University of Texas at El Paso,746000813,366100,UTEP,500 W. University Ave,El Paso,TX,79968-0691,https://www.utep.edu/,5345,24351,1,1,413,347,39933552,26925312,96691.41,77594.56,110286.9382,94108.42955,100,1792,763,1029,0.020089286,0.735491071,0.030133929,0.231292517,0.417142857,0.330128205,0.0,0.011428571,0.006410256,0.095238095,0.131428571,0.118589744,0.034013605,0.085714286,0.064102564,0.0,0,0.075803083,9.0,0.376884422,0.473938235
228802,The University of Texas at Tyler,751396988,1116300,UT Tyler,3900 University Blvd,Tyler,TX,75799-6699,https://www.uttyler.edu/,2765,9678,1,0,358,291,89070001,42691415,248798.89,146705.89,110286.9382,94108.42955,100,2111,626,1485,0.144007579,0.089057319,0.072477499,0.274509804,0.422535211,0.356725146,0.009803922,0.063380282,0.023391813,0.009803922,0.014084507,0.005847953,0.019607843,0.091549296,0.058479532,0.0,0,0.075803083,9.333333333,1.001215762,0.473938235
228866,Texas Chiropractic College Foundation Inc,760196908,363500,TCC/TxChiroCollege/,5912 Spencer Hwy,Pasadena,TX,77505-1699,www.txchiro.edu/,66,267,3,0,12,8,888355,612722,74029.58,76590.25,110286.9382,94108.42955,100,85,35,50,0.235294118,0.188235294,0.011764706,0.416666667,0.333333333,0.0,0.0,0.0,0.0,0.0,0.0,0.0,0.0,0.0,0.0,0.0,0,0.075803083,0.0,0,0.473938235
228884,Texas College,750917417,363800,TC,2404 N. Grand Avenue,Tyler,TX,75702,www.texascollege.edu/,94,644,4,0,16,11,715048,558929,44690.5,50811.73,110286.9382,94108.42955,100,79,34,45,0.721518987,0.189873418,0.025316456,0.333333333,0.25,0.0,0.0,0.25,0.0,0.0,0.0,0.0,0.333333333,0.0,0.0,1.333333333,2.076843198,0.075803083,0.0,0,0.473938235
228909,University of North Texas Health Science Center,756064033,976800,UNT Health Science Center|UNTHSC|University of North Texas Health Sciences Center at Fort Worth|UNT Health Sciences Center|Texas College of Osteopathic Medicine|TCOM,3500 Camp Bowie Blvd,Fort Worth,TX,76107-2699,www.unthsc.edu/,853,2344,1,1,48,76,7272420,10392412,151508.75,136742.26,110286.9382,94108.42955,100,1089,275,814,0.120293848,0.230486685,0.066115702,0.307692308,0.637681159,0.413793103,0.0,0.057971014,0.017241379,0.0,0.028985507,0.0,0.038461538,0.115942029,0.086206897,0.0,0,0.075803083,0.333333333,0.142633005,0.473938235
228981,Texas Lutheran University,741109748,364100,TLU,1000 W. Court St,Seguin,TX,78155-5999,www.tlu.edu/,372,1361,4,0,45,54,3252412,3944176,72275.82,73040.3,110286.9382,94108.42955,100,202,89,113,0.074257426,0.297029703,0.004950495,0.392857143,0.5,0.4375,0.0,0.035714286,0.0,0.0,0.035714286,0.020833333,0.035714286,0.0,0.020833333,0.0,0,0.075803083,0.333333333,0.24348673,0.473938235
229018,The University of Texas Permian Basin,751393493,993000,UT Permian Basin,4901 E University,Odessa,TX,79762-0001,https://www.utpb.edu/,1298,5899,1,1,82,65,7045030,4787815,85915.0,73658.69,110286.9382,94108.42955,100,397,144,253,0.062972292,0.37279597,0.027707809,0.296296296,0.40625,0.320754717,0.0,0.03125,0.018867925,0.037037037,0.125,0.094339623,0.037037037,0.03125,0.037735849,1.333333333,0.227998176,0.075803083,2.333333333,0.398996808,0.473938235
229027,The University of Texas at San Antonio,417171158,1011500,UTSA,One UTSA Circle,San Antonio,TX,78249-1644,www.utsa.edu/,7553,34864,1,0,634,432,63172354,35041550,99640.94,81114.7,110286.9382,94108.42955,100,2435,959,1476,0.054620123,0.416837782,0.036550308,0.3115727,0.411985019,0.312087912,0.008902077,0.007490637,0.008791209,0.065281899,0.071161049,0.065934066,0.041543027,0.063670412,0.054945055,1.333333333,0.038767579,0.075803083,23.0,0.668740732,0.473938235
229063,Texas Southern University,746001391,364200,TSU,3100 Cleburne St,Houston,TX,77004,www.tsu.edu/,1409,8469,1,1,187,193,17832612,16294994,95361.56,84430.02,110286.9382,94108.42955,100,602,241,361,0.795681063,0.106312292,0.03654485,0.388888889,0.478873239,0.434065934,0.259259259,0.366197183,0.307692308,0.0,0.028169014,0.016483516,0.064814815,0.042253521,0.054945055,2.0,0.231696015,0.075803083,9.666666667,1.119864072,0.473938235
229115,Texas Tech University,756002622,364400,,Broadway and University Avenue,Lubbock,TX,79409-5005,www.ttu.edu/,9740,40773,1,0,896,670,106721529,63399064,119108.85,94625.47,110286.9382,94108.42955,100,3578,1443,2135,0.038848519,0.278647289,0.02627166,0.288888889,0.354216867,0.322916667,0.014814815,0.012048193,0.014322917,0.019753086,0.03373494,0.02734375,0.037037037,0.05060241,0.040364583,7.333333333,0.181617052,0.075803083,55.66666667,1.378638533,0.473938235
229160,Texas Wesleyan University,750800691,364500,,1201 Wesleyan St,Fort Worth,TX,76105-1536,www.txwes.edu/,601,2595,4,0,39,52,3899494,4200712,99987.03,80782.92,110286.9382,94108.42955,100,233,89,144,0.17167382,0.184549356,0.034334764,0.444444444,0.536585366,0.5,0.0,0.0,0.0,0.074074074,0.0,0.028571429,0.0,0.073170732,0.042857143,0.0,0,0.075803083,3.666666667,1.422291182,0.473938235
229179,Texas Woman's University,756002618,364600,TWU,304 Administration Dr,Denton,TX,76204,www.twu.edu/,4156,15664,1,0,114,333,9949384,27302640,87275.3,81989.91,110286.9382,94108.42955,100,914,268,646,0.131291028,0.192560175,0.032822757,0.719008264,0.717391304,0.688118812,0.033057851,0.043478261,0.03960396,0.033057851,0.057971014,0.044554455,0.123966942,0.072463768,0.099009901,0.0,0,0.075803083,9.0,0.563980449,0.473938235
229267,Trinity University,741109633,364700,Trinity,One Trinity Place,San Antonio,TX,78212-7200,https://new.trinity.edu/,675,2694,4,0,144,128,16093461,13571943,111760.15,106030.8,110286.9382,94108.42955,100,538,213,325,0.057620818,0.416356877,0.024163569,0.460784314,0.448717949,0.455555556,0.0,0.025641026,0.011111111,0.039215686,0.064102564,0.05,0.039215686,0.064102564,0.05,0.0,0,0.075803083,4.0,1.485884101,0.473938235
229300,The University of Texas Health Science Center at Houston,741761309,495100,UTHealth Houston,7000 Fannin,Houston,TX,77030,www.uth.edu/,1737,5048,1,0,157,245,23544973,33185281,149967.98,135450.13,110286.9382,94108.42955,100,10321,2842,7479,0.23059781,0.2545296,0.149307238,0.35261708,0.473372781,0.337398374,0.019283747,0.047337278,0.008130081,0.027548209,0.069033531,0.028455285,0.090909091,0.134122288,0.097560976,0.666666667,0.124517495,0.075803083,4.333333333,0.809363716,0.473938235
229337,Texas Tech University Health Sciences Center,752668014,1067400,,3601 4th Street,Lubbock,TX,79430,https://www.ttuhsc.edu/,2452,4890,1,0,83,227,11133478,23972182,134138.29,105604.33,110286.9382,94108.42955,100,4346,1190,3156,0.05821445,0.276346065,0.093189139,0.360248447,0.511627907,0.333333333,0.01242236,0.037209302,0.007407407,0.0,0.027906977,0.007407407,0.068322981,0.08372093,0.081481481,0.0,0,0.075803083,3.0,0.58411215,0.473938235
229355,Tyler Junior College,756002676,364800,,1400 East Fifth Street,Tyler,TX,75701,www.tjc.edu/,2033,11977,1,0,139,203,8417643,12142699,60558.58,59816.25,110286.9382,94108.42955,100,427,163,264,0.112412178,0.114754098,0.009367681,0.592356688,0.0,0.0,0.025477707,0.0,0.0,0.022292994,0.0,0.0,0.0,0.0,0.0,0.666666667,0.056017702,0.075803083,2.333333333,0.196061956,0.473938235
229540,Victoria College,746002452,366200,,2200 E Red River,Victoria,TX,77901,www.victoriacollege.edu/,553,3214,1,0,30,53,1931940,3574520,64398.0,67443.77,110286.9382,94108.42955,100,386,141,245,0.046632124,0.373056995,0.010362694,0.666666667,0.657894737,0.642857143,0.0,0.0,0.017857143,0.0,0.131578947,0.053571429,0.0,0.0,0.0,0.0,0,0.075803083,0.666666667,0.217580505,0.473938235
229780,Wayland Baptist University,750859668,366300,,1900 W. 7th Street,Plainview,TX,79072,www.wbu.edu/,850,2861,4,0,54,36,3568029,2290349,66074.61,63620.81,110286.9382,94108.42955,100,260,94,166,0.057692308,0.196153846,0.007692308,0.306122449,0.416666667,0.0,0.020408163,0.0,0.0,0.0,0.0,0.0,0.040816327,0.0,0.0,2.0,0.671591672,0.075803083,4.333333333,1.45511529,0.473938235
229814,West Texas A & M University,756031405,366500,WTAMU,2501 4th Ave,Canyon,TX,79016-0001,https://www.wtamu.edu/,2025,8997,1,1,189,163,16002545,11986993,84669.55,73539.83,110286.9382,94108.42955,100,481,193,288,0.029106029,0.124740125,0.012474012,0.306666667,0.369047619,0.333333333,0.0,0.0,0.0,0.0,0.023809524,0.016260163,0.053333333,0.011904762,0.032520325,0.0,0,0.075803083,13.33333333,1.442689173,0.473938235
229832,Western Texas College,751310636,954900,,6200 College Ave,Snyder,TX,79549,www.wtc.edu/,372,1434,1,0,27,20,1887642,854566,69912.67,42728.3,110286.9382,94108.42955,100,137,44,93,0.094890511,0.291970803,0.0,0.0,0.333333333,0.0,0.0,0.0,0.0,0.0,0.0,0.0,0.0,0.0,0.0,0.0,0,0.075803083,0.0,0,0.473938235
229887,Wiley University,750818183,366900,,711 Wiley Ave,Marshall,TX,75670,wileyc.edu/,94,636,4,0,14,14,825434,728791,58959.57,52056.5,110286.9382,94108.42955,100,111,52,59,0.801801802,0.126126126,0.0,0.0,0.25,0.0,0.0,0.25,0.0,0.0,0.0,0.0,0.0,0.0,0.0,0.0,0,0.075803083,1.666666667,2.387774594,0.473938235
230038,Brigham Young University,870217280,367000,BYU,Main Campus,Provo,UT,84602,https://byu.edu/,7694,35074,4,0,1014,294,162083157,37717047,159845.32,128289.28,110286.9382,94108.42955,100,3316,1783,1533,0.005126659,0.034981906,0.013268999,0.121535181,0.228682171,0.167042889,0.0,0.0,0.0,0.002132196,0.0,0.001128668,0.004264392,0.007751938,0.004514673,2.666666667,0.077375426,0.075803083,16.33333333,0.473924482,0.473938235
230047,Brigham Young University-Hawaii,990083825,160600,BYUH  BYUHC  BYU Hawaii  BYU Hawaii Campus  Brigham Young University Hawaii  Brigham Young University Hawaii Campus  BYU-H  BYU-HC  BYU-Hawaii  BYU-Hawaii Campus  Brigham Young University Hawaii Campus  BYU - H  BYU - HC  BYU - Hawaii  BYU - Hawaii Campus  Brigham Young University - Hawaii  Brigham Young University - Hawaii Campus  BYUHawaii  BYUHawaii Campus,55-220 Kulanui Street,Laie,HI,96762-1294,www.byuh.edu/,611,2836,4,0,96,31,12333548,3613050,128474.46,116550.0,110286.9382,94108.42955,100,321,141,180,0.0,0.003115265,0.168224299,0.066666667,0.212765957,0.0,0.0,0.0,0.0,0.0,0.0,0.0,0.066666667,0.021276596,0.0,0.0,0,0.075803083,6.0,2.193784278,0.473938235
230171,Utah Tech University,876000488,367100,UT,225 S University Avenue,Saint George,UT,84770-3876,utahtech.edu/,3515,12567,1,0,140,132,11226807,9697716,80191.48,73467.55,110286.9382,94108.42955,100,823,398,425,0.019441069,0.05346294,0.018226002,0.409090909,0.447368421,0.427350427,0.0,0.0,0.0,0.045454545,0.013157895,0.025641026,0.090909091,0.026315789,0.042735043,2.0,0.159286397,0.075803083,6.666666667,0.530954656,0.473938235
230597,Snow College,876000517,367900,,150 E College Ave,Ephraim,UT,84627,https://www.snow.edu/,1310,5506,1,1,100,58,7306992,4124464,73069.92,71111.45,110286.9382,94108.42955,100,335,149,186,0.0,0.032835821,0.008955224,0.434782609,0.238095238,0.333333333,0.0,0.0,0.0,0.0,0.0,0.0,0.0,0.0,0.012345679,0.0,0,0.075803083,6.333333333,1.056083597,0.473938235
230603,Southern Utah University,876000481,367800,,351 West University Blvd,Cedar City,UT,84720,https://www.suu.edu/,4279,15033,1,1,240,149,20060944,10726199,83587.27,71987.91,110286.9382,94108.42955,100,754,318,436,0.026525199,0.050397878,0.01193634,0.197183099,0.398058252,0.267973856,0.0,0.0,0.0,0.014084507,0.009708738,0.013071895,0.0,0.019417476,0.013071895,0.666666667,0.046522447,0.075803083,4.0,0.279134682,0.473938235
230728,Utah State University,876000528,367700,,Old Main Hill,Logan,UT,84322-1400,https://www.usu.edu/,6306,28063,1,1,617,453,68337950,41808477,110758.43,92292.44,110286.9382,94108.42955,100,2670,1075,1595,0.012359551,0.056179775,0.02247191,0.322222222,0.359589041,0.332673267,0.0,0.0,0.0,0.025925926,0.01369863,0.021782178,0.022222222,0.01369863,0.01980198,0.666666667,0.023858092,0.075803083,13.33333333,0.477161841,0.473938235
230737,Utah Valley University,870280648,402700,UVU,800 W University Parkway,Orem,UT,84058-5999,www.uvu.edu/,9231,44651,1,1,494,317,46375918,26018120,93878.38,82076.09,110286.9382,94108.42955,100,2454,1155,1299,0.008557457,0.08598207,0.014669927,0.276119403,0.34057971,0.316582915,0.007462687,0.0,0.002512563,0.014925373,0.032608696,0.025125628,0.014925373,0.039855072,0.030150754,0.0,0,0.075803083,3.0,0.069607183,0.473938235
230746,Salt Lake Community College,876000448,522000,,4600 S Redwood Rd,Salt Lake City,UT,84123,www.slcc.edu/,4233,26764,1,1,177,149,12846200,10571303,72577.4,70948.34,110286.9382,94108.42955,100,1622,703,919,0.034525277,0.165844636,0.04377312,0.413043478,0.458598726,0.45049505,0.0,0.0,0.0,0.0,0.031847134,0.02970297,0.02173913,0.012738854,0.014851485,3.333333333,0.126742712,0.075803083,2.333333333,0.088719899,0.473938235
230764,University of Utah,876000525,367500,The U,"201 Presidents Circle, ROOM 201",Salt Lake City,UT,84112-9008,www.utah.edu/,8396,35260,1,1,994,802,148437437,95722968,149333.44,119355.32,110286.9382,94108.42955,100,13206,5234,7972,0.017416326,0.087838861,0.061941542,0.324050633,0.47029703,0.337522442,0.002531646,0.011551155,0.006283662,0.013924051,0.02310231,0.017953321,0.025316456,0.062706271,0.037701975,12.0,0.345482812,0.075803083,48.0,1.381931249,0.473938235
230782,Weber State University,876000535,368000,WSU,3848 Harrison Blvd.,Ogden,UT,84408-1001,https://www.weber.edu/,5973,30536,1,1,306,292,29456651,26086572,96263.57,89337.58,110286.9382,94108.42955,100,1054,457,597,0.020872865,0.107210626,0.016129032,0.337142857,0.476923077,0.400651466,0.005714286,0.0,0.003257329,0.034285714,0.007692308,0.022801303,0.04,0.038461538,0.039087948,0.0,0,0.075803083,6.666666667,0.222861091,0.473938235
230852,Champlain College,30220266,368400,,163 S Willard St,Burlington,VT,05401,www.champlain.edu/,1222,3328,3,0,63,43,5924817,3872591,94044.71,90060.26,110286.9382,94108.42955,100,272,88,184,0.011029412,0.044117647,0.018382353,0.371428571,0.421052632,0.0,0.0,0.026315789,0.0,0.0,0.052631579,0.0,0.0,0.0,0.0,0.0,0,0.075803083,1.333333333,0.376328911,0.473938235
230959,Middlebury College,30179298,369100,,Old Chapel,Middlebury,VT,05753,https://www.middlebury.edu/college/,816,2857,3,0,183,171,23270637,19712950,127161.95,115280.41,110286.9382,94108.42955,100,799,345,454,0.012515645,0.020025031,0.013767209,0.362204724,0.555555556,0.43,0.0,0.024691358,0.01,0.023622047,0.024691358,0.025,0.031496063,0.037037037,0.035,4.0,1.406964474,0.075803083,6.333333333,2.227693751,0.473938235
230995,Norwich University,30179424,369200,,158 Harmon Drive,Northfield,VT,05663-1035,www.norwich.edu/,1063,3274,3,0,83,70,6349238,4788352,76496.84,68405.03,110286.9382,94108.42955,100,423,210,213,0.016548463,0.009456265,0.009456265,0.318181818,0.358490566,0.363636364,0.0,0.0,0.0,0.045454545,0.018867925,0.03030303,0.0,0.037735849,0.03030303,0.0,0,0.075803083,4.0,1.189414213,0.473938235
231059,Saint Michael's College,30179403,369400,,One Winooski Park,Colchester,VT,05439,www.smcvt.edu/,384,1370,4,0,51,52,4278564,3917426,83893.41,75335.12,110286.9382,94108.42955,100,227,96,131,0.008810573,0.052863436,0.035242291,0.272727273,0.407407407,0.333333333,0.0,0.037037037,0.016666667,0.0,0.0,0.0,0.0,0.0,0.0,4.0,2.859185132,0.075803083,3.333333333,2.382654277,0.473938235
231147,Vermont Law and Graduate School,237251952,1193400,VLGS,164 Chelsea Street,South Royalton,VT,05068-0096,www.vermontlaw.edu/,261,690,3,1,15,29,1630764,2566718,108717.6,88507.52,110286.9382,94108.42955,100,107,25,82,0.046728972,0.046728972,0.037383178,0.571428571,0.8,0.666666667,0.0,0.0,0.0,0.047619048,0.0,0.0,0.047619048,0.2,0.0,0.0,0,0.075803083,0.0,0,0.473938235
231165,Vermont State University,30213789,369800,,124 Admin Drive,Randolph,VT,05061,vermontstate.edu/,1312,5136,1,0,103,107,7488761,7193555,72706.42,67229.49,110286.9382,94108.42955,100,456,202,254,0.028508772,0.015350877,0.026315789,0.393258427,0.4,0.405797101,0.0,0.0,0.0,0.0,0.0,0.0,0.0,0.0,0.0,0.666666667,0.471475719,0.075803083,0.333333333,0.23573786,0.473938235
231174,University of Vermont,30179440,369600,UVM,85 S Prospect St,Burlington,VT,05405-0160,www.uvm.edu/,3317,14320,1,0,316,340,32354164,30073314,102386.59,88450.92,110286.9382,94108.42955,100,2582,901,1681,0.033307514,0.03601859,0.067776917,0.359832636,0.502538071,0.403892944,0.0041841,0.0,0.00243309,0.012552301,0.025380711,0.01703163,0.016736402,0.030456853,0.02189781,4.666666667,0.331251183,0.075803083,7.0,0.496876775,0.473938235
231420,Averett University,540129860,370200,AU,420 W Main St,Danville,VA,24541,https://www.averett.edu/,356,1378,4,0,23,23,1370051,1337497,59567.43,58152.04,110286.9382,94108.42955,100,205,85,120,0.112195122,0.019512195,0.009756098,0.333333333,0.666666667,0.538461538,0.0,0.0,0.0,0.0,0.0,0.0,0.0,0.0,0.0,0.0,0,0.075803083,1.333333333,0.978234287,0.473938235
231554,Bluefield University,540568200,370300,,3000 College Avenue,Bluefield,VA,24605,www.bluefield.edu/,339,989,4,0,22,21,1205273,1345299,54785.14,64061.86,110286.9382,94108.42955,100,89,46,43,0.08988764,0.0,0.011235955,0.428571429,0.375,0.0,0.0,0.0,0.0,0.0,0.0,0.0,0.0,0.0,0.0,0.0,0,0.075803083,0.333333333,0.336360579,0.473938235
231581,Bridgewater College,540506306,370400,BC|Bridgewater,402 E College St,Bridgewater,VA,22812-1599,https://www.bridgewater.edu/,354,1436,4,0,50,45,3482226,2905273,69644.52,64561.62,110286.9382,94108.42955,100,214,99,115,0.065420561,0.004672897,0.009345794,0.285714286,0.5,0.45,0.0,0.0,0.0,0.0,0.108695652,0.083333333,0.0,0.02173913,0.016666667,2.666666667,1.876612714,0.075803083,6.666666667,4.691531785,0.473938235
231624,William & Mary,546001718,370500,William & Mary,200 Richmond Road,Williamsburg,VA,23187-8795,https://www.wm.edu/,2868,9762,1,1,381,308,49713636,34393820,130481.98,111668.25,110286.9382,94108.42955,100,1902,691,1211,0.166140904,0.03575184,0.027339642,0.411564626,0.412844037,0.367647059,0.027210884,0.036697248,0.026960784,0.017006803,0.013761468,0.012254902,0.027210884,0.027522936,0.017156863,1.333333333,0.138112009,0.075803083,2.333333333,0.241696015,0.473938235
231651,Regent University,541061178,3091300,,1000 Regent University Dr,Virginia Beach,VA,23464,https://www.regent.edu/,2310,10168,3,0,89,54,8730770,4644295,98098.54,86005.46,110286.9382,94108.42955,100,545,203,342,0.214678899,0.058715596,0.001834862,0.222222222,0.319148936,0.275362319,0.0,0.063829787,0.043478261,0.0,0.0,0.0,0.0,0.021276596,0.014492754,0.0,0,0.075803083,1.666666667,0.161233111,0.473938235
231697,Central Virginia Community College,8170630,498800,,3506 Wards Rd,Lynchburg,VA,24502-2498,www.centralvirginia.edu/,680,3410,1,0,32,31,2283282,2217876,71352.56,71544.39,110286.9382,94108.42955,100,143,47,96,0.167832168,0.0,0.0,0.5,0.588235294,0.0,0.0,0.058823529,0.0,0.055555556,0.0,0.0,0.055555556,0.0,0.0,0.0,0,0.075803083,0.0,0,0.473938235
231712,Christopher Newport University,540701501,370600,CNU,1 Avenue of the Arts,Newport News,VA,23606-3072,https://cnu.edu/,1143,4503,1,0,160,117,16071624,10373137,100447.65,88659.29,110286.9382,94108.42955,100,740,309,431,0.337837838,0.027027027,0.025675676,0.35,0.393939394,0.382165605,0.016666667,0.01010101,0.012738854,0.0,0.01010101,0.006369427,0.016666667,0.0,0.006369427,1.333333333,0.292461797,0.075803083,22.0,4.825619653,0.473938235
231873,Mountain Gateway Community College,541268274,499600,MGCC,1000 College Drive,Clifton Forge,VA,24422-1000,www.mgcc.edu/,214,1002,1,0,7,13,422251,821867,60321.57,63220.54,110286.9382,94108.42955,100,69,22,47,0.043478261,0.0,0.0,0.0,0.5,0.0,0.0,0.0,0.0,0.0,0.0,0.0,0.0,0.0,0.0,0.666666667,0.704721635,0.075803083,0.0,0,0.473938235
231882,Danville Community College,541268258,375800,,1008 S Main St,Danville,VA,24541-4004,https://www.danville.edu/,491,2489,1,1,31,18,2131750,1233004,68766.13,68500.22,110286.9382,94108.42955,100,115,40,75,0.373913043,0.017391304,0.008695652,0.125,0.461538462,0.0,0.0,0.153846154,0.0,0.0,0.076923077,0.0,0.0,0.076923077,0.0,0.0,0,0.075803083,0.0,0,0.473938235
231970,Eastern Virginia Medical School,546055378,1033800,,735 Fairfax Avenue,Norfolk,VA,23507,www.evms.edu/,476,1235,1,0,50,71,7801299,8411667,156025.98,118474.18,110286.9382,94108.42955,100,1010,188,822,0.382178218,0.042574257,0.043564356,0.367647059,0.433962264,0.25,0.014705882,0.018867925,0.0,0.0,0.0,0.0,0.044117647,0.037735849,0.0625,0.0,0,0.075803083,3.0,2.274450341,0.473938235
232025,Emory & Henry University,540505892,370900,,30461 Garnand Drive,Emory,VA,24327-0947,www.ehc.edu/,257,1364,4,0,39,64,2884048,4959655,73949.95,77494.61,110286.9382,94108.42955,100,236,107,129,0.055084746,0.021186441,0.0,0.473684211,0.62962963,0.527777778,0.0,0.0,0.0,0.0,0.037037037,0.027777778,0.0,0.037037037,0.027777778,4.666666667,3.436426117,0.075803083,1.666666667,1.227295042,0.473938235
232043,Eastern Mennonite University,540575812,370800,Eastern mennonite univ  EMU university  EMU college  EMU  Eastern mennonite  Eastern mennonite college  EMC   Eastern mennonite seminary  Eastern menonite,1200 Park Rd,Harrisonburg,VA,22802-2462,https://emu.edu/,369,1292,4,0,37,49,2205563,2710569,59609.81,55317.73,110286.9382,94108.42955,100,196,67,129,0.040816327,0.020408163,0.005102041,0.473684211,0.428571429,0.411764706,0.0,0.0,0.0,0.0,0.0,0.0,0.0,0.071428571,0.029411765,0.0,0,0.075803083,0.333333333,0.249875062,0.473938235
232052,Eastern Shore Community College,541268269,374800,ESCC,29316 Lankford Hwy,Melfa,VA,23410,www.es.vccs.edu/,149,720,1,0,5,9,343055,646842,68611.0,71871.33,110286.9382,94108.42955,100,57,21,36,0.228070175,0.035087719,0.0,1.0,0.6,0.0,0.0,0.2,0.0,0.0,0.0,0.0,0.0,0.0,0.0,0.0,0,0.075803083,0.0,0,0.473938235
232089,Ferrum College,540506457,371100,,215 Ferrum Mountain Road,Ferrum,VA,24088-9000,www.ferrum.edu/,188,767,4,0,23,26,1174443,1363466,51062.74,52441.0,110286.9382,94108.42955,100,158,70,88,0.075949367,0.025316456,0.006329114,1.0,0.5,0.545454545,0.0,0.0,0.0,0.0,0.0,0.0,0.0,0.0,0.0,0.0,0,0.075803083,2.333333333,2.729044834,0.473938235
232186,George Mason University,540836354,374900,Mason,4400 University Dr,Fairfax,VA,22030-4444,https://www2.gmu.edu/,10290,39527,1,1,775,688,108333837,80410207,139785.6,116875.3,110286.9382,94108.42955,100,3139,1143,1996,0.123924817,0.093023256,0.103854731,0.36492891,0.503816794,0.383259912,0.018957346,0.034351145,0.02349486,0.007109005,0.020992366,0.016152717,0.045023697,0.078244275,0.058737151,4.0,0.102435402,0.075803083,26.66666667,0.682902678,0.473938235
232195,Germanna Community College,541268292,866000,,2130 Germanna Hwy,Locust Grove,VA,22508-2102,www.germanna.edu/,1170,8082,1,0,37,71,2790478,5298326,75418.32,74624.31,110286.9382,94108.42955,100,330,117,213,0.206060606,0.066666667,0.027272727,0.888888889,0.75,0.0,0.0,0.083333333,0.0,0.0,0.0,0.0,0.0,0.083333333,0.0,0.0,0,0.075803083,0.0,0,0.473938235
232256,Hampden-Sydney College,540505906,371300,"HSC, Hampden-Sydney, H-SC",College Road,Hampden-Sydney,VA,23943-0128,www.hsc.edu/,150,876,3,0,61,32,4958293,2438438,81283.49,76201.19,110286.9382,94108.42955,100,211,115,96,0.194312796,0.009478673,0.004739336,0.28125,0.407407407,0.338983051,0.0,0.0,0.0,0.0,0.0,0.0,0.0,0.037037037,0.016949153,0.0,0,0.075803083,0.666666667,0.788022065,0.473938235
232265,Hampton University,540505990,371400,,200 William R. Harvey Way,Hampton,VA,23668-0099,www.hamptonu.edu/,561,3649,3,0,104,83,8046736,6371887,77372.46,76769.72,110286.9382,94108.42955,100,545,209,336,0.856880734,0.014678899,0.014678899,0.25,0.481481481,0.302325581,0.15,0.425925926,0.23255814,0.05,0.0,0.023255814,0.05,0.018518519,0.023255814,0.666666667,0.202880909,0.075803083,1.666666667,0.507202272,0.473938235
232308,Hollins University,540506314,371500,Hollins College,7916 Williamson Rd NW,Roanoke,VA,24020,www.hollins.edu/,198,782,3,0,33,57,2169150,3598374,65731.82,63129.37,110286.9382,94108.42955,100,180,50,130,0.111111111,0.016666667,0.011111111,0.647058824,0.631578947,0.647058824,0.058823529,0.0,0.029411765,0.0,0.0,0.0,0.0,0.0,0.0,0.0,0,0.075803083,0.0,0,0.473938235
232414,J Sargeant Reynolds Community College,541268266,375900,Reynolds Community College,1651 East Parham Road,Richmond,VA,23228-2327,www.reynolds.edu/,1400,7707,1,0,40,70,2923948,5129394,73098.7,73277.06,110286.9382,94108.42955,100,344,113,231,0.409883721,0.023255814,0.034883721,0.551724138,0.636363636,0.0,0.172413793,0.212121212,0.0,0.034482759,0.0,0.0,0.0,0.03030303,0.0,0.0,0,0.075803083,0.0,0,0.473938235
232423,James Madison University,546001756,372100,JMU,800 South Main Street,Harrisonburg,VA,22807,www.jmu.edu/,5297,22758,1,0,502,546,50986559,50965389,101566.85,93343.2,110286.9382,94108.42955,100,2413,866,1547,0.038955657,0.051388313,0.017820141,0.432989691,0.540636042,0.472868217,0.007731959,0.024734982,0.015503876,0.005154639,0.028268551,0.015503876,0.030927835,0.03180212,0.031007752,0.0,0,0.075803083,8.333333333,0.374970002,0.473938235
232450,Brightpoint Community College,541268277,400400,John Tyler Community College,13101 Route 1,Chester,VA,23831-5316,https://www.brightpoint.edu/,1141,9023,1,0,47,70,3436336,5354568,73113.53,76493.83,110286.9382,94108.42955,100,258,80,178,0.403100775,0.023255814,0.007751938,0.648648649,0.703703704,0.0,0.027027027,0.148148148,0.0,0.054054054,0.037037037,0.0,0.081081081,0.0,0.0,0.666666667,0.075826509,0.075803083,0.0,0,0.473938235
232557,Liberty University,540946734,2053000,,1971 University Blvd,Lynchburg,VA,24515,https://www.liberty.edu/,25489,103068,4,0,376,282,33792610,24112196,89873.96,85504.24,110286.9382,94108.42955,100,5511,2670,2841,0.060787516,0.038287062,0.02649247,0.272300469,0.404651163,0.25,0.03286385,0.055813953,0.125,0.0,0.018604651,0.0,0.014084507,0.013953488,0.0,2.0,0.020680598,0.075803083,21.33333333,0.220593051,0.473938235
232566,Longwood University,546001788,371900,,201 High St,Farmville,VA,23909,www.longwood.edu/,1139,4545,1,1,111,129,8828168,9890435,79533.05,76670.04,110286.9382,94108.42955,100,439,154,285,0.10022779,0.002277904,0.013667426,0.45,0.489130435,0.473684211,0.0,0.032608696,0.019736842,0.0,0.0,0.0,0.0,0.010869565,0.006578947,0.666666667,0.152975371,0.075803083,4.666666667,1.070827597,0.473938235
232575,Laurel Ridge Community College,541268293,865900,Lord Fairfax Community College,173 Skirmisher Lane,Middletown,VA,22645,https://www.laurelridge.edu/,1089,5935,1,0,24,43,1748511,3022503,72854.62,70290.77,110286.9382,94108.42955,100,252,77,175,0.015873016,0.035714286,0.01984127,0.6875,0.571428571,0.0,0.0625,0.0,0.0,0.0625,0.0,0.0,0.0,0.0,0.0,0.0,0,0.075803083,0.0,0,0.473938235
232609,University of Lynchburg,540505922,372000,Lynchburg,1501 Lakeside Dr,Lynchburg,VA,24501-3113,www.lynchburg.edu/,938,2592,4,0,75,84,5879837,6344672,78397.83,75531.81,110286.9382,94108.42955,100,364,159,205,0.145604396,0.027472527,0.008241758,0.404255319,0.578947368,0.470588235,0.0,0.01754386,0.011764706,0.0,0.0,0.0,0.0,0.01754386,0.011764706,1.333333333,0.556947925,0.075803083,5.333333333,2.227791701,0.473938235
232672,Mary Baldwin University,540506319,372300,MBU,318 Prospect Street,Staunton,VA,24401,https://www.marybaldwin.edu/,592,1792,4,0,25,61,2067940,5048286,82717.6,82758.79,110286.9382,94108.42955,100,214,64,150,0.135514019,0.042056075,0.014018692,0.842105263,0.62962963,0.75,0.052631579,0.037037037,0.071428571,0.052631579,0.0,0.035714286,0.0,0.0,0.0,0.0,0,0.075803083,4.333333333,2.214273548,0.473938235
232681,University of Mary Washington,546001757,374600,Mary Washington College,1301 College Ave,Fredericksburg,VA,22401-5300,https://www.umw.edu/,985,3808,1,0,108,116,9748338,9528992,90262.39,82146.48,110286.9382,94108.42955,100,455,156,299,0.103296703,0.046153846,0.015384615,0.463414634,0.551282051,0.512658228,0.0,0.025641026,0.012658228,0.012195122,0.038461538,0.025316456,0.036585366,0.08974359,0.063291139,0.0,0,0.075803083,0.666666667,0.177446544,0.473938235
232706,Marymount University,540573801,372400,,2807 N Glebe Rd,Arlington,VA,22207-4299,https://www.marymount.edu/,907,3667,4,0,43,96,3467453,7408403,80638.44,77170.86,110286.9382,94108.42955,100,347,125,222,0.161383285,0.224783862,0.086455331,0.742857143,0.642857143,0.701492537,0.028571429,0.0,0.014925373,0.0,0.023809524,0.014925373,0.085714286,0.023809524,0.059701493,0.0,0,0.075803083,0.666666667,0.179646097,0.473938235
232788,Mountain Empire Community College,541268294,962900,"MECC, Mountain Empire",3441 Mountain Empire Road,Big Stone Gap,VA,24219,www.mecc.edu/,583,2015,1,0,22,22,1452711,1509380,66032.32,68608.18,110286.9382,94108.42955,100,116,37,79,0.0,0.017241379,0.0,0.583333333,0.6,0.0,0.0,0.0,0.0,0.0,0.0,0.0,0.0,0.0,0.0,0.0,0,0.075803083,0.0,0,0.473938235
232867,New River Community College,541268256,522300,NRCC,5251 College Drive,Dublin,VA,24084-3660,www.nr.edu/,601,4156,1,1,26,20,2010855,1497984,77340.58,74899.2,110286.9382,94108.42955,100,134,42,92,0.052238806,0.007462687,0.007462687,0.5625,0.375,0.0,0.0,0.0,0.0,0.0,0.0,0.0,0.0,0.0,0.0,0.0,0,0.075803083,0.0,0,0.473938235
232885,Sentara College of Health Sciences,541547408,3106500,Sentara College,"1441 Crossways Blvd, Suite 105",Chesapeake,VA,23320,www.sentara.edu/,156,300,3,0,3,36,242105,3226433,80701.67,89623.14,110286.9382,94108.42955,100,42,9,33,0.19047619,0.071428571,0.0,1.0,0.818181818,0.0,0.0,0.272727273,0.0,0.0,0.0,0.0,0.0,0.0,0.0,0.0,0,0.075803083,0.0,0,0.473938235
232937,Norfolk State University,546002808,376500,Norfolk State; NSU,700 Park Avenue,Norfolk,VA,23504-8000,www.nsu.edu/,920,6045,1,1,120,100,11376765,8844417,94806.38,88444.17,110286.9382,94108.42955,100,1241,443,798,0.846091861,0.018533441,0.01369863,0.392405063,0.538461538,0.393162393,0.240506329,0.307692308,0.230769231,0.012658228,0.0,0.008547009,0.0,0.076923077,0.042735043,2.666666667,0.461121678,0.075803083,5.666666667,0.979883567,0.473938235
232946,Northern Virginia Community College,541268263,372700,,4001 Wakefield Chapel Rd,Annandale,VA,22003-3796,https://www.nvcc.edu/,6197,53810,1,0,266,325,23152136,27874481,87038.11,85767.63,110286.9382,94108.42955,100,1111,445,666,0.216021602,0.103510351,0.160216022,0.50952381,0.593548387,0.0,0.057142857,0.083870968,0.0,0.023809524,0.025806452,0.0,0.085714286,0.077419355,0.0,4.666666667,0.089923437,0.075803083,9.666666667,0.186269976,0.473938235
232982,Old Dominion University,546000884,372800,"ODU, Old Dominion",5115 Hampton Blvd,Norfolk,VA,23529,www.odu.edu/,5000,22541,1,0,458,432,53661770,39331609,117165.44,91045.39,110286.9382,94108.42955,100,1814,695,1119,0.352260198,0.044101433,0.046306505,0.269565217,0.42364532,0.34047619,0.02173913,0.034482759,0.028571429,0.017391304,0.0,0.00952381,0.047826087,0.0591133,0.052380952,2.0,0.086553858,0.075803083,21.0,0.90881551,0.473938235
233019,Patrick & Henry Community College,541268271,375100,Patrick &Henry CC P&HCC P&H,645 Patriot Avenue,Martinsville,VA,24112,www.patrickhenry.edu/,451,1932,1,0,23,20,1599268,1455091,69533.39,72754.55,110286.9382,94108.42955,100,188,64,124,0.255319149,0.010638298,0.005319149,0.0,0.625,0.0,0.0,0.0,0.0,0.0,0.0,0.0,0.0,0.0,0.0,0.0,0,0.075803083,0.0,0,0.473938235
233037,Paul D Camp Community College,541268245,915900,,100 N College Dr,Franklin,VA,23851,www.pdc.edu/,186,1168,1,0,6,12,411960,812440,68660.0,67703.33,110286.9382,94108.42955,100,61,16,45,0.426229508,0.016393443,0.0,0.0,0.5,0.0,0.0,0.25,0.0,0.0,0.0,0.0,0.0,0.0,0.0,0.0,0,0.075803083,0.0,0,0.473938235
233116,Piedmont Virginia Community College,541268264,992800,PVCC,501 College Drive,Charlottesville,VA,22902-7589,www.pvcc.edu/,678,5174,1,0,31,48,2390944,3624694,77127.23,75514.46,110286.9382,94108.42955,100,212,67,145,0.108490566,0.018867925,0.037735849,0.619047619,0.538461538,0.0,0.0,0.076923077,0.0,0.047619048,0.0,0.0,0.0,0.038461538,0.0,0.0,0,0.075803083,0.333333333,0.066374618,0.473938235
233277,Radford University,546001789,373200,,801 East Main St.,Radford,VA,24142,https://www.radford.edu/,2126,7531,1,0,187,246,17380139,21003723,92941.92,85380.99,110286.9382,94108.42955,100,847,319,528,0.06257379,0.029515939,0.007083825,0.444444444,0.563106796,0.491071429,0.0,0.019417476,0.008928571,0.022222222,0.009708738,0.013392857,0.037037037,0.048543689,0.044642857,0.0,0,0.075803083,9.0,1.166105209,0.473938235
233295,Randolph-Macon College,540505940,373300,Randolph-Macon,204 Henry St,Ashland,VA,23005-5505,https://www.rmc.edu/,329,1523,4,0,52,71,4229320,5598335,81333.08,78849.79,110286.9382,94108.42955,100,300,123,177,0.14,0.013333333,0.023333333,0.47826087,0.612903226,0.52,0.02173913,0.0,0.013333333,0.0,0.0,0.0,0.02173913,0.096774194,0.053333333,0.666666667,0.447427293,0.075803083,3.333333333,2.237136465,0.473938235
233301,Randolph College,540505941,373400,Randolph|Randolph-Macon Woman's College|Randolph Macon Women's College|Randolph-Macon Womens College|Randolph Macon Womens College|R-MWC|RMWC|Randolf-Macon Women's College|Randolf Macon Women's College|Randolf|Randolph Lynchburg|RC|Lynchburg Randolph,2500 Rivermont Ave,Lynchburg,VA,24503-1555,www.randolphcollege.edu/,131,634,3,0,24,37,1813442,2730957,75560.08,73809.65,110286.9382,94108.42955,100,194,72,122,0.170103093,0.036082474,0.005154639,0.590909091,0.714285714,0.642857143,0.0,0.0,0.0,0.0,0.0,0.0,0.090909091,0.095238095,0.095238095,0.0,0,0.075803083,3.0,5.424954792,0.473938235
233310,Rappahannock Community College,541268257,916000,RCC,12745 College Drive,Glenns,VA,23149-2616,www.rappahannock.edu/,549,2767,1,0,9,20,657869,1393067,73096.56,69653.35,110286.9382,94108.42955,100,126,21,105,0.253968254,0.007936508,0.0,0.625,0.857142857,0.0,0.25,0.142857143,0.0,0.0,0.0,0.0,0.0,0.142857143,0.0,0.0,0,0.075803083,0.0,0,0.473938235
233338,Richard Bland College,546026876,370700,"Richard Bland, Richard Bland Junior College, Richard Bland College, RBC, Richard Bland College of William & Mary",11301 Johnson Road,South Prince George,VA,23805-7100,www.rbc.edu/,162,2598,1,0,13,18,878373,1268188,67567.15,70454.89,110286.9382,94108.42955,100,169,77,92,0.349112426,0.00591716,0.01183432,0.6,0.454545455,0.75,0.0,0.0,0.0,0.0,0.0,0.0,0.0,0.0,0.0,0.0,0,0.075803083,0.666666667,0.325044694,0.473938235
233356,Bon Secours Memorial College of Nursing,541744931,1004300,,8550 Magellan Parkway Suite 1100,Richmond,VA,23227-1149,https://www.bsmcon.edu/,145,527,4,0,2,36,185514,3098907,92757.0,86080.75,110286.9382,94108.42955,100,75,24,51,0.186666667,0.0,0.04,0.0,0.857142857,0.0,0.0,0.0,0.0,0.0,0.0,0.0,0.0,0.0,0.0,0.0,0,0.075803083,0.0,0,0.473938235
233374,University of Richmond,540505965,374400,UR/U of Richmond/Richmond,410 Westhampton Way,University of Richmond,VA,23173,https://www.richmond.edu/,1076,3776,3,0,221,227,31912232,27491364,144399.24,121107.33,110286.9382,94108.42955,100,1260,490,770,0.21031746,0.038095238,0.028571429,0.459259259,0.453900709,0.44047619,0.007407407,0.035460993,0.01984127,0.007407407,0.04964539,0.031746032,0.02962963,0.028368794,0.027777778,5.333333333,1.375988992,0.075803083,3.0,0.773993808,0.473938235
233408,Riverside College of Health Careers,521245746,2140000,,316 Main Street,Newport News,VA,23601,https://www.riversideonline.com/careers/college-of-health-careers,154,325,3,0,0,27,0,2186063,,80965.3,110286.9382,94108.42955,100,30,5,25,0.4,0.0,0.0,1.0,0.0,0.0,0.0,0.0,0.0,0.0,0.0,0.0,0.0,0.0,0.0,0.0,0,0.075803083,0.0,0,0.473938235
233426,Roanoke College,540505945,373600,,221 College Lane,Salem,VA,24153-3794,https://www.roanoke.edu/,416,1835,4,0,73,83,5184622,5419106,71022.22,65290.43,110286.9382,94108.42955,100,376,144,232,0.103723404,0.034574468,0.021276596,0.465116279,0.479166667,0.471910112,0.0,0.0,0.0,0.046511628,0.020833333,0.033707865,0.023255814,0.020833333,0.02247191,0.0,0,0.075803083,0.333333333,0.182548375,0.473938235
233541,Shenandoah University,540525605,373700,SU,1460 University Dr,Winchester,VA,22601-5195,www.su.edu/,1146,4343,4,0,109,157,9157259,13652290,84011.55,86957.26,110286.9382,94108.42955,100,505,171,334,0.075247525,0.035643564,0.02970297,0.561403509,0.540816327,0.0,0.01754386,0.040816327,0.0,0.01754386,0.0,0.0,0.087719298,0.010204082,0.0,0.0,0,0.075803083,0.0,0,0.473938235
233611,Southern Virginia University,540646523,373800,SVU,1 University Hill Drive,Buena Vista,VA,24416,https://svu.edu/,195,967,3,0,36,17,2376150,1078700,66004.17,63452.94,110286.9382,94108.42955,100,172,112,60,0.01744186,0.058139535,0.034883721,0.411764706,0.166666667,0.0,0.0,0.0,0.0,0.0,0.0,0.0,0.0,0.0,0.0,0.0,0,0.075803083,3.333333333,3.165558721,0.473938235
233639,Southside Virginia Community College,541268239,866100,,109 Campus Drive,Alberta,VA,23821,https://www.southside.edu/,784,3258,1,0,20,28,1413906,2055842,70695.3,73422.93,110286.9382,94108.42955,100,143,36,107,0.265734266,0.0,0.013986014,0.777777778,0.5,0.0,0.0,0.1,0.0,0.0,0.0,0.0,0.0,0.0,0.0,0.0,0,0.075803083,0.333333333,0.107112254,0.473938235
233648,Southwest Virginia Community College,541269325,726000,Southwest Virginia|Southwest|SVCC|SWVCC|SwVCC|SWCC,"369 College Road       US Rt. 19, 6 Miles S. Claypool Hill",Cedar Bluff,VA,24609,sw.edu/,474,2288,1,0,23,32,1482157,2101064,64441.61,65658.25,110286.9382,94108.42955,100,203,80,123,0.014778325,0.004926108,0.0,0.8,0.666666667,0.0,0.0,0.0,0.0,0.0,0.0,0.0,0.2,0.0,0.0,0.0,0,0.075803083,0.0,0,0.473938235
233718,Sweet Briar College,541534105,374200,,134 Chapel Drive,Sweet Briar,VA,24595-9998,www.sbc.edu/,75,464,3,0,20,29,1393775,1823299,69688.75,62872.38,110286.9382,94108.42955,100,171,45,126,0.14619883,0.029239766,0.005847953,0.2,0.666666667,0.4,0.0,0.0,0.1,0.0,0.0,0.0,0.0,0.0,0.0,0.0,0,0.075803083,2.666666667,5.797101449,0.473938235
233754,Virginia Peninsula Community College,541268284,687100,Thomas Nelson Community College,99 Thomas Nelson Drive,Hampton,VA,23666,https://vpcc.edu/,769,6127,1,0,29,50,2255561,4025016,77777.97,80500.32,110286.9382,94108.42955,100,178,57,121,0.47752809,0.005617978,0.011235955,0.764705882,0.708333333,0.0,0.176470588,0.125,0.0,0.0,0.041666667,0.0,0.058823529,0.0,0.0,0.0,0,0.075803083,0.0,0,0.473938235
233772,Tidewater Community College,541268286,371200,,121 College Place,Norfolk,VA,23510,www.tcc.edu/,3043,15912,1,1,116,137,8581236,9930183,73976.17,72483.09,110286.9382,94108.42955,100,631,198,433,0.446909667,0.041204437,0.042789223,0.560606061,0.552631579,0.0,0.090909091,0.157894737,0.0,0.045454545,0.026315789,0.0,0.045454545,0.052631579,0.0,0.0,0,0.075803083,0.666666667,0.041164969,0.473938235
233897,University of Virginia's College at Wise,546001796,374700,UVA Wise,1 College Avenue,Wise,VA,24293-4400,https://www.uvawise.edu/,217,1911,1,0,52,57,4547145,4474527,87445.1,78500.47,110286.9382,94108.42955,100,216,94,122,0.013888889,0.00462963,0.00462963,0.37037037,0.371428571,0.370967742,0.037037037,0.0,0.016129032,0.0,0.057142857,0.032258065,0.074074074,0.0,0.032258065,0.0,0,0.075803083,0.333333333,0.195618153,0.473938235
233903,Virginia Highlands Community College,541268289,709900,VHCC,100 VHCC Drive,Abingdon,VA,24212-0828,www.vhcc.edu/,451,2052,1,0,15,23,971738,1614378,64782.53,70190.35,110286.9382,94108.42955,100,89,26,63,0.02247191,0.0,0.0,0.833333333,0.75,0.0,0.0,0.0,0.0,0.0,0.0,0.0,0.0,0.0,0.0,0.0,0,0.075803083,0.0,0,0.473938235
233921,Virginia Polytechnic Institute and State University,546001805,375400,Virginia Tech,"210 Burruss Hall, 800 Drillfield Dr.",Blacksburg,VA,24061-0131,www.vt.edu/,10117,38294,1,0,1335,836,182392752,94516031,136623.78,113057.45,110286.9382,94108.42955,100,6281,2517,3764,0.056519662,0.031682853,0.033593377,0.24256651,0.394136808,0.302643573,0.007824726,0.016286645,0.010027347,0.001564945,0.021172638,0.00911577,0.034428795,0.052117264,0.04922516,0.666666667,0.017465724,0.075803083,7.666666667,0.20085582,0.473938235
233949,Virginia Western Community College,541268273,376000,,3094 Colonial Ave,Roanoke,VA,24015,virginiawestern.edu/,927,6170,1,0,35,45,2517806,3325914,71937.31,73909.2,110286.9382,94108.42955,100,246,83,163,0.069105691,0.008130081,0.012195122,0.529411765,0.5,0.0,0.0,0.033333333,0.0,0.0,0.0,0.0,0.0,0.0,0.0,0.0,0,0.075803083,0.0,0,0.473938235
234030,Virginia Commonwealth University,546001758,373500,VCU,910 W Franklin St,Richmond,VA,23284-2512,https://www.vcu.edu/,6894,28238,1,1,637,645,80887446,70890297,126981.86,109907.44,110286.9382,94108.42955,100,4323,1527,2796,0.216747629,0.045801527,0.050427944,0.309278351,0.48630137,0.380480905,0.008247423,0.042465753,0.022630835,0.012371134,0.019178082,0.01980198,0.04742268,0.067123288,0.062234795,2.0,0.071219999,0.075803083,32.66666667,1.163259977,0.473938235
234076,University of Virginia-Main Campus,546001796,374500,University of Virginia  UVa  UVA,1827 University Avenue,Charlottesville,VA,22903-2628,https://www.virginia.edu/,8867,25924,1,1,937,703,165595536,101801284,176729.49,144809.79,110286.9382,94108.42955,100,7398,3053,4345,0.106380103,0.03811841,0.090159503,0.313225058,0.462871287,0.340252708,0.018561485,0.032178218,0.027978339,0.009280742,0.017326733,0.012635379,0.025522042,0.069306931,0.0433213,8.0,0.306724944,0.075803083,37.66666667,1.44416328,0.473938235
234085,Virginia Military Institute,546001803,375300,VMI,VMI Parade,Lexington,VA,24450-0304,www.vmi.edu/,347,1560,1,0,95,48,10449524,4438032,109994.99,92459.0,110286.9382,94108.42955,100,375,192,183,0.069333333,0.013333333,0.013333333,0.238095238,0.52,0.306666667,0.0,0.0,0.0,0.0,0.0,0.0,0.015873016,0.08,0.013333333,1.333333333,0.881834215,0.075803083,3.333333333,2.204585538,0.473938235
234137,Virginia University of Lynchburg,540714277,376200,,2058 Garfield Ave,Lynchburg,VA,24501,www.vul.edu/,203,589,4,0,5,0,224000,0,44800.0,,110286.9382,94108.42955,100,36,21,15,0.75,0.0,0.027777778,0.0,0.0,0.0,0.0,0.0,0.0,0.0,0.0,0.0,0.0,0.0,0.0,0.0,0,0.075803083,0.666666667,0.79649542,0.473938235
234155,Virginia State University,546001811,376400,VSU,1 Hayden Drive,Petersburg,VA,23806,www.vsu.edu/,735,5190,1,0,165,148,15721683,12505841,95282.93,84498.93,110286.9382,94108.42955,100,584,225,359,0.782534247,0.020547945,0.025684932,0.391891892,0.466666667,0.419117647,0.310810811,0.342857143,0.294117647,0.0,0.0,0.0,0.040540541,0.00952381,0.029411765,1.333333333,0.286861733,0.075803083,12.0,2.581755594,0.473938235
234164,Virginia Union University,540524516,376600,VUU,1500 N Lombardy St,Richmond,VA,23220,www.vuu.edu/,232,1662,4,0,36,19,2014880,1713609,55968.89,90189.95,110286.9382,94108.42955,100,435,220,215,0.604597701,0.0,0.006896552,0.181818182,0.411764706,0.272727273,0.181818182,0.235294118,0.181818182,0.0,0.058823529,0.0,0.0,0.0,0.0,0.0,0,0.075803083,0.666666667,0.358422939,0.473938235
234173,Virginia Wesleyan University,546039600,376700,VWU | Marlins | VA Wesleyan | Wesleyan,5817 Wesleyan Drive,Virginia Beach,VA,23455,https://www.vwu.edu/,291,1711,4,0,42,45,3221296,3380506,76697.52,75122.36,110286.9382,94108.42955,100,180,81,99,0.233333333,0.038888889,0.033333333,0.55,0.375,0.484375,0.025,0.083333333,0.046875,0.05,0.0,0.03125,0.0,0.0,0.0,0.0,0,0.075803083,0.333333333,0.216731686,0.473938235
234207,Washington and Lee University,540505977,376800,"Washington and Lee, W&L, WLU",204 West Washington Street,Lexington,VA,24450-2116,www.wlu.edu/,560,2277,3,0,140,128,18561841,14913528,132584.58,116511.94,110286.9382,94108.42955,100,685,258,427,0.071532847,0.02919708,0.013138686,0.39,0.387755102,0.381944444,0.01,0.020408163,0.013888889,0.01,0.020408163,0.013888889,0.01,0.040816327,0.020833333,3.333333333,1.486104919,0.075803083,4.333333333,1.931936395,0.473938235
234377,Wytheville Community College,541268276,376100,WCC,1000 E Main Street,Wytheville,VA,24382-3308,www.wcc.vccs.edu/,434,2119,1,0,8,24,569384,1609530,71173.0,67063.75,110286.9382,94108.42955,100,92,38,54,0.02173913,0.010869565,0.0,0.5,0.727272727,0.0,0.0,0.0,0.0,0.0,0.0,0.0,0.0,0.0,0.0,0.0,0,0.075803083,0.0,0,0.473938235
234669,Bellevue College,910819265,376900,BC,3000 Landerholm Cir SE,Bellevue,WA,98007-6484,https://bellevuecollege.edu/,1822,11472,1,1,82,121,8074713,11809302,98472.11,97597.54,110286.9382,94108.42955,100,515,159,356,0.069902913,0.044660194,0.229126214,0.616666667,0.54,0.576923077,0.0,0.01,0.006410256,0.016666667,0.01,0.012820513,0.15,0.12,0.134615385,0.0,0,0.075803083,3.666666667,0.345358074,0.473938235
234696,Bellingham Technical College,911526618,499900,Bellingham Vocational Technical Institute,3028 Lindbergh Ave,Bellingham,WA,98225-1599,https://www.btc.edu/,560,1850,1,0,33,37,3052213,3694504,92491.3,99851.46,110286.9382,94108.42955,100,167,62,105,0.005988024,0.02994012,0.035928144,0.0,0.0,0.512195122,0.0,0.0,0.0,0.0,0.0,0.0,0.0,0.0,0.024390244,0.0,0,0.075803083,0.0,0,0.473938235
234711,Big Bend Community College,910826741,377000,,7662 Chanute St NE,Moses Lake,WA,98837-3299,https://www.bigbend.edu/,565,1786,1,1,28,20,2439686,1651277,87131.64,82563.85,110286.9382,94108.42955,100,189,54,135,0.015873016,0.291005291,0.005291005,0.0,0.0,0.424242424,0.0,0.0,0.0,0.0,0.0,0.0,0.0,0.0,0.03030303,0.0,0,0.075803083,0.0,0,0.473938235
234827,Central Washington University,916000618,377100,CWU,400 East University Way,Ellensburg,WA,98926,www.cwu.edu/,2344,8796,1,1,224,202,19896951,16462631,88825.67,81498.17,110286.9382,94108.42955,100,874,324,550,0.018306636,0.129290618,0.02173913,0.419753086,0.469879518,0.436734694,0.012345679,0.012048193,0.012244898,0.00617284,0.060240964,0.024489796,0.043209877,0.036144578,0.040816327,3.333333333,0.360087861,0.075803083,18.33333333,1.980483238,0.473938235
234845,Centralia College,916072664,377200,,600 Centralia College Blvd.,Centralia,WA,98531-4099,www.centralia.edu/,495,2335,1,1,28,36,2193399,2904088,78335.68,80669.11,110286.9382,94108.42955,100,230,61,169,0.017391304,0.091304348,0.026086957,0.0,0.0,0.58974359,0.0,0.0,0.0,0.0,0.0,0.025641026,0.0,0.0,0.0,0.0,0,0.075803083,1.333333333,0.585565803,0.473938235
234933,Clark College,910824167,377300,,1933 Fort Vancouver Way,Vancouver,WA,98663-3598,https://www.clark.edu/,1311,7149,1,1,71,107,6685284,10360295,94158.93,96825.19,110286.9382,94108.42955,100,464,146,318,0.021551724,0.038793103,0.056034483,0.0,0.0,0.6,0.0,0.0,0.009090909,0.0,0.0,0.0,0.0,0.0,0.072727273,0.666666667,0.101117347,0.075803083,0.333333333,0.050558673,0.473938235
234951,Clover Park Technical College,911523641,575200,CPTC|Clover Pk|Clover Park|Clover Park Tech,4500 Steilacoom Blvd SW,Lakewood,WA,98499-4004,www.cptc.edu/,602,3040,1,1,59,55,3834629,4076356,64993.71,74115.56,110286.9382,94108.42955,100,138,41,97,0.086956522,0.072463768,0.072463768,0.0,0.0,0.569444444,0.0,0.0,0.041666667,0.0,0.0,0.041666667,0.0,0.0,0.013888889,0.0,0,0.075803083,0.333333333,0.119560019,0.473938235
234979,Columbia Basin College,910824589,377400,CBC,2600 N 20th Ave,Pasco,WA,99301,www.columbiabasin.edu/,1406,6729,1,0,66,73,5225415,5821595,79172.95,79747.88,110286.9382,94108.42955,100,283,92,191,0.024734982,0.247349823,0.021201413,0.0,0.0,0.510204082,0.0,0.0,0.010204082,0.0,0.0,0.051020408,0.0,0.0,0.051020408,0.0,0,0.075803083,0.666666667,0.107665805,0.473938235
235024,Cornish College of the Arts,910916534,1231500,,1000 Lenora Street,Seattle,WA,98121,www.cornish.edu/,74,502,3,0,25,33,1151859,1701248,46074.36,51552.97,110286.9382,94108.42955,100,91,40,51,0.043956044,0.076923077,0.054945055,0.615384615,0.615384615,0.0,0.0,0.076923077,0.0,0.0,0.076923077,0.0,0.0,0.0,0.0,0.0,0,0.075803083,0.0,0,0.473938235
235097,Eastern Washington University,916000624,377500,EWU,526 5th Street,Cheney,WA,99004-2496,www.ewu.edu/,3308,10741,1,1,202,195,18772188,16820236,92931.62,86257.62,110286.9382,94108.42955,100,754,325,429,0.026525199,0.091511936,0.019893899,0.397350993,0.520547945,0.434977578,0.0,0.0,0.0,0.006622517,0.01369863,0.00896861,0.033112583,0.01369863,0.02690583,0.0,0,0.075803083,9.333333333,0.855484265,0.473938235
235103,Edmonds College,910825212,500100,Edmonds,20000 68th Ave W,Lynnwood,WA,98036,www.edmonds.edu/,937,6028,1,1,46,59,3984051,4830443,86609.8,81871.92,110286.9382,94108.42955,100,482,142,340,0.03526971,0.093360996,0.139004149,0.0,0.0,0.518987342,0.0,0.0,0.025316456,0.0,0.0,0.012658228,0.0,0.0,0.037974684,0.0,0,0.075803083,1.666666667,0.289703923,0.473938235
235149,Everett Community College,910759103,377600,,2000 Tower Street,Everett,WA,98201,www.everettcc.edu/,1325,6211,1,1,55,68,4330885,5517728,78743.36,81143.06,110286.9382,94108.42955,100,431,156,275,0.053364269,0.041763341,0.062645012,0.0,0.0,0.553398058,0.0,0.0,0.009708738,0.0,0.0,0.019417476,0.0,0.0,0.058252427,0.666666667,0.110120031,0.075803083,0.666666667,0.110120031,0.473938235
235237,Pierce College District,910821742,500000,Pierce College,9401 Farwest Dr SW,Lakewood,WA,98498-1999,www.pierce.ctc.edu/,1712,7427,1,1,51,82,4328956,6774151,84881.49,82611.6,110286.9382,94108.42955,100,383,134,249,0.09921671,0.044386423,0.062663185,0.0,0.0,0.585858586,0.0,0.0,0.050505051,0.0,0.0,0.01010101,0.0,0.0,0.050505051,0.666666667,0.077205173,0.075803083,2.0,0.231615518,0.473938235
235316,Gonzaga University,910236600,377800,,E 502 Boone Ave,Spokane,WA,99258-0001,https://www.gonzaga.edu/,2040,7306,4,0,250,202,25114092,18378314,100456.37,90981.75,110286.9382,94108.42955,100,877,350,527,0.027366021,0.058152794,0.027366021,0.382978723,0.395348837,0.384937238,0.007092199,0.0,0.0041841,0.028368794,0.023255814,0.025104603,0.021276596,0.015503876,0.020920502,2.0,0.275747966,0.075803083,3.333333333,0.459579944,0.473938235
235334,Grays Harbor College,910589346,377900,GHC,1620 Edward P Smith Drive,Aberdeen,WA,98520-7599,www.ghc.edu/,404,1663,1,1,32,26,2609728,2118119,81554.0,81466.12,110286.9382,94108.42955,100,107,32,75,0.009345794,0.065420561,0.028037383,0.0,0.0,0.454545455,0.0,0.0,0.0,0.0,0.0,0.0,0.0,0.0,0.022727273,0.0,0,0.075803083,0.0,0,0.473938235
235343,Green River College,910814013,378000,GRC,12401 SE 320th St,Auburn,WA,98092-3622,https://www.greenriver.edu/,1569,7361,1,0,86,90,7538485,7941726,87656.8,88241.4,110286.9382,94108.42955,100,415,151,264,0.057831325,0.045783133,0.103614458,0.0,0.0,0.463636364,0.0,0.0,0.009090909,0.0,0.0,0.018181818,0.0,0.0,0.027272727,0.0,0,0.075803083,3.0,0.479846449,0.473938235
235422,Heritage University,911160585,377700,,3240 Fort Rd,Toppenish,WA,98948,www.heritage.edu/,248,835,3,1,25,33,2132864,2479442,85314.56,75134.61,110286.9382,94108.42955,100,122,33,89,0.0,0.606557377,0.008196721,0.384615385,0.388888889,0.0,0.0,0.055555556,0.0,0.076923077,0.0,0.0,0.0,0.055555556,0.0,0.0,0,0.075803083,0.0,0,0.473938235
235431,Highline College,910752489,378100,Highline,2400 S 240th St,Des Moines,WA,98198-9800,www.highline.edu/,990,5126,1,0,61,93,5572362,8363933,91350.2,89934.76,110286.9382,94108.42955,100,347,130,217,0.09221902,0.07204611,0.193083573,0.0,0.0,0.590361446,0.0,0.0,0.012048193,0.0,0.0,0.048192771,0.0,0.0,0.156626506,0.666666667,0.142328494,0.075803083,1.666666667,0.355821235,0.473938235
235547,Bastyr University,911036794,2242500,,14500 Juanita Drive NE,Kenmore,WA,98028-4966,www.bastyr.edu/,240,760,3,0,11,25,962420,2070009,87492.73,82800.36,110286.9382,94108.42955,100,158,30,128,0.037974684,0.0,0.063291139,0.5,0.823529412,0.0,0.0,0.0,0.0,0.0,0.0,0.0,0.1,0.0,0.0,0.0,0,0.075803083,0.0,0,0.473938235
235671,Bates Technical College,911526457,530600,,1101 S Yakima Ave,Tacoma,WA,98405,https://www.batestech.edu/,715,3817,1,1,44,25,3848082,2124893,87456.41,84995.72,110286.9382,94108.42955,100,215,70,145,0.097674419,0.060465116,0.065116279,0.0,0.0,0.424242424,0.0,0.0,0.0,0.0,0.0,0.0,0.0,0.0,0.03030303,0.0,0,0.075803083,0.0,0,0.473938235
235699,Lake Washington Institute of Technology,911523302,537300,LWTech,11605 132nd Ave NE,Kirkland,WA,98034-8506,https://www.lwtech.edu/,747,3357,1,1,31,55,2281154,4180746,73585.61,76013.56,110286.9382,94108.42955,100,214,72,142,0.051401869,0.051401869,0.140186916,0.0,0.0,0.5625,0.0,0.0,0.0,0.0,0.0,0.03125,0.0,0.0,0.03125,0.0,0,0.075803083,0.0,0,0.473938235
235750,Lower Columbia College,910823636,378200,LCC,1600 Maple Street,Longview,WA,98632,https://lowercolumbia.edu/,567,2412,1,1,30,42,2618868,3525934,87295.6,83950.81,110286.9382,94108.42955,100,351,71,280,0.011396011,0.096866097,0.03988604,0.0,0.0,0.510204082,0.0,0.0,0.0,0.0,0.0,0.0,0.0,0.0,0.0,0.0,0,0.075803083,0.0,0,0.473938235
236072,North Seattle College,910826872,970400,NSCC|North Seattle  NSC,9600 College Way North,Seattle,WA,98103-3599,www.northseattle.edu/,700,5017,1,1,33,50,2788830,4428306,84510.0,88566.12,110286.9382,94108.42955,100,316,176,140,0.063291139,0.041139241,0.094936709,0.0,0.0,0.620689655,0.0,0.0,0.034482759,0.0,0.0,0.017241379,0.0,0.0,0.086206897,0.0,0,0.075803083,0.333333333,0.071301248,0.473938235
236188,Olympic College,910823201,378400,OC/Olympic/Olympic Community College/Olympic Jr College,1600 Chester Ave,Bremerton,WA,98337-1699,www.olympic.edu/,1567,5413,1,1,57,76,4966063,5981568,87123.91,78704.84,110286.9382,94108.42955,100,300,99,201,0.036666667,0.036666667,0.083333333,0.0,0.0,0.543209877,0.0,0.0,0.024691358,0.0,0.0,0.012345679,0.0,0.0,0.024691358,1.333333333,0.271831464,0.075803083,0.333333333,0.067957866,0.473938235
236230,Pacific Lutheran University,910565571,378500,PLU,12180 Park Ave South,Tacoma,WA,98447-0003,www.plu.edu/,757,2737,4,0,66,110,5267469,8308710,79810.14,75533.73,110286.9382,94108.42955,100,447,190,257,0.033557047,0.055928412,0.071588367,0.434782609,0.684210526,0.578431373,0.0,0.0,0.0,0.065217391,0.035087719,0.049019608,0.02173913,0.122807018,0.078431373,0.0,0,0.075803083,1.666666667,0.632991518,0.473938235
236258,Peninsula College,910824213,378600,,1502 E Lauridsen Blvd,Port Angeles,WA,98362,www.pencol.edu/,392,1837,1,1,25,29,1854206,2013299,74168.24,69424.1,110286.9382,94108.42955,100,167,61,106,0.0,0.005988024,0.005988024,0.513513514,0.5,0.515151515,0.0,0.0,0.0,0.0,0.0,0.0,0.027027027,0.0,0.03030303,0.666666667,0.421141293,0.075803083,0.0,0,0.473938235
236328,University of Puget Sound,910564961,379700,,1500 N. Warner Street,Tacoma,WA,98416,www.pugetsound.edu/,588,1914,3,0,74,118,8051954,11853428,108810.19,100452.78,110286.9382,94108.42955,100,462,182,280,0.062770563,0.056277056,0.041125541,0.5,0.641025641,0.520325203,0.010204082,0.051282051,0.016260163,0.051020408,0.0,0.040650407,0.010204082,0.102564103,0.040650407,2.666666667,1.318174329,0.075803083,1.333333333,0.659087164,0.473938235
236382,Renton Technical College,911522175,1043400,,3000 NE Fourth St,Renton,WA,98056-4123,www.rtc.edu/,548,3060,1,0,38,38,3481616,3657941,91621.47,96261.61,110286.9382,94108.42955,100,196,69,127,0.137755102,0.096938776,0.198979592,0.0,0.0,0.553191489,0.0,0.0,0.042553191,0.0,0.0,0.021276596,0.0,0.0,0.063829787,0.0,0,0.075803083,0.333333333,0.108506944,0.473938235
236452,Saint Martin's University,910564993,379400,,5000 Abbey Way SE,Lacey,WA,98503-7500,https://www.stmartin.edu/,571,1505,4,0,51,58,3672949,3922056,72018.61,67621.66,110286.9382,94108.42955,100,194,84,110,0.092783505,0.051546392,0.06185567,0.375,0.523809524,0.467741935,0.0,0.0,0.0,0.0,0.0,0.0,0.0,0.023809524,0.016129032,0.0,0,0.075803083,1.0,0.62150404,0.473938235
236504,South Seattle College,910826872,970600,Seattle South|South Seattle|SSCC|South Sea|Sea South|SSC|South CC,6000 16th Ave SW,Seattle,WA,98106-1499,southseattle.edu/,531,5295,1,1,41,29,2750984,2326004,67097.17,80207.03,110286.9382,94108.42955,100,254,156,98,0.07480315,0.023622047,0.125984252,0.0,0.0,0.452380952,0.0,0.0,0.0,0.0,0.0,0.0,0.0,0.0,0.071428571,0.0,0,0.075803083,0.666666667,0.136026661,0.473938235
236513,Seattle Central College,910826872,378700,Seattle Central College|Sea Central|Central Seattle|SCCC|SCC|Seattle CC|Seattle Central CC,1701 Broadway Avenue,Seattle,WA,98122,seattlecentral.edu/,1097,5210,1,0,58,74,5253751,6919059,90581.91,93500.8,110286.9382,94108.42955,100,523,293,230,0.116634799,0.028680688,0.154875717,0.0,0.0,0.563218391,0.0,0.0,0.045977011,0.0,0.0,0.068965517,0.0,0.0,0.103448276,2.666666667,0.595770033,0.075803083,0.666666667,0.148942508,0.473938235
236577,Seattle Pacific University,910565553,378800,SPU,3307 3rd Ave W,Seattle,WA,98119-1997,https://spu.edu/,989,2659,4,0,82,94,7411283,7935547,90381.5,84420.71,110286.9382,94108.42955,100,321,135,186,0.034267913,0.065420561,0.07788162,0.350877193,0.659574468,0.466666667,0.01754386,0.021276596,0.022222222,0.0,0.021276596,0.0,0.01754386,0.127659574,0.055555556,0.0,0,0.075803083,3.0,0.962155228,0.473938235
236595,Seattle University,910565006,379000,Seattle U,900 Broadway,Seattle,WA,98122-4340,www.seattleu.edu/,2311,7182,4,0,227,299,23529755,28396129,103655.31,94970.33,110286.9382,94108.42955,100,795,302,493,0.077987421,0.067924528,0.143396226,0.5,0.537572254,0.489451477,0.034482759,0.005780347,0.021097046,0.025862069,0.046242775,0.033755274,0.094827586,0.075144509,0.097046414,4.666666667,0.65533867,0.075803083,3.666666667,0.514908955,0.473938235
236610,Shoreline Community College,965362995,379100,,16101 Greenwood Ave N,Shoreline,WA,98133-5696,www.shoreline.edu/,1007,4460,1,1,45,74,3706997,5886319,82377.71,79544.85,110286.9382,94108.42955,100,263,78,185,0.049429658,0.041825095,0.182509506,0.0,0.0,0.606557377,0.0,0.0,0.016393443,0.0,0.0,0.016393443,0.0,0.0,0.016393443,0.0,0,0.075803083,1.666666667,0.377244605,0.473938235
236638,Skagit Valley College,910822539,379200,,2405 E. College Way,Mount Vernon,WA,98273,www.skagit.edu/,842,4098,1,1,43,59,3676936,5055427,85510.14,85685.2,110286.9382,94108.42955,100,384,96,288,0.020833333,0.138020833,0.026041667,0.0,0.0,0.611940299,0.0,0.0,0.014925373,0.0,0.0,0.0,0.0,0.0,0.029850746,1.333333333,0.345423143,0.075803083,0.666666667,0.172711572,0.473938235
236656,South Puget Sound Community College,911409321,537200,,2011 Mottman Rd SW,Olympia,WA,98512-6292,www.spscc.edu/,887,4252,1,1,44,51,3310943,3744139,75248.7,73414.49,110286.9382,94108.42955,100,244,96,148,0.036885246,0.024590164,0.086065574,0.0,0.0,0.484375,0.0,0.0,0.0,0.0,0.0,0.0,0.0,0.0,0.015625,0.666666667,0.175994368,0.075803083,0.0,0,0.473938235
236692,Spokane Community College,910824678,379300,,1810 North Greene Street,Spokane,WA,99217-5399,https://scc.spokane.edu/,1304,6286,1,1,104,97,8594973,8236989,82643.97,84917.41,110286.9382,94108.42955,100,654,154,500,0.027522936,0.042813456,0.051987768,0.0,0.0,0.510204082,0.0,0.0,0.0,0.0,0.0,0.013605442,0.0,0.0,0.020408163,0.666666667,0.102532554,0.075803083,1.0,0.153798831,0.473938235
236708,Spokane Falls Community College,910824678,954400,,3410 W Whistalks Way,Spokane,WA,99224-5288,https://sfcc.spokane.edu/,966,3903,1,1,60,67,4981537,5582308,83025.62,83318.03,110286.9382,94108.42955,100,122,31,91,0.024590164,0.073770492,0.024590164,0.0,0.0,0.52,0.0,0.0,0.0,0.0,0.0,0.0,0.0,0.0,0.04,6.666666667,1.756697409,0.075803083,19.33333333,5.094422486,0.473938235
236753,Tacoma Community College,910824677,379600,,6501 S 19th St,Tacoma,WA,98466-6100,https://www.tacomacc.edu/,1402,5771,1,1,59,74,5200217,6305245,88139.27,85206.01,110286.9382,94108.42955,100,405,151,254,0.120987654,0.079012346,0.083950617,0.0,0.0,0.530612245,0.0,0.0,0.030612245,0.0,0.0,0.020408163,0.0,0.0,0.040816327,0.0,0,0.075803083,0.0,0,0.473938235
236887,Walla Walla Community College,910821964,500600,,500 Tausick Way,Walla Walla,WA,99362-9267,https://www.wwcc.edu/,753,2982,1,1,62,54,5203003,4644130,83919.4,86002.41,110286.9382,94108.42955,100,214,77,137,0.0,0.14953271,0.004672897,0.0,0.0,0.470588235,0.0,0.0,0.019607843,0.0,0.0,0.0,0.0,0.0,0.019607843,0.0,0,0.075803083,0.333333333,0.125219133,0.473938235
236896,Walla Walla University,910617727,379900,Walla Walla College,204 S College Ave,College Place,WA,99324-1198,https://www.wallawalla.edu/,453,1397,4,0,42,30,3012225,2066894,71719.64,68896.47,110286.9382,94108.42955,100,145,60,85,0.013793103,0.137931034,0.055172414,0.333333333,0.333333333,0.394736842,0.0,0.0,0.0,0.0,0.055555556,0.026315789,0.0,0.0,0.0,0.0,0,0.075803083,1.666666667,1.163873371,0.473938235
236939,Washington State University,916001108,380000,,French Administration Building,Pullman,WA,99164-5910,https://wsu.edu/,7484,26490,1,1,740,580,84930217,55730768,114770.56,96087.53,110286.9382,94108.42955,100,4771,1941,2830,0.014252777,0.058478306,0.040871935,0.31773399,0.446808511,0.344773791,0.0,0.006382979,0.003120125,0.014778325,0.017021277,0.012480499,0.02955665,0.036170213,0.031201248,6.666666667,0.242080928,0.075803083,17.0,0.617306366,0.473938235
236948,University of Washington-Seattle Campus,916001537,379800,"UW-Seattle, UDub, UW, Washington",1400 NE Campus Parkway,Seattle,WA,98195-4550,https://www.washington.edu/,14274,55620,1,1,1117,1024,164894660,131787016,147622.79,128698.26,110286.9382,94108.42955,100,15634,5921,9713,0.050083152,0.065882052,0.165344761,0.371660859,0.490196078,0.404367165,0.011614402,0.01815541,0.013748484,0.017421603,0.029048656,0.019813991,0.06039489,0.092955701,0.07278609,7.666666667,0.14653695,0.075803083,45.66666667,0.872850526,0.473938235
236975,Wenatchee Valley College,910817705,380100,WVC,1300 Fifth St,Wenatchee,WA,98801-1799,www.wvc.edu/,694,2819,1,0,36,52,3516521,4660186,97681.14,89618.96,110286.9382,94108.42955,100,172,67,105,0.011627907,0.296511628,0.023255814,0.0,0.0,0.523076923,0.0,0.0,0.015384615,0.0,0.0,0.015384615,0.0,0.0,0.046153846,0.0,0,0.075803083,0.333333333,0.131804402,0.473938235
237011,Western Washington University,916000562,380200,,516 High Street,Bellingham,WA,98225-9008,wwu.edu/,3533,14651,1,1,357,329,39203289,31757749,109813.13,96528.11,110286.9382,94108.42955,100,1119,438,681,0.017873101,0.048257373,0.048257373,0.399176955,0.475490196,0.432735426,0.004115226,0.0,0.002242152,0.012345679,0.039215686,0.024663677,0.032921811,0.053921569,0.042600897,1.333333333,0.090413869,0.075803083,13.0,0.881535228,0.473938235
237039,Whatcom Community College,910855768,1036400,,237 W Kellogg Rd,Bellingham,WA,98226,whatcom.edu/,833,3490,1,0,36,53,3327454,4814929,92429.28,90847.72,110286.9382,94108.42955,100,219,82,137,0.02739726,0.082191781,0.068493151,0.0,0.0,0.577464789,0.0,0.0,0.0,0.0,0.0,0.014084507,0.0,0.0,0.042253521,0.0,0,0.075803083,1.333333333,0.399201597,0.473938235
237057,Whitman College,910567740,380300,,345 Boyer Ave,Walla Walla,WA,99362,www.whitman.edu/,355,1544,3,0,106,86,10115735,8136235,95431.46,94607.38,110286.9382,94108.42955,100,322,144,178,0.046583851,0.173913043,0.02484472,0.363636364,0.540983607,0.469387755,0.0,0.016393443,0.010204082,0.0,0.0,0.0,0.045454545,0.06557377,0.051020408,0.666666667,0.446528243,0.075803083,2.0,1.339584729,0.473938235
237066,Whitworth University,910473310,380400,Whitworth College,300 W Hawthorne Rd,Spokane,WA,99251,www.whitworth.edu/,739,2345,4,0,93,88,7103434,6236911,76381.01,70873.99,110286.9382,94108.42955,100,311,118,193,0.019292605,0.061093248,0.038585209,0.42,0.469387755,0.434210526,0.0,0.020408163,0.013157895,0.02,0.020408163,0.026315789,0.0,0.0,0.0,0.0,0,0.075803083,2.333333333,0.966183575,0.473938235
237109,Yakima Valley College,910671107,380500,YVC,South 16th Ave. & Nob Hill Blvd.,Yakima,WA,98907-2520,https://www.yvcc.edu/,821,3523,1,0,66,66,4960167,5198164,75154.05,78760.06,110286.9382,94108.42955,100,251,90,161,0.015936255,0.322709163,0.011952191,0.0,0.0,0.462962963,0.0,0.0,0.0,0.0,0.0,0.074074074,0.0,0.0,0.018518519,0.0,0,0.075803083,1.0,0.304971028,0.473938235
237136,Appalachian Bible College,550370901,754400,ABC,161 College Drive,Mount Hope,WV,25880-9557,https://abc.edu/,59,218,4,0,10,6,418128,224957,41812.8,37492.83,110286.9382,94108.42955,100,40,23,17,0.0,0.0,0.0,0.333333333,0.5,0.0,0.0,0.0,0.0,0.0,0.0,0.0,0.0,0.0,0.0,0.0,0,0.075803083,0.0,0,0.473938235
237215,Bluefield State University,556000751,380900,,219 Rock Street,Bluefield,WV,24701-2198,https://bluefieldstate.edu/,210,1270,1,0,31,29,2150967,1842802,69386.03,63544.9,110286.9382,94108.42955,100,121,64,57,0.247933884,0.016528926,0.0,0.333333333,0.375,0.379310345,0.0,0.0625,0.034482759,0.0,0.0,0.0,0.0,0.0,0.0,0.0,0,0.075803083,0.333333333,0.255232261,0.473938235
237312,University of Charleston,550357039,381800,,"2300 MacCorkle Avenue,  SE",Charleston,WV,25304,www.ucwv.edu/,984,2758,3,0,45,73,3545447,5519560,78787.71,75610.41,110286.9382,94108.42955,100,209,120,89,0.100478469,0.014354067,0.004784689,0.272727273,0.545454545,0.0,0.0,0.0,0.0,0.0,0.0,0.0,0.0,0.0,0.0,0.0,0,0.075803083,0.333333333,0.108968072,0.473938235
237330,Concord University,556000761,381000,,1000 Vermillion Street,Athens,WV,24712,https://www.concord.edu/,438,1798,1,1,48,58,3245221,4215967,67608.77,72689.09,110286.9382,94108.42955,100,169,73,96,0.035502959,0.00591716,0.01183432,0.482758621,0.5,0.477272727,0.0,0.0,0.0,0.0,0.0,0.0,0.0,0.0,0.0,0.0,0,0.075803083,0.0,0,0.473938235
237358,Davis & Elkins College,550357021,381100,"Davis and Elkins College, D&E College, D&E",100 Campus Dr,Elkins,WV,26241-3996,www.dewv.edu/,151,683,4,0,17,31,876877,1582098,51581.0,51035.42,110286.9382,94108.42955,100,150,58,92,0.04,0.02,0.02,0.714285714,0.692307692,0.833333333,0.0,0.0,0.0,0.0,0.0,0.0,0.0,0.076923077,0.0,0.0,0,0.075803083,3.333333333,5.128205128,0.473938235
237367,Fairmont State University,556000778,381200,Fairmont State College,1201 Locust Ave,Fairmont,WV,26554-2470,https://www.fairmontstate.edu/,810,3307,1,0,77,82,5338491,5129300,69331.05,62552.44,110286.9382,94108.42955,100,309,131,178,0.022653722,0.01618123,0.009708738,0.366666667,0.392857143,0.396226415,0.0,0.0,0.0,0.0,0.0,0.0,0.0,0.0,0.0,0.0,0,0.075803083,2.0,0.571755289,0.473938235
237385,Glenville State University,556000779,381300,,200 High Street,Glenville,WV,26351-1292,www.glenville.edu/,270,1633,1,0,44,20,2590193,1176265,58868.02,58813.25,110286.9382,94108.42955,100,169,83,86,0.023668639,0.01183432,0.0,0.285714286,0.25,0.290322581,0.0,0.0,0.0,0.0,0.0,0.0,0.0,0.0,0.0,0.0,0,0.075803083,0.333333333,0.204498978,0.473938235
237525,Marshall University,556000789,381500,,1 John Marshall Dr,Huntington,WV,25755,https://www.marshall.edu/,2561,11027,1,1,279,246,23123937,18425906,82881.49,74902.06,110286.9382,94108.42955,100,924,410,514,0.08008658,0.025974026,0.016233766,0.357142857,0.441964286,0.42408377,0.008403361,0.017857143,0.013089005,0.004201681,0.008928571,0.005235602,0.016806723,0.044642857,0.028795812,0.0,0,0.075803083,1.666666667,0.155894366,0.473938235
237686,West Virginia University at Parkersburg,550523820,382800,,300 Campus Drive,Parkersburg,WV,26104,www.wvup.edu/,536,2584,1,0,23,35,1493430,1870478,64931.74,53442.23,110286.9382,94108.42955,100,127,45,82,0.0,0.0,0.0,0.384615385,0.5,0.0,0.0,0.0,0.0,0.0,0.0,0.0,0.0,0.0,0.0,0.0,0,0.075803083,0.0,0,0.473938235
237701,Potomac State College of West Virginia University,556000793,382711,,101 Fort Ave,Keyser,WV,26726,www.potomacstatecollege.edu/,249,1143,1,0,19,30,1386471,1831583,72972.16,61052.77,110286.9382,94108.42955,100,79,36,43,0.037974684,0.0,0.0,0.529411765,0.428571429,0.555555556,0.0,0.0,0.0,0.0,0.0,0.0,0.0,0.0,0.0,0.0,0,0.075803083,1.333333333,1.164483261,0.473938235
237792,Shepherd University,556000799,382200,,301 North King St,Shepherdstown,WV,25443,www.shepherd.edu/,583,3318,1,0,62,62,4345231,4255237,70084.37,68632.85,110286.9382,94108.42955,100,221,78,143,0.067873303,0.013574661,0.018099548,0.5,0.463414634,0.486486486,0.029411765,0.0,0.013513514,0.0,0.0,0.0,0.029411765,0.024390244,0.027027027,0.0,0,0.075803083,2.666666667,0.824317362,0.473938235
237817,Southern West Virginia Community and Technical College,550524702,381600,,100 College Drive,Logan,WV,25601,https://www.southernwv.edu/,301,1461,1,0,19,38,969173,1979737,51009.11,52098.34,110286.9382,94108.42955,100,102,41,61,0.0,0.0,0.0,0.7,0.769230769,0.0,0.0,0.0,0.0,0.0,0.0,0.0,0.1,0.0,0.0,0.0,0,0.075803083,0.0,0,0.473938235
237899,West Virginia State University,556000839,382600,WVSU; STATE,Rte 25,Institute,WV,25112-1000,www.wvstateu.edu/,347,3458,1,0,61,40,4169239,2625019,68348.18,65625.48,110286.9382,94108.42955,100,128,63,65,0.28125,0.0234375,0.0234375,0.342857143,0.307692308,0.333333333,0.028571429,0.038461538,0.066666667,0.0,0.0,0.0,0.057142857,0.038461538,0.033333333,0.0,0,0.075803083,3.333333333,0.880669309,0.473938235
237932,West Liberty University,556000822,382300,,208 University Drive,West Liberty,WV,26074,www.westliberty.edu/,516,2348,1,0,72,81,4173651,4927716,57967.38,60836.0,110286.9382,94108.42955,100,186,85,101,0.021505376,0.005376344,0.0,0.377777778,0.53125,0.40625,0.0,0.03125,0.015625,0.0,0.0,0.0,0.044444444,0.0,0.03125,0.0,0,0.075803083,4.0,1.727861771,0.473938235
237950,West Virginia University Institute of Technology,560008300,382701,West Virginia University Tech,512 South Kanawha Street,Beckley,WV,25801,www.wvutech.edu/,163,1448,1,0,50,32,3942289,2297724,78845.78,71803.88,110286.9382,94108.42955,100,117,59,58,0.170940171,0.017094017,0.008547009,0.333333333,0.48,0.416666667,0.066666667,0.0,0.027777778,0.0,0.04,0.0,0.0,0.04,0.027777778,0.0,0,0.075803083,1.333333333,0.900292595,0.473938235
237969,West Virginia Wesleyan College,550357056,383000,,59 College Ave,Buckhannon,WV,26201-2994,www.wvwc.edu/,226,991,4,0,28,35,1521540,2009239,54340.71,57406.83,110286.9382,94108.42955,100,184,89,95,0.065217391,0.010869565,0.005434783,0.444444444,0.655172414,0.58974359,0.0,0.0,0.0,0.0,0.0,0.0,0.0,0.0,0.0,0.0,0,0.075803083,0.333333333,0.350508237,0.473938235
238014,West Virginia Northern Community College,550530182,905400,WVNCC,1704 Market St.,Wheeling,WV,26003-3699,www.wvncc.edu/,263,1263,1,0,22,33,1288293,1769837,58558.77,53631.42,110286.9382,94108.42955,100,77,27,50,0.038961039,0.0,0.025974026,0.428571429,0.833333333,1.0,0.0,0.0,0.0,0.0,0.0,0.0,0.142857143,0.0,0.0,0.0,0,0.075803083,0.0,0,0.473938235
238032,West Virginia University,556000793,382700,,PO Box 6201,Morgantown,WV,26506,www.wvu.edu/,6274,24200,1,1,590,501,71429574,49846371,121067.07,99493.75,110286.9382,94108.42955,100,4478,2135,2343,0.033497097,0.014068781,0.04711925,0.332579186,0.473067916,0.354531002,0.009049774,0.004683841,0.007949126,0.002262443,0.014051522,0.004769475,0.024886878,0.044496487,0.033386328,0.0,0,0.075803083,22.66666667,0.916158064,0.473938235
238078,Wheeling University,550394213,383100,,316 Washington Ave,Wheeling,WV,26003,www.wheeling.edu/,128,748,4,0,12,20,557000,1054868,46416.67,52743.4,110286.9382,94108.42955,100,60,32,28,0.133333333,0.05,0.0,0.666666667,0.333333333,0.5,0.0,0.0,0.0,0.0,0.0,0.0,0.222222222,0.0,0.0,0.0,0,0.075803083,0.0,0,0.473938235
238193,Alverno College,390806263,383200,,3400 S 43rd  St,Milwaukee,WI,53234-3922,https://www.alverno.edu/,601,1719,4,1,16,69,1046504,4393678,65406.5,63676.49,110286.9382,94108.42955,100,169,30,139,0.136094675,0.100591716,0.00591716,0.678571429,0.826086957,0.711538462,0.035714286,0.086956522,0.038461538,0.0,0.043478261,0.038461538,0.035714286,0.0,0.019230769,0.0,0,0.075803083,0.666666667,0.417710944,0.473938235
238324,Bellin College,391620530,663900,,3201 Eaton Road,Green Bay,WI,54311,https://www.bellincollege.edu/,176,836,3,0,2,29,196040,2331951,98020.0,80412.1,110286.9382,94108.42955,100,75,27,48,0.0,0.013333333,0.0,0.0,0.5,0.0,0.0,0.0,0.0,0.0,0.0,0.0,0.0,0.0,0.0,0.0,0,0.075803083,0.0,0,0.473938235
238333,Beloit College,390808497,383500,,700 College St,Beloit,WI,53511-5595,www.beloit.edu/,211,948,3,0,38,40,2570838,2675530,67653.63,66888.25,110286.9382,94108.42955,100,195,63,132,0.092307692,0.056410256,0.020512821,0.481481481,0.684210526,0.555555556,0.0,0.0,0.0,0.037037037,0.0,0.022222222,0.074074074,0.0,0.044444444,2.0,2.074688797,0.075803083,2.333333333,2.420470263,0.473938235
238458,Carroll University,390806325,383800,,100 N East Ave,Waukesha,WI,53186,www.carrollu.edu/,895,3176,4,0,54,101,4468879,8260707,82757.02,81789.18,110286.9382,94108.42955,100,380,149,231,0.028947368,0.047368421,0.013157895,0.5,0.627906977,0.466666667,0.0,0.0,0.0,0.0,0.0,0.0,0.0,0.0,0.0,0.666666667,0.203066301,0.075803083,1.666666667,0.507665753,0.473938235
238476,Carthage College,370661496,383900,Carthage,2001 Alford Park Dr,Kenosha,WI,53140-1994,www.carthage.edu/,617,2771,4,0,72,69,5901986,4914174,81972.03,71219.91,110286.9382,94108.42955,100,310,159,151,0.058064516,0.064516129,0.009677419,0.275,0.547169811,0.357142857,0.0,0.0,0.0,0.0,0.018867925,0.014285714,0.025,0.037735849,0.042857143,3.333333333,1.24984377,0.075803083,1.666666667,0.624921885,0.473938235
238616,Concordia University-Wisconsin,390833608,384200,CUW,12800 N Lake Shore Dr,Mequon,WI,53097-2402,https://www.cuw.edu/,1223,5063,4,0,105,112,9701100,10231600,92391.43,91353.57,110286.9382,94108.42955,100,383,152,231,0.033942559,0.010443864,0.010443864,0.4,0.50877193,0.0,0.0,0.035087719,0.0,0.0,0.0,0.0,0.0,0.0,0.0,0.0,0,0.075803083,2.666666667,0.534616413,0.473938235
238661,Edgewood College,390806202,384800,,1000 Edgewood College Drive,Madison,WI,53711-1997,www.edgewood.edu/,463,2001,4,0,33,55,2178153,3442105,66004.64,62583.73,110286.9382,94108.42955,100,229,97,132,0.074235808,0.065502183,0.021834061,0.526315789,0.533333333,0.552631579,0.0,0.0,0.0,0.105263158,0.0,0.052631579,0.052631579,0.033333333,0.052631579,0.0,0,0.075803083,1.0,0.533049041,0.473938235
238980,Lakeland University,390821861,385400,,W3718 South Drive,Plymouth,WI,53073,www.lakeland.edu/,567,2786,4,1,17,15,1113150,1126100,65479.41,75073.33,110286.9382,94108.42955,100,180,90,90,0.027777778,0.016666667,0.027777778,0.375,0.3,0.352941176,0.0,0.0,0.0,0.0,0.0,0.0,0.125,0.0,0.058823529,0.0,0,0.075803083,0.666666667,0.277085065,0.473938235
239017,Lawrence University,390806297,385600,Lawrence,College Ave,Appleton,WI,54911,https://www.lawrence.edu/,326,1410,3,0,83,93,6797451,7080913,81897.0,76138.85,110286.9382,94108.42955,100,317,117,200,0.044164038,0.041009464,0.009463722,0.342857143,0.52,0.457142857,0.0,0.013333333,0.00952381,0.057142857,0.013333333,0.028571429,0.0,0.066666667,0.047619048,0.0,0,0.075803083,5.666666667,3.973819542,0.473938235
239071,Maranatha Baptist University,391097032,2317200,"MBBC, Maranatha College, Maranatha, Maranatha Baptist College, Maranatha Bible College, Maranatha Baptist Bible College, Marantha, Maranatha University, Maranatha Baptist University, MBU, Maranatha Bible University",745 West Main Street,Watertown,WI,53094,www.mbu.edu/,218,977,4,0,31,15,1100237,585232,35491.52,39015.47,110286.9382,94108.42955,100,108,43,65,0.0,0.037037037,0.009259259,0.181818182,0.434782609,0.0,0.0,0.0,0.0,0.0,0.0,0.0,0.0,0.0,0.0,0.0,0,0.075803083,0.0,0,0.473938235
239105,Marquette University,390806251,386300,,1250 W Wisconsin Avenue,Milwaukee,WI,53233,www.marquette.edu/,3196,11373,4,1,337,327,38114319,31155916,113098.87,95278.03,110286.9382,94108.42955,100,1493,555,938,0.111855325,0.078365707,0.032819826,0.402366864,0.452830189,0.416949153,0.017751479,0.014150943,0.020338983,0.017751479,0.014150943,0.016949153,0.023668639,0.033018868,0.027118644,2.0,0.179099131,0.075803083,7.333333333,0.656696815,0.473938235
239309,Milwaukee Institute of Art & Design,391201561,2077100,MIAD,273 E Erie St,Milwaukee,WI,53202-6003,www.miad.edu/,191,885,3,0,26,31,1351546,1718833,51982.54,55446.23,110286.9382,94108.42955,100,104,34,70,0.019230769,0.076923077,0.009615385,0.444444444,0.4375,0.0,0.0,0.0,0.0,0.0,0.0,0.0,0.055555556,0.0,0.0,0.0,0,0.075803083,0.0,0,0.473938235
239318,Milwaukee School of Engineering,390477970,386800,MSOE,1025 N Broadway,Milwaukee,WI,53202-3109,www.msoe.edu/,641,2834,3,0,115,58,10907152,5179253,94844.8,89297.47,110286.9382,94108.42955,100,287,158,129,0.128919861,0.06271777,0.013937282,0.317073171,0.358490566,0.0,0.0,0.018867925,0.0,0.0,0.0,0.0,0.0,0.0,0.0,0.0,0,0.075803083,0.0,0,0.473938235
239390,Mount Mary University,390806154,386900,Mount Mary College MMU MMC,2900 N. Menomonee River Pky,Milwaukee,WI,53222-4597,www.mtmary.edu/,280,1224,4,0,7,59,432593,3820712,61799.0,64757.83,110286.9382,94108.42955,100,152,45,107,0.085526316,0.072368421,0.026315789,0.777777778,0.888888889,0.84,0.0,0.0,0.0,0.0,0.0,0.0,0.0,0.0,0.0,0.0,0,0.075803083,0.666666667,0.556483027,0.473938235
239512,Northland College,390806428,387500,,1411 Ellis Avenue,Ashland,WI,54806-3999,https://www.northland.edu/,109,485,3,0,26,22,1677171,1248646,64506.58,56756.64,110286.9382,94108.42955,100,90,34,56,0.0,0.0,0.0,0.4375,0.2,0.32,0.0,0.0,0.0,0.0,0.0,0.0,0.0,0.0,0.0,1.333333333,2.574002574,0.075803083,1.0,1.930501931,0.473938235
239628,Ripon College,390826049,388400,,300 West Seward Street,Ripon,WI,54971-0248,www.ripon.edu/,166,734,3,0,24,24,1707861,1706486,71160.88,71103.58,110286.9382,94108.42955,100,141,74,67,0.007092199,0.021276596,0.007092199,0.444444444,0.5,0.457142857,0.0,0.0,0.0,0.0,0.055555556,0.028571429,0.0,0.0,0.0,0.0,0,0.075803083,2.333333333,3.046127067,0.473938235
239716,Saint Norbert College,391399196,389200,SNC,100 Grant St,De Pere,WI,54115-2099,www.snc.edu/,407,2165,4,1,63,63,5417243,4861009,85987.98,77158.87,110286.9382,94108.42955,100,452,171,281,0.011061947,0.039823009,0.013274336,0.310344828,0.612244898,0.488095238,0.0,0.0,0.0,0.0,0.06122449,0.035714286,0.034482759,0.0,0.011904762,0.0,0,0.075803083,2.0,1.062699256,0.473938235
240107,Viterbo University,390978445,391100,Viterbo,900 Viterbo Drive,La Crosse,WI,54601-8804,https://www.viterbo.edu/,922,2301,4,0,45,53,2800810,3272330,62240.22,61742.08,110286.9382,94108.42955,100,246,92,154,0.008130081,0.024390244,0.020325203,0.470588235,0.433333333,0.511627907,0.0,0.0,0.0,0.0,0.033333333,0.023255814,0.0,0.0,0.0,2.666666667,1.08577633,0.075803083,0.666666667,0.271444083,0.473938235
240189,University of Wisconsin-Whitewater,391805963,392600,,800 W Main St,Whitewater,WI,53190-1790,www.uww.edu/,2648,11519,1,1,239,224,19871455,16904674,83144.16,75467.29,110286.9382,94108.42955,100,629,248,381,0.033386328,0.06518283,0.020667727,0.419047619,0.461538462,0.444444444,0.0,0.0,0.0,0.028571429,0.0,0.011494253,0.047619048,0.076923077,0.0651341,0.0,0,0.075803083,3.666666667,0.330956464,0.473938235
240268,University of Wisconsin-Eau Claire,391805963,391700,,105 Garfield Ave,Eau Claire,WI,54701,www.uwec.edu/,2312,9991,1,1,203,222,16832969,17512320,82921.03,78884.32,110286.9382,94108.42955,100,754,274,480,0.0066313,0.017241379,0.034482759,0.432258065,0.6,0.480349345,0.019354839,0.0125,0.017467249,0.025806452,0.025,0.026200873,0.058064516,0.075,0.065502183,4.0,0.395882819,0.075803083,4.333333333,0.428873054,0.473938235
240277,University of Wisconsin-Green Bay,391805963,389900,,2420 Nicolet Dr,Green Bay,WI,54311-7001,www.uwgb.edu/,1729,10326,1,0,133,131,9981530,8782279,75049.1,67040.3,110286.9382,94108.42955,100,507,183,324,0.013806706,0.035502959,0.045364892,0.390243902,0.459183673,0.391666667,0.0,0.010204082,0.008333333,0.0,0.020408163,0.008333333,0.024390244,0.040816327,0.033333333,0.0,0,0.075803083,2.333333333,0.243080876,0.473938235
240329,University of Wisconsin-La Crosse,391805963,391900,,1725 State St,La Crosse,WI,54601-9959,www.uwlax.edu/,2364,10299,1,1,236,229,17735464,16643411,75150.27,72678.65,110286.9382,94108.42955,100,634,299,335,0.015772871,0.020504732,0.045741325,0.484615385,0.561728395,0.502222222,0.0,0.0,0.0,0.007692308,0.00617284,0.008888889,0.061538462,0.043209877,0.062222222,0.0,0,0.075803083,7.0,0.681331516,0.473938235
240338,Wisconsin Lutheran College,237179639,2136600,"WLC, Wisconsin Lutheran",8800 W Bluemound Rd,Milwaukee,WI,53226-4699,www.wlc.edu/,212,1094,4,0,36,30,2436398,1836266,67677.72,61208.87,110286.9382,94108.42955,100,134,74,60,0.029850746,0.037313433,0.007462687,0.411764706,0.375,0.0,0.0,0.0,0.0,0.0,0.0,0.0,0.0,0.0,0.0,1.333333333,1.227747084,0.075803083,0.0,0,0.473938235
240365,University of Wisconsin-Oshkosh,391805963,392000,,800 Algoma Blvd,Oshkosh,WI,54901,https://www.uwosh.edu/,2103,13761,1,1,195,186,15925911,14224331,81671.34,76474.9,110286.9382,94108.42955,100,821,263,558,0.021924482,0.031668697,0.028014616,0.441176471,0.392156863,0.415254237,0.0,0.0,0.0,0.014705882,0.0,0.008474576,0.029411765,0.029411765,0.029661017,0.666666667,0.048644047,0.075803083,2.333333333,0.170254165,0.473938235
240374,University of Wisconsin-Parkside,391805963,501500,,900 Wood Rd,Kenosha,WI,53144,https://www.uwp.edu/,944,4008,1,0,81,69,6191691,5013750,76440.63,72663.04,110286.9382,94108.42955,100,238,78,160,0.050420168,0.092436975,0.016806723,0.260869565,0.431034483,0.382716049,0.0,0.051724138,0.037037037,0.086956522,0.0,0.024691358,0.086956522,0.086206897,0.086419753,0.0,0,0.075803083,0.0,0,0.473938235
240392,Herzing University-Madison,271503981,962100,,5218 E. Terrace Dr.,Madison,WI,53718,https://www.herzing.edu/,1316,4238,3,0,8,70,675713,5666424,84464.12,80948.91,110286.9382,94108.42955,100,359,116,243,0.169916435,0.066852368,0.019498607,0.857142857,0.928571429,0.0,0.114285714,0.142857143,0.0,0.028571429,0.142857143,0.0,0.0,0.0,0.0,0.0,0,0.075803083,0.333333333,0.095978501,0.473938235
240417,University of Wisconsin-Stout,391805963,391500,,712 S Broadway St,Menomonie,WI,54751,www.uwstout.edu/,1734,6951,1,1,153,123,11478113,8720504,75020.35,70898.41,110286.9382,94108.42955,100,609,209,400,0.008210181,0.013136289,0.034482759,0.458333333,0.44,0.452054795,0.0,0.0,0.0,0.020833333,0.0,0.01369863,0.09375,0.04,0.075342466,0.0,0,0.075803083,1.0,0.138236107,0.473938235
240426,University of Wisconsin-Superior,391805963,392500,,1605 Catlin Ave,Superior,WI,54880-4500,https://www.uwsuper.edu/,600,2726,1,0,47,68,3257249,4095457,69303.17,60227.31,110286.9382,94108.42955,100,226,80,146,0.004424779,0.013274336,0.004424779,0.405405405,0.444444444,0.418181818,0.0,0.0,0.0,0.027027027,0.0,0.018181818,0.054054054,0.0,0.036363636,0.0,0,0.075803083,0.666666667,0.24600246,0.473938235
240444,University of Wisconsin-Madison,391805963,389500,,500 Lincoln Dr,Madison,WI,53706-1380,www.wisc.edu/,12507,49605,1,1,1339,1120,205330836,144359607,153346.4,128892.51,110286.9382,94108.42955,100,15142,6085,9057,0.030246995,0.056267336,0.063862105,0.345414201,0.450134771,0.361187845,0.01035503,0.020215633,0.01519337,0.013313609,0.013477089,0.01519337,0.046597633,0.045822102,0.049033149,8.0,0.163412043,0.075803083,42.0,0.857913228,0.473938235
240453,University of Wisconsin-Milwaukee,391805963,389600,UWM,2200 E Kenwood Blvd,Milwaukee,WI,53211,uwm.edu/,5337,22481,1,1,501,458,47714431,37269174,95238.39,81373.74,110286.9382,94108.42955,100,1880,767,1113,0.106914894,0.061170213,0.044148936,0.346938776,0.455149502,0.384305835,0.012244898,0.016611296,0.014084507,0.024489796,0.026578073,0.022132797,0.044897959,0.059800664,0.056338028,4.0,0.176397954,0.075803083,8.666666667,0.382195567,0.473938235
240462,University of Wisconsin-Platteville,391805963,392100,,1 University Plaza,Platteville,WI,53818-3099,https://www.uwplatt.edu/,1494,6696,1,1,161,108,11694215,7271097,72634.88,67324.97,110286.9382,94108.42955,100,525,212,313,0.011428571,0.011428571,0.013333333,0.341463415,0.380952381,0.35862069,0.0,0.031746032,0.013793103,0.012195122,0.031746032,0.020689655,0.048780488,0.095238095,0.068965517,0.0,0,0.075803083,2.333333333,0.359749203,0.473938235
240471,University of Wisconsin-River Falls,391805963,392300,,410 S 3rd St,River Falls,WI,54022-5001,https://www.uwrf.edu/,1229,5064,1,1,113,99,9028451,7421041,79897.8,74960.01,110286.9382,94108.42955,100,397,147,250,0.012594458,0.017632242,0.025188917,0.379310345,0.5,0.405172414,0.011494253,0.033333333,0.017241379,0.0,0.033333333,0.00862069,0.022988506,0.066666667,0.034482759,0.0,0,0.075803083,5.0,0.963762529,0.473938235
240480,University of Wisconsin-Stevens Point,391805963,392400,UW-Stevens Point,2100 Main St,Stevens Point,WI,54481-3897,https://www.uwsp.edu/,1587,8109,1,1,155,149,11214783,10417235,72353.44,69914.33,110286.9382,94108.42955,100,723,288,435,0.01659751,0.027662517,0.02351314,0.423728814,0.443181818,0.433497537,0.0,0.0,0.0,0.0,0.0,0.0,0.016949153,0.022727273,0.019704433,5.333333333,0.669680228,0.075803083,9.333333333,1.171940398,0.473938235
240505,Casper College,836001132,392800,,125 College Drive,Casper,WY,82601-4699,https://www.caspercollege.edu/,615,3400,1,1,57,61,3820903,3977715,67033.39,65208.44,110286.9382,94108.42955,100,263,105,158,0.003802281,0.038022814,0.007604563,0.0,0.0,0.465909091,0.0,0.0,0.0,0.0,0.0,0.0,0.0,0.0,0.0,1.333333333,0.397535281,0.075803083,1.0,0.298151461,0.473938235
240514,Central Wyoming College,830206286,728900,CWC|Central Wyoming Community College|Central,2660 Peck Avenue,Riverton,WY,82501,https://www.cwc.edu/,278,2106,1,0,26,36,1688432,2309859,64939.69,64162.75,110286.9382,94108.42955,100,214,90,124,0.004672897,0.051401869,0.014018692,0.481481481,0.75,0.0,0.0,0.0,0.0,0.0,0.0,0.0,0.0,0.0,0.0,0.0,0,0.075803083,0.0,0,0.473938235
240596,Eastern Wyoming College,836000874,392900,,3200 West C St,Torrington,WY,82240-1699,https://ewc.wy.edu/,194,1418,1,0,14,20,800613,1151380,57186.64,57569.0,110286.9382,94108.42955,100,107,46,61,0.0,0.074766355,0.018691589,0.5,0.615384615,0.533333333,0.0,0.0,0.0,0.0,0.0,0.0,0.0,0.0,0.0,0.0,0,0.075803083,0.0,0,0.473938235
240657,Northwest College,836001133,393100,Northwest Community College,231 W 6th St,Powell,WY,82435-1898,www.nwc.edu/,248,1379,1,0,30,22,2004157,1449163,66805.23,65871.05,110286.9382,94108.42955,100,103,42,61,0.009708738,0.029126214,0.009708738,0.666666667,0.266666667,0.322580645,0.0,0.0,0.0,0.0,0.0,0.0,0.0,0.0,0.032258065,1.333333333,0.936987585,0.075803083,1.0,0.702740689,0.473938235
240666,Northern Wyoming Community College District,836000221,393000,Northern Wyoming Community College District|Sheridan College|Gillette College,1 Whitney Way,Sheridan,WY,82801,https://www.sheridan.edu/,580,3298,1,0,27,38,1750355,2236695,64827.96,58860.39,110286.9382,94108.42955,100,143,55,88,0.013986014,0.013986014,0.006993007,0.0,0.0,0.5,0.0,0.0,0.0,0.0,0.0,0.0,0.0,0.0,0.0,0.0,0,0.075803083,0.333333333,0.092695588,0.473938235
240693,Western Wyoming Community College,830204417,393300,WWCC|Western|Western Wyoming College,2500 College Dr,Rock Springs,WY,82901,https://www.westernwyoming.edu/,333,2464,1,1,37,29,2433335,1869671,65765.81,64471.41,110286.9382,94108.42955,100,217,50,167,0.004608295,0.133640553,0.0,0.454545455,0.5625,0.0,0.0,0.0,0.0,0.0,0.0,0.0,0.0,0.0,0.0,0.0,0,0.075803083,0.0,0,0.473938235
240727,University of Wyoming,836000331,393200,UW,Corner of Ninth and Ivinson,Laramie,WY,82071,https://www.uwyo.edu/,2890,10913,1,1,389,337,41143372,30211174,105767.02,89647.4,110286.9382,94108.42955,100,2062,896,1166,0.012609117,0.046071775,0.021823472,0.301435407,0.451807229,0.35483871,0.019138756,0.006024096,0.014662757,0.009569378,0.006024096,0.008797654,0.019138756,0.030120482,0.026392962,0.0,0,0.075803083,7.333333333,0.660660661,0.473938235
240736,American Samoa Community College,660516639,1001000,ASCC,P.O. Box 2609,Pago Pago,AS,96799-2609,www.amsamoa.edu/,191,909,1,0,35,41,1599728,1663952,45706.51,40584.2,110286.9382,94108.42955,100,199,74,125,0.0,0.0,0.035175879,0.0,0.0,0.529411765,0.0,0.0,0.0,0.0,0.0,0.0,0.0,0.0,0.019607843,0.0,0,0.075803083,0.333333333,0.317158262,0.473938235
240745,Guam Community College,980040312,1536100,GCC,1 Sesame Street,Mangilao,GU,96913,www.guamcc.edu/,240,1450,1,0,20,29,1210290,1938425,60514.5,66842.24,110286.9382,94108.42955,100,170,70,100,0.005882353,0.0,0.335294118,0.857142857,0.625,0.56097561,0.0,0.0,0.0,0.0,0.0,0.0,0.285714286,0.375,0.170731707,0.0,0,0.075803083,0.0,0,0.473938235
240754,University of Guam,980032933,393500,UOG,"303 University Drive, UOG Station",Mangilao,GU,96923,https://www.uog.edu/,526,2895,1,0,68,64,6320106,5552723,92942.74,86761.3,110286.9382,94108.42955,100,471,196,275,0.0,0.008492569,0.38641189,0.342105263,0.55,0.432432432,0.0,0.0,0.0,0.0,0.0,0.0,0.105263158,0.2,0.148648649,0.0,0,0.075803083,0.0,0,0.473938235
240790,Northern Marianas College,986021499,3033000,,As Terlaje Campus,Saipan,MP,96950-1250,www.marianas.edu/,326,1253,1,0,15,20,774100,975748,51606.67,48787.4,110286.9382,94108.42955,100,137,57,80,0.01459854,0.0,0.153284672,0.666666667,0.375,0.0,0.333333333,0.0,0.0,0.0,0.0,0.0,0.0,0.125,0.0,0.0,0,0.075803083,0.0,0,0.473938235
241191,Universidad Adventista de las Antillas,660275521,501900,Antillean Adventist University,Carr 106 Km 2.2 Int,Mayaguez,PR,00680-0000,https://www.uaa.edu/,161,886,4,0,17,14,626658,527455,36862.24,37675.36,110286.9382,94108.42955,100,71,25,46,0.0,0.971830986,0.0,0.0,0.5,0.3125,0.0,0.0,0.0,0.0,0.5,0.25,0.0,0.0,0.0,0.0,0,0.075803083,0.0,0,0.473938235
241216,Atlantic University,660404491,2505400,,Colton St. # 9,Guaynabo,PR,00970,www.atlanticu.edu/,283,1600,3,0,31,16,836075,377699,26970.16,23606.19,110286.9382,94108.42955,100,63,21,42,0.0,1.0,0.0,0.340425532,0.0,0.0,0.0,0.0,0.0,0.340425532,0.0,0.0,0.0,0.0,0.0,0.0,0,0.075803083,0.0,0,0.473938235
241225,Universidad Central de Bayamon,660259904,502200,UCB,Avenida Zaya Verde La Milagrosa Barrio Hato Tejas,Bayamón,PR,00960-1725,ucb.edu.pr/,155,783,4,1,5,9,161790,303680,32358.0,33742.22,110286.9382,94108.42955,100,75,23,52,0.0,1.0,0.0,0.5,0.8,0.0,0.0,0.0,0.0,0.5,0.8,0.0,0.0,0.0,0.0,0.0,0,0.075803083,0.333333333,0.425170068,0.473938235
241331,Albizu University-San Juan,660234412,1072400,Albizu University-San Juan,"151 Tanca St, Corner San Francisco St, Old San Juan",San Juan,PR,00902-3711,https://www.albizu.edu/,477,2534,3,0,18,23,981440,1083860,54524.44,47124.35,110286.9382,94108.42955,100,173,46,127,0.0,1.0,0.0,0.111111111,0.75,0.0,0.0,0.0,0.0,0.111111111,0.75,0.0,0.0,0.0,0.0,0.0,0,0.075803083,0.0,0,0.473938235
241377,Caribbean University-Bayamon,237409172,1252500,,167 Ave.  Km 21.2,Bayamon,PR,00960-0493,www.caribbean.edu/,160,929,3,0,8,12,221520,353920,27690.0,29493.33,110286.9382,94108.42955,100,73,23,50,0.0,0.98630137,0.01369863,0.0,1.0,0.0,0.0,0.0,0.0,0.0,1.0,0.0,0.0,0.0,0.0,0.0,0,0.075803083,1.333333333,1.606425703,0.473938235
241395,Pontifical Catholic University of Puerto Rico-Arecibo,660191965,393601,,Carretera 662 KM 2.3,Arecibo,PR,00614-4045,www.pucpr.edu/arecibo,118,647,4,0,8,15,280547,533475,35068.38,35565.0,110286.9382,94108.42955,100,28,8,20,0.0,1.0,0.0,0.75,1.0,0.0,0.0,0.0,0.0,0.75,1.0,0.0,0.0,0.0,0.0,0.0,0,0.075803083,0.0,0,0.473938235
241410,Pontifical Catholic University of Puerto Rico-Ponce,660191965,393600,PUCPR,2250 Boulevard Luis A. Ferre Aguayo Suite 608,Ponce,PR,00717-9997,https://www.pucpr.edu/,1004,5562,4,1,83,112,4565937,5545570,55011.29,49514.02,110286.9382,94108.42955,100,429,144,285,0.0,0.995337995,0.0,0.456521739,0.580645161,0.0,0.0,0.0,0.0,0.434782609,0.580645161,0.0,0.0,0.0,0.0,0.0,0,0.075803083,0.0,0,0.473938235
241720,Colegio Universitario de San Juan,660427034,1056700,CUNI,180 Jose Oliver St Tres Monjitas  Ind. Park,San Juan,PR,00918,www.cunisanjuan.edu/,170,542,1,0,7,10,236800,313650,33828.57,31365.0,110286.9382,94108.42955,100,93,35,58,0.0,1.0,0.0,0.0,0.0,0.588235294,0.0,0.0,0.0,0.0,0.0,0.588235294,0.0,0.0,0.0,0.0,0,0.075803083,0.0,0,0.473938235
241739,Universidad Ana G. Mendez-Cupey Campus,660201206,2587500,UAGM Cupey,1399 Ave. Ana G. Mendez,San Juan,PR,00926-2602,uagm.edu/,1199,5986,3,1,37,84,1700299,3798493,45954.03,45220.15,110286.9382,94108.42955,100,336,120,216,0.0,0.991071429,0.0,0.666666667,0.5,0.0,0.0,0.0,0.0,0.666666667,0.5,0.0,0.0,0.0,0.0,0.0,0,0.075803083,0.333333333,0.054466231,0.473938235
241766,Puerto Rico Conservatory of Music,660532997,1081900,,951 Ponce de Leon Avenue,San Juan,PR,00907-3373,cmpr.edu/,56,339,1,0,26,11,972492,434052,37403.54,39459.27,110286.9382,94108.42955,100,90,38,52,0.0,0.988888889,0.0,0.454545455,0.2,0.258064516,0.0,0.0,0.0,0.363636364,0.2,0.225806452,0.0,0.0,0.0,0.0,0,0.075803083,0.0,0,0.473938235
241951,Escuela de Artes Plasticas y Diseno de Puerto Rico,660478120,2569400,EAPD,Barrio Ballaja Campo Del Morro,San Juan,PR,00902-1112,www.eap.edu/,53,497,1,0,11,15,348420,453143,31674.55,30209.53,110286.9382,94108.42955,100,40,17,23,0.0,1.0,0.0,1.0,1.0,0.454545455,0.0,0.0,0.0,1.0,1.0,0.454545455,0.0,0.0,0.0,0.0,0,0.075803083,0.0,0,0.473938235
242042,Instituto Tecnologico de Puerto Rico-Recinto de Manati,-1,2241910,ITEC-MANATI,State Road 2  Km.47.3,Manati,PR,00674-1091,itec.pr/ITPR-Joomla/,87,297,1,0,16,24,644905,994207,40306.56,41425.29,110286.9382,94108.42955,100,14,5,9,0.0,1.0,0.0,0.6,0.0,0.0,0.0,0.0,0.0,0.6,0.0,0.0,0.0,0.0,0.0,0.0,0,0.075803083,0.0,0,0.473938235
242556,Instituto Tecnologico de Puerto Rico-Recinto de Guayama,660243000,2241904,Tecnologico / ITPR,"Urb. Vives, Final Calle Paseo #2",Guayama,PR,00784-0000,www.de.gov/itec-2/,72,262,1,0,14,15,925221,734990,66087.21,48999.33,110286.9382,94108.42955,100,20,4,16,0.0,1.0,0.0,0.517241379,0.0,0.576923077,0.0,0.0,0.0,0.517241379,0.0,0.576923077,0.0,0.0,0.0,0.0,0,0.075803083,0.0,0,0.473938235
242617,Inter American University of Puerto Rico-San German,660177776,4254200,,Rd. 102 Km. 30.6,San German,PR,00683,www.sg.inter.edu/,580,3163,3,1,25,38,1567104,2086944,62684.16,54919.58,110286.9382,94108.42955,100,239,93,146,0.0,1.0,0.0,0.357142857,0.608695652,0.568181818,0.0,0.0,0.0,0.285714286,0.608695652,0.545454545,0.0,0.0,0.0,4.666666667,1.436339386,0.075803083,0.0,0,0.473938235
242626,Inter American University of Puerto Rico-Aguadilla,660177776,393900,,"Carr. 459 Int. 463, Barrio Corrales Sector Calero",Aguadilla,PR,00603,aguadilla.inter.edu/,691,3295,3,0,32,41,1566540,2105412,48954.38,51351.51,110286.9382,94108.42955,100,154,51,103,0.006493506,0.993506494,0.0,1.0,0.5625,0.5,0.0,0.0,0.0,1.0,0.5625,0.5,0.0,0.0,0.0,0.0,0,0.075803083,0.0,0,0.473938235
242635,Inter American University of Puerto Rico-Arecibo,660177776,502600,,"Hwy 2 Km 80.4, Bo San Daniel Sector Las Canelas",Arecibo,PR,00614,www.arecibo.inter.edu/,591,2694,3,0,28,32,1619880,1689768,57852.86,52805.25,110286.9382,94108.42955,100,151,45,106,0.0,1.0,0.0,0.416666667,0.428571429,0.482758621,0.0,0.0,0.0,0.416666667,0.428571429,0.482758621,0.0,0.0,0.0,0.0,0,0.075803083,0.0,0,0.473938235
242644,Inter American University of Puerto Rico-Barranquitas,660177776,502700,,Bo Helechal Highway 156 Intersection 719,Barranquitas,PR,00794,www.br.inter.edu/,250,1012,3,0,8,14,403524,700068,50440.5,50004.86,110286.9382,94108.42955,100,88,27,61,0.0,0.988636364,0.0,0.0,0.8,0.625,0.0,0.0,0.0,0.0,0.8,0.625,0.0,0.0,0.0,0.0,0,0.075803083,0.0,0,0.473938235
242653,Inter American University of Puerto Rico-Metro,660177776,394000,,Highway #1 Km 16 3 Corner Francisco Sein St,San Juan,PR,00919,metro.inter.edu/,1015,4360,3,0,63,60,3757944,3488376,59649.9,58139.6,110286.9382,94108.42955,100,291,96,195,0.0,1.0,0.0,0.4375,0.431372549,0.44,0.03125,0.0,0.013333333,0.375,0.411764706,0.413333333,0.0,0.0,0.0,0.0,0,0.075803083,0.0,0,0.473938235
242662,Inter American University of Puerto Rico-Ponce,660177776,502900,Inter Ponce,104 Turpeaux Industrial Park Rd1,Mercedita,PR,00715-1602,www.ponce.inter.edu/,611,3130,3,0,33,40,1879036,2182248,56940.48,54556.2,110286.9382,94108.42955,100,160,53,107,0.0,1.0,0.0,0.461538462,0.434782609,0.52,0.0,0.0,0.0,0.461538462,0.434782609,0.52,0.0,0.0,0.0,0.0,0,0.075803083,0.0,0,0.473938235
242680,Inter American University of Puerto Rico-Fajardo,660177776,2282800,,Calle Union-Batey Central Highway 195,Fajardo,PR,00738-7003,www.fajardo.inter.edu/,261,1288,3,0,9,17,520344,826932,57816.0,48643.06,110286.9382,94108.42955,100,75,24,51,0.0,1.0,0.0,0.0,0.5,0.384615385,0.0,0.0,0.0,0.0,0.5,0.384615385,0.0,0.0,0.0,0.0,0,0.075803083,0.0,0,0.473938235
242699,Inter American University of Puerto Rico-Guayama,660177776,2282700,,Bo Machete Highway 744 Km 1.2,Guayama,PR,00784,www.guayama.inter.edu/,329,1776,3,0,11,23,515580,1091388,46870.91,47451.65,110286.9382,94108.42955,100,69,20,49,0.0,1.0,0.0,1.0,0.5,0.666666667,0.0,0.0,0.0,0.0,0.5,0.6,0.0,0.0,0.0,0.0,0,0.075803083,1.0,0.62305296,0.473938235
242705,Inter American University of Puerto Rico-Bayamon,660177776,502800,,500 Carr. Dr. John Will Harris,Bayamon,PR,00957-6257,bayamon.inter.edu/,625,3535,3,0,42,36,2401056,1888908,57168.0,52469.67,110286.9382,94108.42955,100,104,43,61,0.0,1.0,0.0,0.3,0.45,0.446808511,0.0,0.0,0.0,0.3,0.45,0.446808511,0.0,0.0,0.0,0.0,0,0.075803083,0.0,0,0.473938235
242723,Inter American University of Puerto Rico-School of Law,660177776,4250900,,Calle Federico Costa 170 Urb Ind Tres Monjitas,San Juan,PR,00936-8351,www.derecho.inter.edu/,157,693,3,0,12,7,1179600,652008,98300.0,93144.0,110286.9382,94108.42955,100,65,30,35,0.0,1.0,0.0,0.333333333,0.5,0.375,0.0,0.0,0.0,0.333333333,0.5,0.375,0.0,0.0,0.0,0.0,0,0.075803083,0.0,0,0.473938235
243106,University of Puerto Rico-Aguadilla,660560807,1212300,"UPRAg, University of Puerto Rico at Aguadilla, UPR-Aguadilla",Belt St. 252 Ramey Base,Aguadilla,PR,00604-1309,https://www.uprag.edu/,362,1894,1,0,42,42,2822076,2842922,67192.29,67688.62,110286.9382,94108.42955,100,208,60,148,0.0,0.923076923,0.0,0.523809524,0.272727273,0.490909091,0.0,0.0,0.0,0.5,0.272727273,0.472727273,0.0,0.0,0.0,0.0,0,0.075803083,0.0,0,0.473938235
243115,University of Puerto Rico-Arecibo,660560806,722800,UPRA,Finca las Dunas Carr 653 Ruta 129 Km 8,Arecibo,PR,00614-4010,www.upra.edu/,550,2831,1,0,60,79,3843484,4348320,64058.07,55042.03,110286.9382,94108.42955,100,218,84,134,0.0,0.935779817,0.0,0.550724638,0.47826087,0.490196078,0.0,0.0,0.0,0.550724638,0.47826087,0.490196078,0.0,0.0,0.0,0.0,0,0.075803083,0.0,0,0.473938235
243133,University of Puerto Rico-Bayamon,660560805,1097500,UPRB,Road 174 #170 Minillas Industrial Park,Bayamon,PR,00959,www.uprb.edu/,348,2967,1,0,71,71,4585040,5083882,64578.03,71603.97,110286.9382,94108.42955,100,204,81,123,0.0,1.0,0.0,0.448275862,0.481481481,0.484536082,0.0,0.0,0.0,0.448275862,0.481481481,0.484536082,0.0,0.0,0.0,0.0,0,0.075803083,0.333333333,0.110302228,0.473938235
243142,University of Puerto Rico-Carolina,660560809,3016000,UPRCA,Carretera 887 Bo San Anton,Carolina,PR,00984-4800,www.uprc.edu/,336,2428,1,0,55,41,4092897,3035546,74416.31,74037.71,110286.9382,94108.42955,100,192,62,130,0.0,1.0,0.0,0.48,0.368421053,0.428571429,0.0,0.0,0.0,0.48,0.368421053,0.428571429,0.0,0.0,0.0,0.0,0,0.075803083,0.0,0,0.473938235
243151,University of Puerto Rico at Cayey,660433766,720600,UPR-Cayey,205 Antonio R. Barcelo Ave.,Cayey,PR,00737-2230,www.cayey.upr.edu/,346,2218,1,0,52,49,2675057,2510624,51443.4,51237.22,110286.9382,94108.42955,100,229,93,136,0.0,1.0,0.0,0.46875,0.617647059,0.415384615,0.0,0.0,0.0,0.46875,0.617647059,0.415384615,0.0,0.0,0.0,0.0,0,0.075803083,0.0,0,0.473938235
243179,University of Puerto Rico-Humacao,660433765,394300,,Call Box 860,Humacao,PR,00792,www.upr.edu/humacao/,412,2611,1,0,78,77,5343058,4947032,68500.74,64247.17,110286.9382,94108.42955,100,292,102,190,0.0,0.965753425,0.0,0.452054795,0.636363636,0.47,0.0,0.0,0.0,0.424657534,0.636363636,0.45,0.0,0.0,0.0,0.666666667,0.253100481,0.075803083,0.333333333,0.12655024,0.473938235
243188,University of Puerto Rico-Utuado,660560808,1092200,,Carr. # 10 Km. 52.2,Utuado,PR,00641,www.uprutuado.edu/,74,317,1,0,16,14,1093644,980460,68352.75,70032.86,110286.9382,94108.42955,100,95,36,59,0.0,0.989473684,0.0,0.444444444,0.5,0.464285714,0.0,0.0,0.0,0.444444444,0.5,0.464285714,0.0,0.0,0.0,0.0,0,0.075803083,0.0,0,0.473938235
243197,University of Puerto Rico-Mayaguez,660433761,394400,UPRM|RUM|Colegio|Colegio de Mayagüez|UPR-Mayaguez|CAAM|Recinto de Mayagüez|,259 Boulevard Alfonso Valdez,Mayaguez,PR,00681,https://www.uprm.edu/,1914,10716,1,0,282,165,22453416,12336712,79622.04,74767.95,110286.9382,94108.42955,100,1311,523,788,0.0,0.809305873,0.0,0.324590164,0.428571429,0.340974212,0.0,0.0,0.0,0.324590164,0.428571429,0.340974212,0.0,0.0,0.0,0.0,0,0.075803083,2.666666667,0.24106551,0.473938235
243203,University of Puerto Rico-Medical Sciences,660433762,2460000,,"Rio Piedras Medical Center, Americo Miranda Avenue",San Juan,PR,00936-5067,www.rcm.upr.edu/,750,1950,1,0,106,209,9305307,17703198,87785.92,84704.3,110286.9382,94108.42955,100,1000,272,728,0.0,0.996,0.0,0.559670782,0.598540146,0.586956522,0.0,0.0,0.0,0.543209877,0.576642336,0.568322981,0.004115226,0.0,0.00310559,0.0,0,0.075803083,0.0,0,0.473938235
243212,University of Puerto Rico at Ponce,660436768,965200,UPR-Ponce,2151 Santiago de los Caballeros Avenue,Ponce,PR,00716-9996,www.uprp.edu/,291,2319,1,0,37,43,2416089,2844519,65299.7,66151.6,110286.9382,94108.42955,100,200,65,135,0.0,1.0,0.0,0.481481481,0.736842105,0.547169811,0.0,0.0,0.0,0.481481481,0.736842105,0.547169811,0.0,0.0,0.0,0.0,0,0.075803083,0.0,0,0.473938235
243221,University of Puerto Rico-Rio Piedras,660433760,710800,,39 Avenida Ponce de Leon,San Juan,PR,00931-0000,https://www.uprrp.edu/,2031,11493,1,1,402,328,29056944,22773080,72280.96,69430.12,110286.9382,94108.42955,100,1074,415,659,0.0,0.88547486,0.000931099,0.429824561,0.450704225,0.423963134,0.0,0.0,0.0,0.423976608,0.422535211,0.414746544,0.0,0.0,0.0,0.0,0,0.075803083,0.333333333,0.027692393,0.473938235
243346,Universidad Ana G. Mendez-Carolina Campus,660201206,394100,UAGM Carolina,Carr. # 190 Esq. Calle 220 Bo. Sabana Abajo,Carolina,PR,00985-0985,uagm.edu/,1122,5223,3,0,41,58,1922748,2595960,46896.29,44757.93,110286.9382,94108.42955,100,271,77,194,0.0,0.996309963,0.0,0.571428571,0.588235294,0.5,0.0,0.0,0.0,0.571428571,0.529411765,0.5,0.0,0.0,0.0,0.0,0,0.075803083,0.0,0,0.473938235
243443,Universidad del Sagrado Corazon,660207156,393700,Sagrado,Calle San Antonio Esq. Calle Rosales Pda 26 1/2,Santurce,PR,00907,www.sagrado.edu/,973,4660,4,0,29,40,1248064,1822656,43036.69,45566.4,110286.9382,94108.42955,100,289,82,207,0.010380623,0.948096886,0.0,0.666666667,0.625,0.59375,0.0,0.0,0.0,0.666666667,0.625,0.59375,0.0,0.0,0.0,0.0,0,0.075803083,0.0,0,0.473938235
243568,Universidad Central Del Caribe,660349669,2163300,UCC,Ramon Ruiz Arnau University Hospital Laurel Ave,Bayamon,PR,00960-6032,https://www.uccaribe.edu/,144,558,3,0,9,10,474960,445408,52773.33,44540.8,110286.9382,94108.42955,100,220,63,157,0.0,0.940909091,0.009090909,0.4,0.6,0.0,0.0,0.0,0.0,0.2,0.4,0.0,0.0,0.1,0.0,0.0,0,0.075803083,0.0,0,0.473938235
243577,Universidad Politecnica de Puerto Rico,660362606,2100000,,377 Ponce de Leon Ave,Hato Rey,PR,00919,www.pupr.edu/,600,4390,3,0,92,47,5465862,2794184,59411.54,59450.72,110286.9382,94108.42955,100,226,79,147,0.0,0.995575221,0.0,0.325581395,0.337662338,0.0,0.0,0.0,0.0,0.325581395,0.337662338,0.0,0.0,0.0,0.0,0.0,0,0.075803083,0.0,0,0.473938235
243586,Pontifical Catholic University of Puerto Rico-Mayaguez,660191965,393603,PUCPR-Mayaguez,482 Sur Calle Ramon Emerito Betances,Mayaguez,PR,00680-1713,https://mayaguez.pucpr.edu/,137,706,4,0,17,21,867338,928819,51019.88,44229.48,110286.9382,94108.42955,100,34,10,24,0.0,1.0,0.0,0.142857143,0.833333333,0.0,0.0,0.0,0.0,0.142857143,0.833333333,0.0,0.0,0.0,0.0,0.0,0,0.075803083,0.0,0,0.473938235
243601,Universidad Ana G. Mendez-Gurabo Campus,660201206,1171900,UAGM Gurabo,Carr. # 189 Km 3.3,Gurabo,PR,00778-3030,uagm.edu/,1984,9718,3,1,65,93,3502881,4554066,53890.48,48968.45,110286.9382,94108.42955,100,363,103,260,0.005509642,0.988980716,0.002754821,0.388888889,0.518518519,0.5,0.0,0.0,0.0,0.388888889,0.518518519,0.5,0.0,0.0,0.0,0.0,0,0.075803083,1.0,0.098687457,0.473938235
243638,College of Micronesia-FSM,980078461,1034300,COM-FSM|COMFSM|COM-FSM National|Sharks|COM-FSM Palikir,Kolonia,Pohnpei,FM,96941,www.comfsm.fm/,407,1740,1,0,59,30,1730700,853455,29333.9,28448.5,110286.9382,94108.42955,100,494,253,241,0.0,0.0,0.036437247,0.34,0.357142857,0.0,0.02,0.0,0.0,0.0,0.0,0.0,0.16,0.0,0.0,0.0,0,0.075803083,0.0,0,0.473938235
243647,Palau Community College,942940238,1100900,PCC,9th Madalaii Hamlet,Koror,PW,96940,palau.edu/,81,387,1,1,15,15,311132,332543,20742.13,22169.53,110286.9382,94108.42955,100,112,47,65,0.0,0.0,0.035714286,0.0,0.6,0.0,0.0,0.0,0.0,0.0,0.0,0.0,0.0,0.1,0.0,0.0,0,0.075803083,0.0,0,0.473938235
243665,University of the Virgin Islands,660432514,394600,UVI,2 John Brewers Bay,Charlotte Amalie,VI,00802-9990,www.uvi.edu/,253,1739,1,1,48,55,3742686,3607313,77972.62,65587.51,110286.9382,94108.42955,100,479,156,323,0.734864301,0.068893528,0.014613779,0.263157895,0.6,0.392857143,0.0,0.36,0.142857143,0.0,0.04,0.0,0.0,0.0,0.0,0.0,0,0.075803083,0.333333333,0.203748981,0.473938235
243744,Stanford University,941156365,130500,,,Stanford,CA,94305,www.stanford.edu/,4725,18446,3,1,966,588,234494856,106510274,242748.3,181139.92,110286.9382,94108.42955,100,14447,4879,9568,0.036270506,0.118017582,0.21789991,0.257990868,0.404109589,0.269699431,0.01065449,0.006849315,0.008123477,0.01065449,0.034246575,0.017871649,0.04718417,0.091324201,0.038992689,12.66666667,0.692811172,0.075803083,31.0,1.695564185,0.473938235
243780,Purdue University-Main Campus,356002041,182500,Purdue-West Lafayette|Purdue|PU|Purdue-WL,Hovde Hall of Administration,West Lafayette,IN,47907-2040,https://www.purdue.edu/,12253,52905,1,1,1397,710,194104145,79629672,138943.55,112154.47,110286.9382,94108.42955,100,9465,3971,5494,0.033597464,0.045958796,0.044057052,0.22125,0.356713427,0.274881517,0.0025,0.016032064,0.007898894,0.01125,0.018036072,0.012638231,0.0425,0.094188377,0.061611374,3.333333333,0.064689748,0.075803083,15.0,0.291103866,0.473938235
243823,Parker University,751596658,2305300,,2540 Walnut Hill Lane,Dallas,TX,75229-5668,www.parker.edu/,567,2196,3,0,57,49,4681625,3927688,82133.77,80156.9,110286.9382,94108.42955,100,229,84,145,0.209606987,0.240174672,0.043668122,0.363636364,0.388888889,0.0,0.0,0.0,0.0,0.0,0.0,0.0,0.090909091,0.0,0.0,0.0,0,0.075803083,0.0,0,0.473938235
244437,Georgia State University-Perimeter College,581845423,157406,,33 Gilmer St.,Atlanta,GA,30303-3083,perimeter.gsu.edu/,2043,15522,1,0,156,198,9457200,11795333,60623.08,59572.39,110286.9382,94108.42955,100,147,42,105,0.387755102,0.027210884,0.040816327,0.490566038,0.584615385,0.536082474,0.094339623,0.130769231,0.12371134,0.0,0.0,0.0,0.018867925,0.023076923,0.015463918,0.0,0,0.075803083,0.333333333,0.021566598,0.473938235
245625,Warren County Community College,222376658,2503900,,475 Route 57 W,Washington,NJ,07882-4343,www.warren.edu/,159,3342,1,0,8,14,673680,1083311,84210.0,77379.36,110286.9382,94108.42955,100,42,13,29,0.071428571,0.047619048,0.0,0.625,0.833333333,0.714285714,0.0,0.166666667,0.071428571,0.0,0.166666667,0.071428571,0.0,0.0,0.0,0.0,0,0.075803083,0.0,0,0.473938235
245953,Mid-America Christian University,741196134,694200,Gulf Coast Bible College|Mid-America Bible College|MACU,3500 SW 119th St,Oklahoma City,OK,73170-9797,www.macu.edu/,507,2183,4,0,18,17,1062175,1018070,59009.72,59886.47,110286.9382,94108.42955,100,147,58,89,0.054421769,0.102040816,0.013605442,0.363636364,0.529411765,0.0,0.090909091,0.0,0.0,0.0,0.0,0.0,0.0,0.0,0.0,0.0,0,0.075803083,0.0,0,0.473938235
246354,Palo Alto College,746002173,2341300,,1400 W Villaret Blvd,San Antonio,TX,78224-2499,alamo.edu/pac/,1399,10908,1,1,68,67,3888178,3739502,57179.09,55813.46,110286.9382,94108.42955,100,268,89,179,0.029850746,0.753731343,0.0,0.571428571,0.454545455,0.55,0.0,0.0,0.0,0.333333333,0.272727273,0.275,0.0,0.0,0.0,0.0,0,0.075803083,0.0,0,0.473938235
247603,Sussex County Community College,222379629,2568800,,One College Hill Road,Newton,NJ,07860,www.sussex.edu/,388,2220,1,0,6,10,448748,672324,74791.33,67232.4,110286.9382,94108.42955,100,177,77,100,0.016949153,0.005649718,0.016949153,0.666666667,0.6,0.615384615,0.0,0.0,0.0,0.0,0.0,0.0,0.0,0.0,0.0,0.666666667,0.305670182,0.075803083,0.0,0,0.473938235
247649,Landmark College,222586208,2532600,,19 River Rd South,Putney,VT,05346,www.landmark.edu/,150,650,3,0,27,26,1727125,1621193,63967.59,62353.58,110286.9382,94108.42955,100,180,68,112,0.027777778,0.016666667,0.016666667,0.625,0.526315789,0.0,0.0,0.0,0.0,0.0,0.0,0.0,0.0,0.0,0.0,2.0,3.205128205,0.075803083,0.333333333,0.534188034,0.473938235
247940,Owensboro Community and Technical College,611320380,3034500,,4800 New Hartford Rd,Owensboro,KY,42303,https://owensboro.kctcs.edu/,1608,4694,1,0,38,44,2207788,2434697,58099.68,55334.02,110286.9382,94108.42955,100,219,91,128,0.059360731,0.0,0.00456621,0.517241379,0.461538462,0.416666667,0.034482759,0.0,0.083333333,0.0,0.0,0.0,0.0,0.0,0.0,0.0,0,0.075803083,0.0,0,0.473938235
251260,Southern Union State Community College,630494681,104000,,750 Roberts St,Wadley,AL,36276,www.suscc.edu/,1013,4673,1,0,44,56,2883353,3718881,65530.75,66408.59,110286.9382,94108.42955,100,191,68,123,0.303664921,0.005235602,0.005235602,0.0,0.0,0.552631579,0.0,0.0,0.039473684,0.0,0.0,0.0,0.0,0.0,0.013157895,0.0,0,0.075803083,0.666666667,0.151998784,0.473938235
262031,St Charles Community College,431408103,2530600,SCC,4601 Mid Rivers Mall Dr,Cottleville,MO,63376-0975,www.stchas.edu/,950,5902,1,1,36,53,2796803,4009738,77688.97,75655.43,110286.9382,94108.42955,100,311,104,207,0.083601286,0.028938907,0.01607717,0.580645161,0.388888889,0.585714286,0.0,0.0,0.028571429,0.032258065,0.0,0.014285714,0.0,0.055555556,0.014285714,0.0,0,0.075803083,0.333333333,0.057471264,0.473938235
262086,University of Massachusetts Global,260152908,4161800,,16355 Laguna Canyon Road,Irvine,CA,92618,www.umassglobal.edu/,2742,9069,1,0,20,62,2119025,6019902,105951.25,97095.19,110286.9382,94108.42955,100,327,111,216,0.073394495,0.19266055,0.146788991,0.55,0.763157895,0.0,0.0,0.157894737,0.0,0.0,0.078947368,0.0,0.05,0.026315789,0.0,0.0,0,0.075803083,0.0,0,0.473938235
262129,New College of Florida,900057281,3957400,,5800 Bay Shore Road,Sarasota,FL,34243-2109,www.ncf.edu/,133,732,1,1,50,50,4290437,4280037,85808.74,85600.74,110286.9382,94108.42955,100,210,93,117,0.076190476,0.123809524,0.038095238,0.515151515,0.612903226,0.592592593,0.03030303,0.064516129,0.055555556,0.0,0.064516129,0.037037037,0.0,0.096774194,0.037037037,0.0,0,0.075803083,0.333333333,0.483792937,0.473938235
364016,Paradise Valley Community College,860185552,2623600,,18401 N 32nd St,Phoenix,AZ,85032,https://www.paradisevalley.edu/,765,5880,1,0,39,62,3701552,5661450,94911.59,91313.71,110286.9382,94108.42955,100,285,117,168,0.063157895,0.280701754,0.042105263,0.0,0.0,0.597222222,0.0,0.0,0.027777778,0.0,0.0,0.111111111,0.0,0.0,0.041666667,0.0,0,0.075803083,0.0,0,0.473938235
364025,Chandler-Gilbert Community College,860185552,3072200,,2626 E Pecos Rd,Chandler,AZ,85225-2499,www.cgc.maricopa.edu/,1058,14725,1,1,57,74,5214526,6668944,91482.91,90120.86,110286.9382,94108.42955,100,470,211,259,0.057446809,0.24893617,0.059574468,0.0,0.0,0.518518519,0.0,0.0,0.037037037,0.0,0.0,0.074074074,0.0,0.0,0.037037037,0.0,0,0.075803083,0.666666667,0.048396854,0.473938235
366003,South Florida Bible College and Theological Seminary,650807808,3264300,SFBC,2200 SW 10th Street,Deerfield Beach,FL,33442,https://www.sfbc.edu/,60,355,4,0,3,5,128800,245500,42933.33,49100.0,110286.9382,94108.42955,100,48,18,30,0.125,0.395833333,0.020833333,0.0,1.0,0.0,0.0,1.0,0.0,0.0,0.0,0.0,0.0,0.0,0.0,0.0,0,0.075803083,0.0,0,0.473938235
366252,Pennsylvania College of Technology,232564508,339500,Penn College,One College Ave,Williamsport,PA,17701-5799,https://www.pct.edu/,1195,4307,1,1,183,82,16341468,7034497,89297.64,85786.55,110286.9382,94108.42955,100,959,400,559,0.035453597,0.031282586,0.011470282,0.3,0.418604651,0.0,0.0,0.0,0.0,0.0,0.023255814,0.0,0.0,0.0,0.0,4.0,0.94317378,0.075803083,0.666666667,0.15719563,0.473938235
366395,Suffolk County Community College,262415339,287800,,533 College Rd,Selden,NY,11784-2899,https://www.sunysuffolk.edu/,2878,20053,1,1,137,120,15986705,14409639,116691.28,120080.32,110286.9382,94108.42955,100,953,307,646,0.052465897,0.092339979,0.036726128,0.480314961,0.421875,0.460526316,0.0,0.0,0.004385965,0.039370079,0.015625,0.035087719,0.078740157,0.015625,0.052631579,0.0,0,0.075803083,2.333333333,0.116585057,0.473938235
366401,Las Positas College,941670563,3035700,,3000 Campus Hill Drive,Livermore,CA,94551-7650,www.laspositascollege.edu/,851,7448,1,1,60,73,7087323,8190030,118122.05,112192.19,110286.9382,94108.42955,100,138,48,90,0.101449275,0.18115942,0.137681159,0.0,0.0,0.548076923,0.0,0.0,0.038461538,0.0,0.0,0.067307692,0.0,0.0,0.038461538,0.0,0,0.075803083,0.0,0,0.473938235
366711,California State University-San Marcos,800390564,3011300,,333 S Twin Oaks Valley Rd,San Marcos,CA,92096-0001,www.csusm.edu/,3902,15431,1,1,168,248,17671440,23037300,105187.14,92892.34,110286.9382,94108.42955,100,849,279,570,0.042402827,0.362779741,0.090694935,0.486238532,0.489583333,0.490196078,0.009174312,0.010416667,0.009803922,0.082568807,0.072916667,0.083333333,0.055045872,0.083333333,0.068627451,0.0,0,0.075803083,1.666666667,0.110309529,0.473938235
367459,NorthWest Arkansas Community College,710068554,3063300,NWACC,One College Drive,Bentonville,AR,72712-5091,www.nwacc.edu/,1000,7839,1,0,74,82,4407885,5044267,59566.01,61515.45,110286.9382,94108.42955,100,274,82,192,0.02189781,0.080291971,0.03649635,0.6,0.7,0.0,0.033333333,0.0,0.0,0.0,0.1,0.0,0.033333333,0.0,0.0,0.0,0,0.075803083,0.0,0,0.473938235
374024,Adler Graduate School,410970173,3051900,,10225 Yellow Circle Dr.,Minnetonka,MN,55343,www.alfredadler.edu/,85,245,3,0,3,9,214262,845620,71420.67,93957.78,110286.9382,94108.42955,100,10,2,8,0.0,0.1,0.0,1.0,0.5,0.0,0.333333333,0.5,0.0,0.0,0.0,0.0,0.0,0.0,0.0,0.0,0,0.075803083,0.0,0,0.473938235
377555,University of Washington-Bothell Campus,916001537,379802,"UWB, UW-B, UW-Bothell",18115 Campus Way NE,Bothell,WA,98011-8246,https://www.uwb.edu/,1851,5809,1,0,98,107,11796758,11885987,120375.08,111083.99,110286.9382,94108.42955,100,400,139,261,0.0625,0.1175,0.1275,0.54,0.5,0.49122807,0.04,0.034482759,0.052631579,0.04,0.034482759,0.043859649,0.12,0.086206897,0.105263158,0.0,0,0.075803083,0.666666667,0.116245278,0.473938235
377564,University of Washington-Tacoma Campus,916001537,379801,"UWT, UW-T, UW-Tacoma",1900 Commerce St,Tacoma,WA,98402-3100,https://www.tacoma.uw.edu/,1778,4777,1,0,128,150,14802305,14836444,115643.01,98909.63,110286.9382,94108.42955,100,323,126,197,0.068111455,0.099071207,0.089783282,0.515151515,0.527777778,0.480916031,0.045454545,0.018518519,0.038167939,0.015151515,0.046296296,0.030534351,0.106060606,0.092592593,0.106870229,0.0,0,0.075803083,0.333333333,0.069531359,0.473938235
380368,Fond du Lac Tribal and Community College,411687554,3129100,,2101 14th St,Cloquet,MN,55720-2342,www.fdltcc.edu/,145,1749,1,1,11,11,831395,808673,75581.36,73515.73,110286.9382,94108.42955,100,56,20,36,0.017857143,0.017857143,0.0,0.0,1.0,0.473684211,0.0,0.0,0.0,0.0,0.0,0.0,0.0,0.0,0.0,0.0,0,0.075803083,0.0,0,0.473938235
381459,Phoenix Seminary,860711495,3478400,,7901 E. Shea Blvd.,Scottsdale,AZ,85260,www.ps.edu/,87,312,4,0,5,0,395182,0,79036.4,,110286.9382,94108.42955,100,45,29,16,0.0,0.066666667,0.0,0.0,0.0,0.0,0.0,0.0,0.0,0.0,0.0,0.0,0.0,0.0,0.0,0.0,0,0.075803083,0.0,0,0.473938235
383190,Hawaii Community College,996000354,525800,Hawaii CC / HCC,1175 Manono Street,Hilo,HI,96720-5096,www.hawaii.hawaii.edu/,335,2260,1,1,22,41,1982784,3436512,90126.55,83817.37,110286.9382,94108.42955,100,105,37,68,0.0,0.066666667,0.323809524,0.7,0.4375,0.595744681,0.0,0.0,0.0,0.0,0.0,0.0,0.3,0.125,0.14893617,0.0,0,0.075803083,0.666666667,0.313430497,0.473938235
383996,Eastern New Mexico University Ruidoso Branch Community College,856000286,265102,ENMU - Ruidoso Branch Community College,709 Mechem Dr,Ruidoso,NM,88345,www.ruidoso.enmu.edu/,84,745,1,0,4,4,245233,223300,61308.25,55825.0,110286.9382,94108.42955,100,55,15,40,0.036363636,0.4,0.0,0.0,0.0,0.0,0.0,0.0,0.0,0.0,0.0,0.0,0.0,0.0,0.0,0.0,0,0.075803083,0.0,0,0.473938235
384254,Beacon College,592961536,3373300,,105 E Main St,Leesburg,FL,34748,https://www.beaconcollege.edu/,115,527,3,0,16,22,1036025,1265069,64751.56,57503.14,110286.9382,94108.42955,100,123,44,79,0.162601626,0.032520325,0.008130081,0.0,0.5,0.0,0.0,0.0,0.0,0.0,0.125,0.0,0.0,0.0,0.0,0.0,0,0.075803083,1.333333333,2.661343979,0.473938235
384333,Estrella Mountain Community College,860185552,3156300,,3000 N Dysart Rd,Avondale,AZ,85392-1000,www.estrellamountain.edu/,1074,10069,1,0,35,59,3229341,5215136,92266.89,88392.14,110286.9382,94108.42955,100,276,101,175,0.072463768,0.416666667,0.025362319,0.0,0.0,0.592592593,0.0,0.0,0.037037037,0.0,0.0,0.148148148,0.0,0.0,0.055555556,0.0,0,0.075803083,0.333333333,0.034650035,0.473938235
384342,Heartland Community College,371271517,3083800,,1500 West Raab Road,Normal,IL,61761-9446,https://www.heartland.edu/,1355,4795,1,1,36,44,2809186,3164656,78032.94,71924.0,110286.9382,94108.42955,100,246,67,179,0.085365854,0.028455285,0.012195122,0.461538462,0.6,0.516129032,0.0,0.0,0.0,0.051282051,0.0,0.032258065,0.051282051,0.0,0.032258065,0.0,0,0.075803083,0.0,0,0.473938235
386472,Herzing University-Orlando,271503981,962111,,1865 SR 436,Winter Park,FL,32792,https://www.herzing.edu/,311,709,3,0,0,12,0,1045930,,87160.83,110286.9382,94108.42955,100,21,4,17,0.19047619,0.142857143,0.095238095,1.0,1.0,0.0,0.0,0.0,0.0,0.0,0.0,0.0,0.0,0.0,0.0,0.0,0,0.075803083,0.0,0,0.473938235
395362,Copper Mountain Community College,330838252,3542400,CMC,6162 Rotary Way,Joshua Tree,CA,92252,www.cmccd.edu/,187,1524,1,0,18,26,1884854,2405381,104714.11,92514.65,110286.9382,94108.42955,100,65,22,43,0.076923077,0.169230769,0.061538462,0.0,0.0,0.518518519,0.0,0.0,0.0,0.0,0.0,0.074074074,0.0,0.0,0.037037037,0.0,0,0.075803083,0.0,0,0.473938235
399212,Santiago Canyon College,952696799,3695700,SCC,8045 E Chapman,Orange,CA,92869-4512,www.sccollege.edu/SitePages/Home.aspx,1980,11979,1,1,57,101,6257631,10510051,109783.0,104059.91,110286.9382,94108.42955,100,184,80,104,0.016304348,0.456521739,0.125,0.0,0.0,0.571428571,0.0,0.0,0.035714286,0.0,0.0,0.142857143,0.0,0.0,0.0,1.333333333,0.113999088,0.075803083,0.0,0,0.473938235
399911,Soka University of America,953909672,3814400,Soka; SUA,1 University Drive,Aliso Viejo,CA,92656-8081,www.soka.edu/,102,476,3,0,33,32,4224005,3543492,128000.15,110734.12,110286.9382,94108.42955,100,174,69,105,0.074712644,0.103448276,0.408045977,0.25,0.608695652,0.461538462,0.0,0.0,0.0,0.0,0.043478261,0.025641026,0.125,0.086956522,0.102564103,2.0,4.395604396,0.075803083,1.0,2.197802198,0.473938235
401223,World Mission University,954230730,3868300,,500 Shatto Pl Ste 600,Los Angeles,CA,90020,www.wmu.edu/,101,440,4,0,3,4,201200,284000,67066.67,71000.0,110286.9382,94108.42955,100,13,6,7,0.0,0.0,1.0,0.0,0.5,0.0,0.0,0.0,0.0,0.0,0.0,0.0,0.0,0.5,0.0,0.0,0,0.075803083,0.0,0,0.473938235
403469,Frontier Community College,370906196,174225,Frontier Community College,2 Frontier Drive,Fairfield,IL,62837,https://www.iecc.edu/fcc,180,2364,1,0,9,5,506260,309938,56251.11,61987.6,110286.9382,94108.42955,100,57,24,33,0.0,0.0,0.01754386,0.0,0.666666667,0.428571429,0.0,0.0,0.0,0.0,0.0,0.0,0.0,0.0,0.0,0.0,0,0.075803083,0.0,0,0.473938235
403478,Lincoln Trail College,370906196,174224,Lincoln Trail College,11220 State Hwy 1,Robinson,IL,62454,https://www.iecc.edu/ltc,200,605,1,0,10,7,565454,483781,56545.4,69111.57,110286.9382,94108.42955,100,59,28,31,0.033898305,0.016949153,0.0,1.0,1.0,0.5,0.0,0.0,0.0,0.0,0.0,0.0,1.0,0.0,0.1,0.0,0,0.075803083,0.0,0,0.473938235
403487,Wabash Valley College,370906196,174226,Wabash Valley College,2200 College Drive,Mount Carmel,IL,62863,https://www.iecc.edu/wvc,203,906,1,1,14,8,941721,483608,67265.79,60451.0,110286.9382,94108.42955,100,65,33,32,0.030769231,0.0,0.0,0.0,0.0,0.266666667,0.0,0.0,0.0,0.0,0.0,0.0,0.0,0.0,0.0,0.0,0,0.075803083,0.0,0,0.473938235
405872,Carroll Community College,521806923,3100700,,1601 Washington Rd,Westminster,MD,21157,https://www.carrollcc.edu/,486,3164,1,1,22,53,1722671,3967906,78303.23,74866.15,110286.9382,94108.42955,100,377,123,254,0.055702918,0.026525199,0.015915119,0.736842105,0.724137931,0.0,0.0,0.068965517,0.0,0.0,0.0,0.0,0.0,0.0,0.0,1.333333333,0.46120143,0.075803083,0.0,0,0.473938235
407629,Lake Erie College of Osteopathic Medicine,251698677,3090800,LECOM,1858 W Grandview Blvd,Erie,PA,16509-1025,www.lecom.edu/,1088,4117,3,0,31,37,3696748,4503913,119249.94,121727.38,110286.9382,94108.42955,100,539,199,340,0.033395176,0.063079777,0.06864564,0.257142857,0.585365854,0.0,0.028571429,0.0,0.0,0.028571429,0.073170732,0.0,0.028571429,0.073170732,0.0,0.0,0,0.075803083,0.666666667,0.154786781,0.473938235
409254,Erikson Institute,362593545,3510300,The Erikson Institute,451 N. LaSalle Street,Chicago,IL,60654-4510,https://www.erikson.edu/,129,368,3,0,1,20,64000,1897119,64000.0,94855.95,110286.9382,94108.42955,100,190,15,175,0.215789474,0.178947368,0.057894737,1.0,1.0,1.0,0.2,0.0,0.2,0.2,0.666666667,0.4,0.2,0.0,0.2,0.0,0,0.075803083,0.0,0,0.473938235
409315,South Texas College,742683499,3103400,,3201 W. Pecan,McAllen,TX,78501,https://www.southtexascollege.edu/,5257,26440,1,1,323,241,19869648,14839230,61515.94,61573.57,110286.9382,94108.42955,100,1198,508,690,0.008347245,0.858096828,0.012520868,0.417910448,0.0,0.0,0.014925373,0.0,0.0,0.253731343,0.0,0.0,0.0,0.0,0.0,0.0,0,0.075803083,1.0,0.035850004,0.473938235
409616,Roger Williams University School of Law,50465628,341001,RWU Law,Ten Metacom Ave,Bristol,RI,02809-5171,law.rwu.edu/,172,517,3,0,9,22,1366596,2716418,151844.0,123473.55,110286.9382,94108.42955,100,44,6,38,0.090909091,0.045454545,0.045454545,0.678571429,1.0,0.538461538,0.035714286,0.333333333,0.0,0.071428571,0.0,0.0,0.0,0.333333333,0.0,0.0,0,0.075803083,3.666666667,6.642512077,0.473938235
409698,California State University-Monterey Bay,946001347,3260300,CSUMB,100 Campus Center,Seaside,CA,93955-8001,https://csumb.edu/,2265,6742,1,1,93,135,9756312,13172700,104906.58,97575.56,110286.9382,94108.42955,100,574,219,355,0.043554007,0.283972125,0.081881533,0.514705882,0.590909091,0.54887218,0.014705882,0.0,0.007518797,0.029411765,0.136363636,0.082706767,0.161764706,0.075757576,0.120300752,2.666666667,0.378519044,0.075803083,20.33333333,2.886207712,0.473938235
412173,Academy for Nursing and Health Occupations,592757346,3346300,ANHO,5154 Okeechobee Blvd Ste 201,West Palm Beach,FL,33417,www.anho.edu/,92,559,3,0,6,13,569088,1249955,94848.0,96150.38,110286.9382,94108.42955,100,15,3,12,0.0,0.0,0.0,0.0,0.75,0.0,0.0,0.375,0.0,0.0,0.0,0.0,0.0,0.0,0.0,0.0,0,0.075803083,0.0,0,0.473938235
414911,Pennsylvania Highlands Community College,251721929,3180400,Pennsylvania Highlands,101 Community College Way,Johnstown,PA,15904-2949,www.pennhighlands.edu/,274,2286,1,0,8,15,458843,862594,57355.38,57506.27,110286.9382,94108.42955,100,85,39,46,0.011764706,0.0,0.0,0.625,0.833333333,0.75,0.125,0.0,0.0625,0.0,0.0,0.0,0.0,0.0,0.0,0.0,0,0.075803083,0.0,0,0.473938235
416801,The University of Texas MD Anderson Cancer Center,746001118,2555400,MD Anderson Cancer Center| MD Anderson Hospital|MD Anderson Hospital and Tumor Institute|MDACC|UTMDACC|Anderson Cancer Center,1515 Holcombe Blvd.,Houston,TX,77030-4009,www.mdanderson.org/,180,355,1,0,10,13,1675119,2067717,167511.9,159055.15,110286.9382,94108.42955,100,27,5,22,0.333333333,0.148148148,0.222222222,0.5,0.0,0.5,0.0,0.0,0.0,0.0,0.0,0.0,0.0,0.0,0.0,0.666666667,1.831501832,0.075803083,4.666666667,12.82051282,0.473938235
420246,Sonoran University of Health Sciences,860702049,3107000,,2140 E Broadway Rd,Tempe,AZ,85282,www.sonoran.edu/,173,551,3,0,7,11,567617,863007,81088.14,78455.18,110286.9382,94108.42955,100,134,33,101,0.089552239,0.097014925,0.074626866,0.428571429,1.0,0.0,0.142857143,0.2,0.0,0.0,0.0,0.0,0.0,0.0,0.0,0.0,0,0.075803083,0.0,0,0.473938235
420398,Northwest Vista College,746002173,3372300,,3535 N. Ellison Drive,San Antonio,TX,78251,alamo.edu/nvc/,2219,18808,1,0,100,104,5850910,6380620,58509.1,61352.12,110286.9382,94108.42955,100,376,145,231,0.069148936,0.611702128,0.037234043,0.425531915,0.558823529,0.443181818,0.0,0.0,0.0,0.170212766,0.264705882,0.181818182,0.021276596,0.029411765,0.011363636,0.0,0,0.075803083,0.0,0,0.473938235
423643,Midwestern University-Glendale,363377698,165701,,19555 N 59th Ave,Glendale,AZ,85308,https://www.midwestern.edu/,1269,3794,3,0,110,111,17776360,15227871,161603.27,137188.03,110286.9382,94108.42955,100,720,201,519,0.023611111,0.247222222,0.038888889,0.456521739,0.572815534,0.463414634,0.02173913,0.009708738,0.0,0.02173913,0.029126214,0.012195122,0.043478261,0.067961165,0.06097561,0.0,0,0.075803083,0.0,0,0.473938235
433536,Herzing University-New Orleans,271503981,962110,,3900 N. Causeway Blvd.,Metairie,LA,70002,https://www.herzing.edu/,112,368,3,0,0,7,0,598134,,85447.71,110286.9382,94108.42955,100,11,5,6,0.454545455,0.090909091,0.090909091,1.0,0.0,0.0,0.333333333,0.0,0.0,0.0,0.0,0.0,0.0,0.0,0.0,0.0,0,0.075803083,0.0,0,0.473938235
433660,Florida Gulf Coast University,650753801,3255300,,10501 Fgcu Blvd S,Fort Myers,FL,33965-6565,www.fgcu.edu/,3819,16167,1,1,292,258,28164689,22001715,96454.41,85277.97,110286.9382,94108.42955,100,965,334,631,0.07357513,0.131606218,0.021761658,0.284482759,0.410447761,0.5,0.00862069,0.014925373,0.0,0.017241379,0.02238806,0.5,0.025862069,0.029850746,0.0,0.0,0,0.075803083,4.666666667,0.292232868,0.473938235
434061,South Louisiana Community College,721425264,3956300,,1101 Bertrand Drive,Lafayette,LA,70506-4109,https://www.solacc.edu/,1486,5887,1,0,73,96,3839495,5152015,52595.82,53666.82,110286.9382,94108.42955,100,213,55,158,0.408450704,0.023474178,0.009389671,0.818181818,0.666666667,0.333333333,0.181818182,0.083333333,0.0,0.0,0.0,0.0,0.272727273,0.0,0.0,0.0,0,0.075803083,0.333333333,0.058716458,0.473938235
434672,Community College of Baltimore County,521977456,206300,CCBC|Community College of Baltimore County|Community College of Baltimore County - Essex|Community College of Baltimore County - Catonsville|Community College of Baltimore County - Dundalk,7201 Rossville Boulevard,Baltimore,MD,21237,www.ccbcmd.edu/,2393,15803,1,0,147,243,13823914,23125011,94040.23,95164.65,110286.9382,94108.42955,100,1694,665,1029,0.311688312,0.022432113,0.032467532,0.740740741,0.588709677,0.727272727,0.12345679,0.096774194,0.090909091,0.0,0.032258065,0.0,0.037037037,0.032258065,0.0,3.333333333,0.217594708,0.075803083,1.666666667,0.108797354,0.473938235
434900,Dewey University-Carolina,660498051,3112101,,Road 3 Compound 11 Lot 7 Carolina Industrial Park,Carolina,PR,00986,dewey.edu/,73,356,3,0,5,4,162500,130000,32500.0,32500.0,110286.9382,94108.42955,100,19,6,13,0.0,1.0,0.0,0.444444444,0.0,0.0,0.0,0.0,0.0,0.444444444,0.0,0.0,0.0,0.0,0.0,0.0,0,0.075803083,0.0,0,0.473938235
435000,Louisiana State University Health Sciences Center-Shreveport,720702002,806700,LSUHSC-S|LSU Health Sciences Center-Shreveport|LSU Health Sciences Center - Shreveport|LSU Health Sciences Center in Shreveport|LSU Health Sciences Center at Shreveport|Louisiana State University Health Sciences Center at Shreveport|Louisiana State University Health Sciences Center in Shreveport|LSU Health Shreveport,1501 Kings Hwy,Shreveport,LA,71103,https://www.lsuhs.edu/,279,1045,1,0,7,30,751264,2730756,107323.43,91025.2,110286.9382,94108.42955,100,668,220,448,0.329341317,0.025449102,0.034431138,0.345454545,0.337349398,0.23943662,0.0,0.084337349,0.0,0.0,0.0,0.014084507,0.090909091,0.096385542,0.056338028,0.666666667,0.65681445,0.075803083,20.33333333,20.03284072,0.473938235
436304,River Parishes Community College,721424618,3789400,,925 West Edenborne Parkway,Gonzales,LA,70737,www.rpcc.edu/,658,2406,1,0,25,33,1424550,1889219,56982.0,57249.06,110286.9382,94108.42955,100,67,15,52,0.47761194,0.059701493,0.0,0.75,0.6,0.0,0.25,0.6,0.0,0.0,0.0,0.0,0.0,0.0,0.0,0.0,0,0.075803083,0.0,0,0.473938235
437103,Baton Rouge Community College,721334786,3730300,BRCC,201 Community College Drive,Baton Rouge,LA,70806,www.mybrcc.edu/,1634,10859,1,0,50,67,2894464,4116398,57889.28,61438.78,110286.9382,94108.42955,100,185,67,118,0.740540541,0.010810811,0.016216216,0.708333333,0.548387097,0.0,0.25,0.096774194,0.0,0.083333333,0.0,0.0,0.041666667,0.0,0.0,0.0,0,0.075803083,0.333333333,0.035904064,0.473938235
439190,Cascadia College,912010540,3483500,,18345 Campus Way NE,Bothell,WA,98011-8205,www.cascadia.edu/,395,2013,1,0,18,26,1679133,2319118,93285.17,89196.85,110286.9382,94108.42955,100,115,35,80,0.026086957,0.060869565,0.139130435,0.0,0.0,0.609756098,0.0,0.0,0.0,0.0,0.0,0.048780488,0.0,0.0,0.073170732,0.0,0,0.075803083,0.666666667,0.361532899,0.473938235
439701,The King's University,464671972,3516300,,2121 E. Southlake Boulevard,Southlake,TX,76092,https://www.tku.edu/,120,579,4,0,9,2,861139,172847,95682.11,86423.5,110286.9382,94108.42955,100,42,18,24,0.071428571,0.095238095,0.0,0.142857143,0.5,0.0,0.0,0.0,0.0,0.0,0.0,0.0,0.0,0.0,0.0,0.0,0,0.075803083,0.0,0,0.473938235
440031,Keck Graduate Institute,954625327,3853300,KGI | Keck Graduate Institute of Applied Life Sciences,535 Watson Dr,Claremont,CA,91711,www.kgi.edu/,349,602,3,0,24,27,3789557,3735217,157898.21,138341.37,110286.9382,94108.42955,100,74,18,56,0.054054054,0.189189189,0.27027027,0.428571429,0.545454545,0.0,0.047619048,0.0,0.0,0.0,0.090909091,0.0,0.0,0.272727273,0.0,0.0,0,0.075803083,1.0,1.497005988,0.473938235
440402,Arkansas State University-Newport,710855933,4203400,ASUN ASU-Newport ASU Newport Arkansas State University Newport Arkansas State University - Newport,7648 Victory Blvd,Newport,AR,72112,https://www.asun.edu/,854,1732,1,0,28,38,1473269,1978985,52616.75,52078.55,110286.9382,94108.42955,100,116,41,75,0.129310345,0.0,0.00862069,0.0,0.857142857,0.666666667,0.0,0.142857143,0.0,0.0,0.0,0.0,0.0,0.0,0.0,0.0,0,0.075803083,0.333333333,0.209380235,0.473938235
440651,Atenas College,660537875,3544300,,Paseo del Atenas  #101,Manati,PR,00674-0000,www.atenascollege.edu/,153,611,3,0,10,36,208230,696456,20823.0,19346.0,110286.9382,94108.42955,100,43,11,32,0.0,1.0,0.0,0.0,0.0,0.782608696,0.0,0.0,0.0,0.0,0.0,0.782608696,0.0,0.0,0.0,0.0,0,0.075803083,0.0,0,0.473938235
440794,Pillar College,237075340,3666300,,"60 Park Place, Suite 701",Newark,NJ,07102,www.pillar.edu/,96,554,4,0,10,5,558082,300910,55808.2,60182.0,110286.9382,94108.42955,100,33,9,24,0.181818182,0.333333333,0.060606061,0.333333333,0.333333333,0.0,0.333333333,0.333333333,0.0,0.0,0.0,0.0,0.0,0.0,0.0,0.0,0,0.075803083,0.0,0,0.473938235
441104,Richmont Graduate University,620789275,3355400,,1815 McCallie Ave,Chattanooga,TN,37404,www.richmont.edu/,93,351,3,0,9,10,608278,703832,67586.44,70383.2,110286.9382,94108.42955,100,102,25,77,0.176470588,0.009803922,0.0,0.75,0.75,0.0,0.0,0.0,0.0,0.0,0.0,0.0,0.0,0.0,0.0,0.0,0,0.075803083,0.0,0,0.473938235
441131,The Seattle School of Theology & Psychology,912037146,3466400,The Seattle School,2501 Elliott Avenue,Seattle,WA,98121,theseattleschool.edu/,91,257,3,0,5,6,503206,399440,100641.2,66573.33,110286.9382,94108.42955,100,57,19,38,0.052631579,0.01754386,0.052631579,0.0,0.333333333,0.0,0.0,0.0,0.0,0.0,0.0,0.0,0.0,0.0,0.0,0.0,0,0.075803083,0.0,0,0.473938235
441760,Lamar Institute of Technology,760694136,3627300,,855 E Lavaca,Beaumont,TX,77705,https://www.lit.edu/,1004,5302,1,0,32,47,1707296,2627385,53353.0,55901.81,110286.9382,94108.42955,100,124,37,87,0.217741935,0.064516129,0.008064516,0.0,0.0,0.702702703,0.0,0.0,0.081081081,0.0,0.0,0.027027027,0.0,0.0,0.027027027,0.0,0,0.075803083,0.0,0,0.473938235
441900,Nevada State University,886000024,4114300,NS,1300 Nevada State Drive,Henderson,NV,89002,https://nsc.edu/,881,7283,1,0,42,81,3648379,7055683,86866.17,87107.2,110286.9382,94108.42955,100,264,60,204,0.147727273,0.196969697,0.071969697,0.5,0.736842105,0.64516129,0.0,0.0,0.0,0.166666667,0.210526316,0.193548387,0.0,0.105263158,0.064516129,0.0,0,0.075803083,1.0,0.139489469,0.473938235
441937,California State University-Channel Islands,912153805,3980300,CSU Channel Islands,1 University Drive,Camarillo,CA,93012,www.csuci.edu/,1931,5688,1,0,98,126,10385820,12776736,105977.76,101402.67,110286.9382,94108.42955,100,509,179,330,0.039292731,0.430255403,0.086444008,0.456140351,0.616666667,0.543103448,0.01754386,0.0,0.00862069,0.105263158,0.15,0.129310345,0.070175439,0.066666667,0.068965517,0.0,0,0.075803083,9.666666667,1.57745866,0.473938235
441982,Franklin W Olin College of Engineering,61519057,3946300,Olin College of Engineering,1000 Olin Way,Needham,MA,02492-1200,www.olin.edu/,85,402,3,0,24,23,3084721,2886840,128530.04,125514.78,110286.9382,94108.42955,100,76,14,62,0.065789474,0.013157895,0.052631579,0.45,0.5,0.0,0.0,0.0,0.0,0.0,0.0,0.0,0.05,0.083333333,0.0,0.0,0,0.075803083,0.333333333,0.863557858,0.473938235
442295,Ave Maria School of Law,383519708,3691400,,1025 Commons Circle,Naples,FL,34119,https://www.avemarialaw.edu/,100,273,4,0,14,12,1633100,1232598,116650.0,102716.5,110286.9382,94108.42955,100,44,10,34,0.045454545,0.113636364,0.0,0.333333333,0.166666667,0.3,0.0,0.0,0.0,0.111111111,0.0,0.1,0.0,0.0,0.0,0.0,0,0.075803083,0.0,0,0.473938235
442356,Pennsylvania College of Health Sciences,61645496,986300,PA College,850 Greenfield Road,Lancaster,PA,17601,https://www.pacollege.edu/,518,1770,3,0,10,64,738635,4913853,73863.5,76778.95,110286.9382,94108.42955,100,71,28,43,0.084507042,0.056338028,0.014084507,0.666666667,0.75,0.0,0.0,0.0,0.0,0.0,0.0,0.0,0.0,0.0,0.0,0.0,0,0.075803083,0.0,0,0.473938235
443049,Faith International University,911559533,3689400,Faith Seminary,3504 N Pearl St,Tacoma,WA,98407-0186,https://www.faithiu.edu/,88,370,4,0,5,1,231500,47200,46300.0,47200.0,110286.9382,94108.42955,100,21,8,13,0.0,0.0,0.285714286,0.25,0.0,0.0,0.0,0.0,0.0,0.0,0.0,0.0,0.25,0.0,0.0,0.0,0,0.075803083,0.0,0,0.473938235
443492,Pierpont Community and Technical College,320260490,4038500,,500 Galliher Drive,Fairmont,WV,26554,https://www.pierpont.edu/,440,1939,1,0,22,33,1390578,2066178,63208.09,62611.45,110286.9382,94108.42955,100,53,17,36,0.037735849,0.0,0.0,0.666666667,0.727272727,0.666666667,0.111111111,0.0,0.0,0.0,0.0,0.0,0.0,0.0,0.0,0.0,0,0.075803083,1.666666667,1.141552511,0.473938235
443562,Dewey University-Hato Rey,660498051,3112100,,Barbosa Ave #427 3rd Floor - Malco Bldg,Hato Rey,PR,00910,dewey.edu/,122,387,3,1,18,17,430000,410000,23888.89,24117.65,110286.9382,94108.42955,100,20,6,14,0.0,1.0,0.0,0.485714286,0.0,0.0,0.0,0.0,0.0,0.485714286,0.0,0.0,0.0,0.0,0.0,0.0,0,0.075803083,0.0,0,0.473938235
444219,Folsom Lake College,941576340,3871300,Folsom Lake | FLC,10 College Parkway,Folsom,CA,95630,https://www.flc.losrios.edu/,1037,10214,1,0,58,72,6243141,7234569,107640.36,100480.12,110286.9382,94108.42955,100,130,50,80,0.046153846,0.184615385,0.115384615,0.0,0.0,0.52,0.0,0.0,0.02,0.0,0.0,0.03,0.0,0.0,0.06,0.0,0,0.075803083,0.0,0,0.473938235
444954,Mountwest Community and Technical College,472045326,4041400,MCTC,One Mountwest Way,Huntington,WV,25701,www.mctc.edu/,168,1459,1,0,20,39,1070735,2225149,53536.75,57055.1,110286.9382,94108.42955,100,48,13,35,0.083333333,0.0,0.020833333,0.625,0.75,0.666666667,0.0,0.0,0.0,0.0,0.0625,0.0,0.0,0.0625,0.0,0.0,0,0.075803083,0.0,0,0.473938235
445188,University of California-Merced,270093858,4127100,UC Merced,5200 North Lake Road,Merced,CA,95343-5603,ucmerced.edu/,2018,9147,1,1,223,205,28990320,25178031,130001.43,122819.66,110286.9382,94108.42955,100,1345,515,830,0.03197026,0.395539033,0.126394052,0.413461538,0.423529412,0.424390244,0.0,0.023529412,0.009756098,0.038461538,0.082352941,0.058536585,0.057692308,0.082352941,0.073170732,0.666666667,0.07323593,0.075803083,3.333333333,0.366179648,0.473938235
445708,Johnson & Wales University-Charlotte,50306206,340410,,"Academic Center, 801 West Trade Street",Charlotte,NC,28202,https://www.jwu.edu/campuses/charlotte/,289,1128,3,0,38,38,3725347,3592402,98035.45,94536.89,110286.9382,94108.42955,100,111,38,73,0.333333333,0.036036036,0.0,0.333333333,0.594594595,0.0,0.0,0.054054054,0.0,0.0,0.027027027,0.0,0.111111111,0.0,0.0,0.0,0,0.075803083,2.0,1.754385965,0.473938235
445735,Roseman University of Health Sciences,880435559,4065300,Southern Nevada Educational Services Roseman University of Health Sciences    Nevada College of Pharmacy    University of Southern Nevada,11 Sunset Way,Henderson,NV,89014,www.roseman.edu/,582,1398,3,0,52,55,8007093,6761301,153982.56,122932.75,110286.9382,94108.42955,100,295,73,222,0.088135593,0.213559322,0.091525424,0.2,0.387096774,0.0,0.1,0.0,0.0,0.0,0.0,0.0,0.0,0.193548387,0.0,0.0,0,0.075803083,0.333333333,0.225377507,0.473938235
445869,Divine Mercy University,541911091,3872400,DMU,45154 Underwood Lane,Sterling,VA,20166,www.divinemercy.edu/,103,442,4,0,12,18,1281482,1533840,106790.17,85213.33,110286.9382,94108.42955,100,43,20,23,0.069767442,0.139534884,0.046511628,0.375,0.727272727,0.0,0.125,0.090909091,0.0,0.125,0.0,0.0,0.0,0.0,0.0,0.0,0,0.075803083,0.0,0,0.473938235
446048,Ave Maria University,30482006,3941300,AMU,5050 Ave Maria Blvd,Ave Maria,FL,34142-9505,www.avemaria.edu/,258,1335,4,0,53,26,4539930,1672648,85659.06,64332.62,110286.9382,94108.42955,100,137,67,70,0.02189781,0.160583942,0.00729927,0.238095238,0.346153846,0.0,0.0,0.0,0.0,0.0,0.0,0.0,0.0,0.038461538,0.0,0.0,0,0.075803083,2.333333333,1.781170483,0.473938235
446604,Uta Mesivta of Kiryas Joel,61555313,3802300,,48 Bakertown Rd Suite 501,Monroe,NY,10950,utam.edu/,403,2729,4,0,181,0,7521488,0,41555.18,,110286.9382,94108.42955,100,59,54,5,0.0,0.0,0.0,0.0,0.0,0.0,0.0,0.0,0.0,0.0,0.0,0.0,0.0,0.0,0.0,0.0,0,0.075803083,0.0,0,0.473938235
446640,Harrisburg University of Science and Technology,251900793,3948300,,326 Market Street,Harrisburg,PA,17101-2208,www.harrisburgu.edu/,796,3558,3,0,93,42,9351060,3745713,100549.03,89183.64,110286.9382,94108.42955,100,174,83,91,0.051724138,0.022988506,0.028735632,0.25,0.318181818,0.0,0.0,0.0,0.0,0.0,0.0,0.0,0.083333333,0.0,0.0,0.0,0,0.075803083,0.0,0,0.473938235
446774,Blue Ridge Community and Technical College,412167984,3957300,,13650 Apple Harvest Drive,Martinsburg,WV,25403,https://www.blueridgectc.edu/,468,4309,1,0,45,70,2779353,4940848,61763.4,70583.54,110286.9382,94108.42955,100,96,35,61,0.083333333,0.03125,0.052083333,0.833333333,0.75,1.0,0.0,0.0,0.0,0.0,0.0,0.0,0.0,0.0,0.0,0.0,0,0.075803083,0.0,0,0.473938235
447582,New River Community and Technical College,113742937,3960300,,280 University Drive,Beaver,WV,25813-8987,https://www.newriver.edu/,258,1262,1,0,27,26,1499680,1442352,55543.7,55475.08,110286.9382,94108.42955,100,97,39,58,0.092783505,0.0,0.0,0.4,0.5,0.25,0.0,0.0,0.0,0.0,0.0,0.0,0.0,0.0,0.0,0.0,0,0.075803083,0.0,0,0.473938235
447689,Georgia Gwinnett College,270124698,4142900,,1000 University Center Lane,Lawrenceville,GA,30043,www.ggc.edu/,1153,11907,1,0,192,216,15972855,16842582,83191.95,77974.92,110286.9382,94108.42955,100,393,155,238,0.300254453,0.06870229,0.078880407,0.444444444,0.540880503,0.0,0.04040404,0.075471698,0.0,0.0,0.018867925,0.0,0.090909091,0.062893082,0.0,0.0,0,0.075803083,13.33333333,1.208824418,0.473938235
447953,SUM Bible College and Theological Seminary,721226741,3752400,School of Urban Missions,1101 Investment Blvd. #200,El Dorado Hills,CA,95762,www.sum.edu/,90,508,4,0,4,1,240000,60000,60000.0,60000.0,110286.9382,94108.42955,100,12,10,2,0.0,0.083333333,0.25,0.2,0.0,0.0,0.0,0.0,0.0,0.0,0.0,0.0,0.0,0.0,0.0,0.0,0,0.075803083,0.0,0,0.473938235
448594,Lemoore College,770323447,4111300,,555 College Avenue,Lemoore,CA,93245,https://www.westhillscollege.com/lemoore/,788,4160,1,1,19,21,2400894,2371288,126362.84,112918.48,110286.9382,94108.42955,100,101,25,76,0.059405941,0.603960396,0.00990099,0.0,0.0,0.466666667,0.0,0.0,0.0,0.0,0.0,0.133333333,0.0,0.0,0.0,0.0,0,0.075803083,0.0,0,0.473938235
449135,Dewey University-Juana Díaz,660498051,3112107,,"Bo. Lomas, Road 149, Km. 67.02",Juana Diaz,PR,00910,dewey.edu/,70,248,3,0,6,6,196000,192000,32666.67,32000.0,110286.9382,94108.42955,100,12,5,7,0.0,1.0,0.0,0.5,0.0,0.0,0.0,0.0,0.0,0.5,0.0,0.0,0.0,0.0,0.0,0.0,0,0.075803083,0.0,0,0.473938235
455114,College of Western Idaho,260684268,4211800,CWI,5500 East Opportunity Drive,Nampa,ID,83687,https://cwi.edu/,1211,10326,1,0,89,88,5882421,5751113,66094.62,65353.56,110286.9382,94108.42955,100,988,434,554,0.008097166,0.082995951,0.01417004,0.875,0.416666667,0.0,0.0,0.0,0.0,0.0625,0.0,0.0,0.0,0.041666667,0.0,2.0,0.201612903,0.075803083,2.333333333,0.235215054,0.473938235
455406,Pacific Northwest University of Health Sciences,61744054,4130500,PNWU,200 University Parkway,Yakima,WA,98901,https://www.pnwu.edu/,159,649,3,0,6,8,811088,958052,135181.33,119756.5,110286.9382,94108.42955,100,191,51,140,0.020942408,0.157068063,0.02617801,0.4,0.375,0.0,0.0,0.125,0.0,0.0,0.0,0.0,0.0,0.0,0.0,0.0,0,0.075803083,0.0,0,0.473938235
455433,The Chicago School at Anaheim,900394713,2155305,The Chicago School of Professional Psychology at Anaheim,"2400 E. Katella Ave., Suite 1200",Anaheim,CA,92806,https://www.thechicagoschool.edu/in-the-community/locations/,85,524,3,0,11,11,1068378,1049952,97125.27,95450.18,110286.9382,94108.42955,100,4,1,3,0.25,0.25,0.0,0.444444444,0.6,0.0,0.0,0.0,0.0,0.111111111,0.0,0.0,0.222222222,0.0,0.0,0.0,0,0.075803083,0.0,0,0.473938235
455512,Woodland Community College,680447767,4143800,,2300 E Gibson Rd,Woodland,CA,95776,https://wcc.yccd.edu/,1358,3664,1,1,13,28,1490776,2945632,114675.08,105201.14,110286.9382,94108.42955,100,3,1,2,0.333333333,0.0,0.0,0.0,0.0,0.615384615,0.0,0.0,0.0,0.0,0.0,0.038461538,0.0,0.0,0.038461538,0.0,0,0.075803083,0.0,0,0.473938235
455664,The Chicago School at Los Angeles,900394713,2155300,The Chicago School of Professional Psychology at Los Angeles,707 Wilshire Boulevard,Los Angeles,CA,90017,https://www.thechicagoschool.edu/in-the-community/locations/,748,3392,3,0,33,56,3126839,5263697,94752.7,93994.59,110286.9382,94108.42955,100,186,43,143,0.198924731,0.166666667,0.043010753,0.5625,0.722222222,0.0,0.0625,0.111111111,0.0,0.125,0.0,0.0,0.0,0.083333333,0.0,0.0,0,0.075803083,0.0,0,0.473938235
456542,Geisinger Commonwealth School of Medicine,260812968,4167200,GCSOM,525 Pine St,Scranton,PA,18509,https://www.geisinger.edu/education,232,649,3,0,0,12,0,1038544,,86545.33,110286.9382,94108.42955,100,129,31,98,0.054263566,0.054263566,0.046511628,0.444444444,0.2,0.5,0.0,0.0,0.0,0.0,0.0,0.0,0.111111111,0.1,0.0,0.0,0,0.075803083,1.333333333,1.883239171,0.473938235
456959,University of Minnesota-Rochester,416007513,396903,,"111 South Broadway, Suite 300",Rochester,MN,55904,https://r.umn.edu/,159,588,1,0,18,23,1432714,1647082,79595.22,71612.26,110286.9382,94108.42955,100,55,15,40,0.072727273,0.090909091,0.054545455,0.5,0.375,0.4,0.0,0.0,0.0,0.0,0.0,0.0,0.0,0.0,0.0,0.0,0,0.075803083,0.333333333,0.529100529,0.473938235
459727,Touro University Worldwide,133838740,4142500,TUW,10601 Calle Lee  #179,Los Alamitos,CA,90720,https://www.tuw.edu/,773,2357,3,0,5,6,446480,518139,89296.0,86356.5,110286.9382,94108.42955,100,41,12,29,0.073170732,0.146341463,0.195121951,0.5,0.571428571,0.0,0.5,0.0,0.0,0.0,0.142857143,0.0,0.0,0.0,0.0,0.0,0,0.075803083,0.0,0,0.473938235
459736,Touro University California,133838740,4142600,TUC,1310 Club Drive,Vallejo,CA,94592,www.tu.edu/,337,1090,4,0,10,33,1363142,4199564,136314.2,127259.52,110286.9382,94108.42955,100,190,60,130,0.163157895,0.173684211,0.157894737,0.411764706,0.685714286,0.0,0.0,0.114285714,0.0,0.0,0.057142857,0.0,0.058823529,0.114285714,0.0,0.0,0,0.075803083,0.0,0,0.473938235
459745,The Chicago School at Washington DC,800477644,2155306,The Chicago School of Professional Psychology at Washington DC,"901 15th St., NW",Washington,DC,20005,https://www.thechicagoschool.edu/washington-dc/,150,615,3,0,12,12,1082504,1239574,90208.67,103297.83,110286.9382,94108.42955,100,16,2,14,0.375,0.0625,0.0625,0.5,0.571428571,0.0,0.0,0.285714286,0.0,0.0,0.0,0.0,0.125,0.0,0.0,0.0,0,0.075803083,0.0,0,0.473938235
459824,Touro University Nevada,200363127,4142601,,874 American Pacific Drive,Henderson,NV,89014,www.tun.touro.edu/,451,1625,4,0,13,31,1566293,3706862,120484.08,119576.19,110286.9382,94108.42955,100,188,69,119,0.095744681,0.196808511,0.042553191,0.611111111,0.5,0.0,0.0,0.033333333,0.0,0.0,0.033333333,0.0,0.111111111,0.066666667,0.0,0.666666667,0.427350427,0.075803083,0.0,0,0.473938235
459842,Herzing University-Kenosha,271503981,962103,,5800 7th Avenue,Kenosha,WI,53140,https://www.herzing.edu/,266,545,3,0,2,13,208181,1121030,104090.5,86233.08,110286.9382,94108.42955,100,24,7,17,0.166666667,0.083333333,0.0,0.5,0.0,0.0,0.0,0.0,0.0,0.0,0.0,0.0,0.0,0.0,0.0,0.0,0,0.075803083,0.0,0,0.473938235
459851,Herzing University-Brookfield,271503981,962104,,15895 W Bluemound Rd,Brookfield,WI,53005,https://www.herzing.edu/,157,383,3,0,2,8,187345,697505,93672.5,87188.12,110286.9382,94108.42955,100,10,6,4,0.0,0.1,0.0,1.0,0.5,0.0,1.0,0.0,0.0,0.0,0.0,0.0,0.0,0.0,0.0,0.0,0,0.075803083,0.0,0,0.473938235
459949,Texas A&M University-San Antonio,264168896,4248500,A&M-SA,One University Way,San Antonio,TX,78224,www.tamusa.edu/,1393,7584,1,0,111,110,9072183,7622734,81731.38,69297.58,110286.9382,94108.42955,100,399,145,254,0.05764411,0.5839599,0.030075188,0.333333333,0.412698413,0.4,0.0,0.0,0.0,0.0,0.142857143,0.094117647,0.0,0.079365079,0.058823529,1.333333333,0.182423496,0.075803083,3.0,0.410452866,0.473938235
460349,Johnson & Wales University-Online,50306206,340400,,8 Abbott Park Pl,Providence,RI,02903,https://online.jwu.edu/?_ga=2.36357734.752362341.1629739669-391300583.1600981500,664,2597,3,0,3,1,308459,138600,102819.67,138600.0,110286.9382,94108.42955,100,66,16,50,0.015151515,0.060606061,0.03030303,0.333333333,0.0,0.0,0.0,0.0,0.0,0.0,0.0,0.0,0.0,0.0,0.0,0.0,0,0.075803083,1.666666667,0.365016791,0.473938235
460394,Moreno Valley College,330831357,4173500,,16130 Lasselle St,Moreno Valley,CA,92551,www.mvc.edu/,1319,10023,1,1,42,66,6110905,9197214,145497.74,139351.73,110286.9382,94108.42955,100,165,65,100,0.23030303,0.43030303,0.042424242,0.0,0.0,0.597402597,0.0,0.0,0.051948052,0.0,0.0,0.12987013,0.0,0.0,0.051948052,0.0,0,0.075803083,0.333333333,0.036650174,0.473938235
460464,Norco College,330831357,4176100,,2001 Third St,Norco,CA,92860,www.norcocollege.edu/Pages/index.aspx,1105,10787,1,1,51,58,7073424,8190610,138694.59,141217.41,110286.9382,94108.42955,100,160,61,99,0.1125,0.5,0.04375,0.0,0.0,0.608695652,0.0,0.0,0.014492754,0.0,0.0,0.115942029,0.0,0.0,0.014492754,0.0,0,0.075803083,0.0,0,0.473938235
461528,Manna University,561057695,4173700,Manna U,5117 Cliffdale Road,Fayetteville,NC,28314-2343,https://www.manna.edu/,50,230,4,0,6,2,91367,8014,15227.83,4007.0,110286.9382,94108.42955,100,25,7,18,0.12,0.12,0.0,0.25,0.0,0.0,0.0,0.0,0.0,0.0,0.0,0.0,0.0,0.0,0.0,0.0,0,0.075803083,0.0,0,0.473938235
461795,North American University,208825983,4179500,,11929 West Airport Blvd.,Stafford,TX,77477-0000,www.na.edu/,226,923,3,0,9,10,512450,501451,56938.89,50145.1,110286.9382,94108.42955,100,70,43,27,0.328571429,0.185714286,0.028571429,0.0,1.0,0.0,0.0,0.0,0.0,0.0,0.0,0.0,0.0,0.0,0.0,0.0,0,0.075803083,0.0,0,0.473938235
462354,John Paul the Great Catholic University,200471061,4193700,JPCatholic,155 W. Grand Ave,Escondido,CA,92025,https://jpcatholic.edu/,120,298,4,0,7,1,650000,80000,92857.14,80000.0,110286.9382,94108.42955,100,67,28,39,0.014925373,0.164179104,0.089552239,0.125,0.0,0.0,0.0,0.0,0.0,0.0,0.0,0.0,0.0,0.0,0.0,0.0,0,0.075803083,0.0,0,0.473938235
464226,Ottawa University-Surprise,480543772,193722,OUAZ-Surprise,15950 N. Civic Center Plaza,Surprise,AZ,85374,www.ottawa.edu/ouaz/home,177,836,4,0,8,7,540015,510454,67501.88,72922.0,110286.9382,94108.42955,100,103,60,43,0.077669903,0.203883495,0.038834951,1.0,0.75,1.0,0.0,0.0,0.0,0.0,0.0,0.0,1.0,0.0,1.0,0.0,0,0.075803083,1.333333333,0.768049155,0.473938235
469416,Dewey University-Manati,660498051,3112109,,"Road 604, Km. 49.1, Barrio Tierras Nuevas Saliente",Manati,PR,00674-0000,dewey.edu/,81,255,3,0,10,10,318000,318000,31800.0,31800.0,110286.9382,94108.42955,100,14,5,9,0.0,1.0,0.0,0.5,0.0,0.0,0.0,0.0,0.0,0.5,0.0,0.0,0.0,0.0,0.0,0.0,0,0.075803083,0.0,0,0.473938235
475033,Relay Graduate School of Education,275316628,4208600,,"25 Broadway, 3rd Fl",New York,NY,10004,www.relay.edu/,1126,1911,3,0,17,86,1995951,10038043,117408.88,116721.43,110286.9382,94108.42955,100,170,46,124,0.3,0.182352941,0.088235294,0.818181818,0.877192982,0.0,0.333333333,0.333333333,0.0,0.090909091,0.070175439,0.0,0.060606061,0.035087719,0.0,0.0,0,0.075803083,0.0,0,0.473938235
475565,CUNY Stella and Charles Guttman Community College,136400434,4210100,Guttman | CUNY Guttman Community College | GCC | Stella and Charles Guttman Community College | Guttman Community College,50 West 40th Street,New York,NY,10018-2602,https://www.guttman.cuny.edu/,174,1101,1,0,20,29,1970030,2964825,98501.5,102235.34,110286.9382,94108.42955,100,164,60,104,0.292682927,0.335365854,0.140243902,0.666666667,0.785714286,0.625,0.25,0.071428571,0.166666667,0.0,0.0,0.0,0.0,0.142857143,0.041666667,0.0,0,0.075803083,0.0,0,0.473938235
481401,Grace School of Theology,760690847,4215400,,3705 College Park Dr Ste 140,Conroe,TX,77384-4894,www.gsot.edu/,82,593,4,0,6,0,435078,0,72513.0,,110286.9382,94108.42955,100,29,17,12,0.379310345,0.068965517,0.034482759,0.0,0.0,0.0,0.0,0.0,0.0,0.0,0.0,0.0,0.0,0.0,0.0,0.0,0,0.075803083,0.0,0,0.473938235
482149,Augusta University,586002053,157900,,1120 15th St,Augusta,GA,30912,www.augusta.edu/,2550,9862,1,1,216,267,23766759,24757276,110031.29,92723.88,110286.9382,94108.42955,100,3598,1220,2378,0.252362424,0.037242913,0.093663146,0.295154185,0.45229682,0.413407821,0.013215859,0.042402827,0.027932961,0.004405286,0.024734982,0.016759777,0.052863436,0.053003534,0.039106145,0.0,0,0.075803083,17.66666667,1.932895697,0.473938235
482158,Middle Georgia State University,586002057,158100,,100 University Parkway,Macon,GA,31206,https://www.mga.edu/,1442,8033,1,0,129,139,9906073,10292458,76791.26,74046.46,110286.9382,94108.42955,100,408,167,241,0.254901961,0.026960784,0.026960784,0.459016393,0.533333333,0.482517483,0.049180328,0.106666667,0.06993007,0.016393443,0.013333333,0.013986014,0.032786885,0.013333333,0.020979021,1.333333333,0.173430454,0.075803083,5.333333333,0.693721818,0.473938235
482680,University of North Georgia,586002060,158500,UNG,82 College Circle,Dahlonega,GA,30597,www.ung.edu/,2981,18074,1,0,363,320,27765554,23904148,76489.13,74700.46,110286.9382,94108.42955,100,1083,407,676,0.058171745,0.055401662,0.01754386,0.401273885,0.426315789,0.416184971,0.01910828,0.021052632,0.020231214,0.025477707,0.015789474,0.020231214,0.031847134,0.026315789,0.028901734,1.333333333,0.073954924,0.075803083,17.0,0.942925287,0.473938235
482699,South Georgia State College,586002058,159200,,100 West College Park Drive,Douglas,GA,31533,www.sgsc.edu/,351,1853,1,0,28,29,1753925,1834681,62640.18,63264.86,110286.9382,94108.42955,100,105,40,65,0.285714286,0.038095238,0.019047619,0.583333333,0.380952381,0.484848485,0.0,0.0,0.0,0.083333333,0.047619048,0.060606061,0.0,0.0,0.0,0.0,0,0.075803083,0.0,0,0.473938235
482705,Northeastern University Professional Programs,41679980,219900,,360 Huntington Ave,Boston,MA,02115,https://www.northeastern.edu/,3432,7471,3,1,42,63,5035744,6471494,119898.67,102722.13,110286.9382,94108.42955,100,125,47,78,0.104,0.048,0.064,0.740740741,0.620689655,0.857142857,0.037037037,0.103448276,0.0,0.037037037,0.0,0.142857143,0.0,0.0,0.0,6.0,0.199913371,0.075803083,19.33333333,0.644165306,0.473938235
482936,Florida Polytechnic University,460764837,4263400,Florida Poly,4700 Research Way,Lakeland,FL,33805-8531,floridapoly.edu/,314,1618,1,0,64,21,5906860,1788190,92294.69,85151.9,110286.9382,94108.42955,100,177,82,95,0.06779661,0.129943503,0.033898305,0.166666667,0.090909091,0.0,0.0,0.0,0.0,0.0,0.0,0.0,0.0,0.0,0.0,0.0,0,0.075803083,1.333333333,0.836995187,0.473938235
483036,Texas A&M University-Central Texas,244169042,4229500,A&M-Central Texas,1001 Leadership Place,Killeen,TX,76549,tamuct.edu/,710,2255,1,0,39,54,3491503,4275914,89525.72,79183.59,110286.9382,94108.42955,100,217,78,139,0.184331797,0.175115207,0.02764977,0.333333333,0.583333333,0.514285714,0.0,0.027777778,0.028571429,0.0,0.027777778,0.028571429,0.166666667,0.083333333,0.085714286,0.0,0,0.075803083,1.0,0.454959054,0.473938235
483212,Louisiana Delta Community College,721506851,4130100,LDCC,7500 Millhaven Rd,Monroe,LA,71203,https://www.ladelta.edu/,1043,3775,1,1,45,48,2443389,2544763,54297.53,53015.9,110286.9382,94108.42955,100,143,38,105,0.272727273,0.027972028,0.006993007,0.666666667,0.428571429,1.0,0.333333333,0.142857143,0.0,0.0,0.0,0.0,0.0,0.0,0.0,0.0,0,0.075803083,0.0,0,0.473938235
483595,Ana G. Mendez University,660201206,4240400,AGMU,5575 South Semoran Blvd. Suite #502,Orlando,FL,32822,www.agmu.edu/,1285,8382,3,0,14,28,945010,1936706,67500.71,69168.07,110286.9382,94108.42955,100,302,90,212,0.016556291,0.963576159,0.0,0.0,1.0,0.0,0.0,0.0,0.0,0.0,1.0,0.0,0.0,0.0,0.0,0.0,0,0.075803083,0.0,0,0.473938235
484473,University of Florida-Online,596002052,153500,,341 Tigert Hall  300 SW 13th St,Gainesville,FL,32611,https://www.ufonline.ufl.edu/,977,5462,1,0,11,5,846956,230656,76996.0,46131.2,110286.9382,94108.42955,100,68,26,42,0.058823529,0.102941176,0.044117647,0.0,0.0,0.0,0.0,0.0,0.0,0.0,0.0,0.0,0.0,0.0,0.0,2.666666667,0.048299554,0.075803083,57.33333333,1.038440407,0.473938235
484905,University of North Texas at Dallas,271208151,4242100,UNTD,7300 University Hills Drive,Dallas,TX,75241,untdallas.edu/,998,3797,1,0,69,69,5752939,5683865,83375.93,82374.86,110286.9382,94108.42955,100,275,91,184,0.389090909,0.254545455,0.029090909,0.75,0.444444444,0.526315789,0.25,0.0,0.052631579,0.0,0.0,0.0,0.0,0.111111111,0.105263158,0.0,0,0.075803083,0.0,0,0.473938235
484932,BridgeValley Community & Technical College,465109796,4038600,,2001 Union Carbide Dr,South  Charleston,WV,25136,www.bridgevalley.edu/,288,1793,1,0,28,45,1634925,2808061,58390.18,62401.36,110286.9382,94108.42955,100,90,31,59,0.088888889,0.0,0.011111111,0.647058824,0.727272727,0.0,0.0,0.045454545,0.0,0.0,0.0,0.0,0.0,0.0,0.0,0.0,0,0.075803083,0.0,0,0.473938235
485111,Georgia Military College,580616992,157100,,201 E Greene St,Milledgeville,GA,31061,https://www.gmc.edu/,1474,6765,1,0,38,46,2066046,2524296,54369.63,54876.0,110286.9382,94108.42955,100,443,194,249,0.286681716,0.058690745,0.006772009,0.523809524,0.454545455,0.0,0.047619048,0.090909091,0.0,0.0,0.090909091,0.0,0.023809524,0.090909091,0.0,0.0,0,0.075803083,0.0,0,0.473938235
486257,Valor Christian College,271625785,4224300,,4595 Gender Road,Canal Winchester,OH,43110,https://www.valorcollege.edu/,75,352,4,0,4,0,234600,0,58650.0,,110286.9382,94108.42955,100,14,7,7,0.5,0.0,0.071428571,0.0,0.0,0.0,0.0,0.0,0.0,0.0,0.0,0.0,0.0,0.0,0.0,0.0,0,0.075803083,0.0,0,0.473938235
486840,Kennesaw State University,580965786,157700,KSU,1000 Chastain Rd,Kennesaw,GA,30144,www.kennesaw.edu/,7775,45069,1,0,657,633,59752192,50983215,90947.02,80542.2,110286.9382,94108.42955,100,2519,937,1582,0.236601826,0.081381501,0.037316395,0.385416667,0.439716312,0.413978495,0.034722222,0.04964539,0.043010753,0.010416667,0.024822695,0.017921147,0.065972222,0.081560284,0.075268817,0.0,0,0.075803083,10.0,0.231535078,0.473938235
486901,Milligan University,620535755,351100,Milligan,1 Blowers Blvd.,Milligan,TN,37682,www.milligan.edu/,344,1200,4,0,55,49,3738379,2984093,67970.53,60899.86,110286.9382,94108.42955,100,163,75,88,0.018404908,0.018404908,0.006134969,0.352941176,0.411764706,0.409090909,0.0,0.0,0.0,0.0,0.0,0.0,0.0,0.029411765,0.03030303,0.0,0,0.075803083,0.333333333,0.301659125,0.473938235
487010,The University of Tennessee Health Science Center,626001636,672500,UTHSC,875 Monroe Avenue,Memphis,TN,38163,www.uthsc.edu/,1125,3121,1,0,123,168,21693943,21838062,176373.52,129988.46,110286.9382,94108.42955,100,3087,1264,1823,0.252024619,0.032069971,0.081308714,0.294117647,0.449275362,0.307377049,0.017301038,0.069565217,0.036885246,0.003460208,0.011594203,0.0,0.044982699,0.07826087,0.045081967,0.0,0,0.075803083,2.0,0.637145588,0.473938235
487092,Emory University-Oxford College,580566256,156401,,801 Emory Street,Oxford,GA,30054,www.oxford.emory.edu/,615,973,4,0,49,48,4079495,3997326,83255.0,83277.62,110286.9382,94108.42955,100,146,42,104,0.328767123,0.054794521,0.034246575,0.666666667,0.475,0.5,0.0,0.05,0.025,0.0,0.025,0.0,0.083333333,0.05,0.05,0.0,0,0.075803083,1.666666667,1.590330789,0.473938235
487320,Texas State Technical College,741646989,363400,TSTC,3801 Campus Drive,Waco,TX,76705,www.tstc.edu/,2193,11436,1,1,435,127,33049522,8450640,75975.91,66540.47,110286.9382,94108.42955,100,1094,437,657,0.069469835,0.412248629,0.018281536,0.25,0.578947368,0.0,0.0,0.0,0.0,0.25,0.210526316,0.0,0.0,0.0,0.0,0.0,0,0.075803083,8.666666667,0.817532937,0.473938235
487524,Husson University,10271210,204300,Husson,1 College Circle,Bangor,ME,04401-2929,www.husson.edu/,769,3133,3,0,63,56,4742461,4206686,75277.16,75119.39,110286.9382,94108.42955,100,339,183,156,0.01179941,0.0,0.005899705,0.357142857,0.5,0.0,0.0,0.0,0.0,0.0,0.0,0.0,0.0,0.0,0.0,0.0,0,0.075803083,1.333333333,0.435019032,0.473938235
488730,Northeast Lakeview College,746002173,4263600,,1201 Kitty Hawk Rd,Universal City,TX,78145,www.alamo.edu/nlc,846,8265,1,0,35,48,2183285,2922830,62379.57,60892.29,110286.9382,94108.42955,100,181,64,117,0.187845304,0.46961326,0.005524862,0.590909091,0.642857143,0.56097561,0.0,0.0,0.0,0.181818182,0.142857143,0.170731707,0.0,0.0,0.0,0.0,0,0.075803083,0.333333333,0.045051133,0.473938235
489937,Carolina University,560594591,295600,,420 S. Broad St.,Winston-Salem,NC,27101,https://www.carolinau.edu/,185,893,4,0,11,18,634208,1150995,57655.27,63944.17,110286.9382,94108.42955,100,53,35,18,0.094339623,0.094339623,0.0,0.6,0.0,0.0,0.0,0.0,0.0,0.0,0.0,0.0,0.0,0.0,0.0,0.0,0,0.075803083,0.0,0,0.473938235
490106,Virginia University of Integrative Medicine,200683049,4239500,,1980 Gallows Road,Vienna,VA,22182-5310,www.vuim.edu/,113,403,3,0,4,2,222005,184391,55501.25,92195.5,110286.9382,94108.42955,100,16,10,6,0.0,0.0,0.6875,0.333333333,0.0,0.0,0.0,0.0,0.0,0.0,0.0,0.0,0.333333333,0.0,0.0,0.0,0,0.075803083,0.0,0,0.473938235
490805,Purdue University Northwest,356002041,182700,Purdue Northwest | PNW,2200 169th Street,Hammond,IN,46323,www.pnw.edu/,1629,8679,1,0,140,91,12566161,7779573,89758.29,85489.81,110286.9382,94108.42955,100,437,192,245,0.100686499,0.105263158,0.036613272,0.348484848,0.369047619,0.364864865,0.0,0.023809524,0.013513514,0.015151515,0.0,0.006756757,0.136363636,0.047619048,0.087837838,1.333333333,0.149627801,0.075803083,1.0,0.112220851,0.473938235
492689,Texas Tech University Health Sciences Center-El Paso,756002622,4280800,,5001 El Paso Drive,El Paso,TX,79905-2827,elpaso.ttuhsc.edu/,291,922,1,0,16,30,2342764,4241000,146422.75,141366.67,110286.9382,94108.42955,100,943,358,585,0.018027572,0.615058324,0.086956522,0.348837209,0.387096774,0.095238095,0.046511628,0.032258065,0.0,0.0,0.14516129,0.0,0.139534884,0.096774194,0.095238095,0.0,0,0.075803083,1.0,1.169590643,0.473938235
492801,Drury University-College of Continuing Professional Studies,440552049,246100,,900 North Benton Avenue,Springfield,MO,65802,www.drury.edu/go/,249,716,4,0,1,1,64887,68475,64887.0,68475.0,110286.9382,94108.42955,100,25,5,20,0.08,0.0,0.0,1.0,0.0,0.5,0.0,0.0,0.0,0.0,0.0,0.0,0.0,0.0,0.0,0.0,0,0.075803083,0.666666667,0.417972832,0.473938235
497046,Madera Community College,941574802,4296100,,30277 Avenue 12,Madera,CA,93638-8321,https://www.maderacollege.edu/,431,5825,1,1,40,43,4598033,4581378,114950.82,106543.67,110286.9382,94108.42955,100,45,25,20,0.022222222,0.511111111,0.155555556,0.0,0.0,0.476190476,0.0,0.0,0.023809524,0.0,0.0,0.095238095,0.0,0.0,0.071428571,0.0,0,0.075803083,0.0,0,0.473938235
498562,Commonwealth University of Pennsylvania,237088491,331500,,400 East Second Street,Bloomsburg,PA,17815,https://www.commonwealthu.edu/,2689,11088,1,0,254,254,26794912,24059395,105491.78,94722.03,110286.9382,94108.42955,100,679,342,337,0.029455081,0.022091311,0.005891016,0.368932039,0.520958084,0.459798995,0.0,0.023952096,0.012562814,0.014563107,0.023952096,0.01758794,0.019417476,0.017964072,0.020100503,0.666666667,0.055215063,0.075803083,7.333333333,0.607365689,0.473938235
498571,Pennsylvania Western University,251508140,331600,PennWest University,250 University Avenue,California,PA,15419,https://www.pennwest.edu/,3967,11305,1,1,242,251,25399112,23925103,104955.01,95319.14,110286.9382,94108.42955,100,705,336,369,0.046808511,0.018439716,0.005673759,0.419354839,0.563380282,0.474201474,0.013824885,0.042253521,0.027027027,0.004608295,0.014084507,0.012285012,0.032258065,0.049295775,0.034398034,0.666666667,0.052173006,0.075803083,3.333333333,0.260865028,0.473938235
133553,Embry-Riddle Aeronautical University-Daytona Beach,590936101,147900,Embry Riddle Aeronautical University-Daytona Beach,1 Aerospace Blvd.,Daytona Beach,FL,32114-3900,daytonabeach.erau.edu/,1650,11070,3,0,271,121,27786066,10497700,102531.61,86757.85,110286.9382,94108.42955,100,1283,618,665,0.053780203,0.086515978,0.038971161,0.16,0.314814815,0.243421053,0.0,0.009259259,0.006578947,0.0,0.009259259,0.006578947,0.04,0.037037037,0.052631579,0.0,0,0.075803083,0.0,0,0.473938235
151290,Indiana Institute of Technology,350845258,180500,"Indiana Tech, IIT",1600 E Washington Blvd,Fort Wayne,IN,46803-1228,www.indianatech.edu/,727,2862,3,0,30,27,2779069,2200130,92635.63,81486.3,110286.9382,94108.42955,100,283,136,147,0.049469965,0.038869258,0.021201413,0.454545455,0.391304348,0.428571429,0.0,0.0,0.0,0.0,0.043478261,0.0,0.0,0.043478261,0.035714286,0.0,0,0.075803083,0.0,0,0.473938235
160621,Southern University and A & M College,726000817,202500,Southern University Baton Rouge,"P.O. Box 9374, Harding Blvd",Baton Rouge,LA,70813,www.subr.edu/,1266,8249,1,0,151,157,10840264,9955324,71789.83,63409.71,110286.9382,94108.42955,100,701,250,451,0.937232525,0.004279601,0.018544936,0.25,0.48,0.37,0.1875,0.3,0.27,0.0,0.02,0.01,0.046875,0.08,0.05,0.0,0,0.075803083,3.666666667,0.445741146,0.473938235
167899,Springfield College,42104329,221100,,263 Alden St,Springfield,MA,01109-3797,www.springfield.edu/,875,2785,3,0,81,115,5839030,8489484,72086.79,73821.6,110286.9382,94108.42955,100,387,160,227,0.087855297,0.064599483,0.007751938,0.555555556,0.576271186,0.5625,0.0,0.016949153,0.0125,0.0,0.0,0.0,0.022222222,0.033898305,0.025,0.0,0,0.075803083,0.0,0,0.473938235
176947,Central Methodist University-College of Liberal Arts and Sciences,430654854,245300,CMU - CLAS,411 Central Methodist Square,Fayette,MO,65248-1198,www.centralmethodist.edu/,250,1017,4,0,35,43,2261863,2527931,64624.66,58789.09,110286.9382,94108.42955,100,163,72,91,0.055214724,0.0,0.012269939,0.294117647,0.652173913,0.392857143,0.0,0.0,0.0,0.0,0.0,0.0,0.058823529,0.0,0.035714286,0.0,0,0.075803083,0.333333333,0.308641975,0.473938235
210304,Warner Pacific University,930386890,322500,,2219 SE 68th Ave,Portland,OR,97215,https://www.warnerpacific.edu/,136,350,4,0,11,10,753481,713892,68498.27,71389.2,110286.9382,94108.42955,100,92,49,43,0.163043478,0.108695652,0.076086957,0.25,0.625,0.0,0.0,0.0,0.0,0.0,0.0,0.0,0.0,0.0,0.0,0.0,0,0.075803083,0.0,0,0.473938235
215798,Saint Vincent College,250964126,336800,,300 Fraser Purchase Rd,Latrobe,PA,15650-2690,https://www.stvincent.edu/,351,1442,4,0,61,35,4618575,2357810,75714.34,67366.0,110286.9382,94108.42955,100,310,135,175,0.025806452,0.003225806,0.006451613,0.24137931,0.3125,0.272727273,0.0,0.0,0.0,0.0,0.0,0.0,0.034482759,0.0,0.0,0.0,0,0.075803083,0.0,0,0.473938235
228875,Texas Christian University,750827465,363600,TCU,2800 S University Dr,Fort Worth,TX,76129,https://www.tcu.edu/,3103,12785,4,0,353,370,47373749,42244982,134203.25,114175.63,110286.9382,94108.42955,100,1666,589,1077,0.101440576,0.262905162,0.025210084,0.402777778,0.459090909,0.412921348,0.023148148,0.027272727,0.028089888,0.00462963,0.031818182,0.016853933,0.032407407,0.063636364,0.053370787,0.666666667,0.054319781,0.075803083,17.66666667,1.439474185,0.473938235
236133,Northwest University,910615846,378300,,5520 108th Ave NE,Kirkland,WA,98083-0579,www.northwestu.edu/,334,999,4,0,23,36,1698152,2436142,73832.7,67670.61,110286.9382,94108.42955,100,178,67,111,0.033707865,0.050561798,0.084269663,0.363636364,0.666666667,0.55,0.0,0.0,0.0,0.0,0.083333333,0.0,0.181818182,0.041666667,0.15,0.0,0,0.075803083,0.0,0,0.473938235
426314,Embry-Riddle Aeronautical University-Worldwide,590936101,147900,Embry Riddle Aeronautical University-Worldwide,1 Aerospace Blvd.,Daytona Beach,FL,32114-3900,worldwide.erau.edu/,3355,12268,3,0,77,50,6633456,4393919,86148.78,87878.38,110286.9382,94108.42955,100,323,88,235,0.092879257,0.089783282,0.040247678,0.285714286,0.382978723,0.472222222,0.0,0.042553191,0.055555556,0.0,0.0,0.0,0.0,0.0,0.0,0.0,0,0.075803083,0.0,0,0.473938235
445267,Central Methodist University-College of Graduate and Extended Studies,430654854,245300,CMU - CGES,411 Central Methodist Square,Fayette,MO,65248-1198,www.centralmethodist.edu/,589,3601,4,0,4,13,271810,782579,67952.5,60198.38,110286.9382,94108.42955,100,38,6,32,0.0,0.0,0.0,0.5,1.0,0.75,0.0,0.0,0.0,0.0,0.0,0.0,0.0,0.0,0.0,0.0,0,0.075803083,0.333333333,0.308641975,0.473938235
475273,"Springfield College-Regional, Online, and Continuing Education",42104329,221100,,"Springfield College - Regional, Online, and Continuing Education",Springfield,MA,01109,https://springfield.edu/regional-and-online,185,421,3,0,4,8,372606,603388,93151.5,75423.5,110286.9382,94108.42955,100,20,4,16,0.2,0.2,0.0,0.4,1.0,0.6,0.2,0.5,0.2,0.0,0.0,0.0,0.0,0.0,0.0,0.0,0,0.075803083,0.0,0,0.473938235
